사고번호,사고일시,요일,시군구,사고내용,사망자수,중상자수,경상자수,부상신고자수,사고유형,법규위반,노면상태,기상상태,도로형태,가해운전자 차종,가해운전자 성별,가해운전자 연령,가해운전자 상해정도,피해운전자 차종,피해운전자 성별,피해운전자 연령,피해운전자 상해정도
2020020800100360,2020년 2월 8일 17시,토요일,서울특별시 강북구 미아동,경상사고,0,0,1,0,차대사람 - 보도통행중,안전운전불이행,건조,맑음,교차로 - 교차로안,승합,남,57세,상해없음,보행자,여,72세,경상
2020020800100388,2020년 2월 8일 18시,토요일,서울특별시 관악구 봉천동,중상사고,0,1,0,0,차대사람 - 횡단중,보행자보호의무위반,건조,맑음,단일로 - 기타,화물,남,58세,상해없음,보행자,남,78세,중상
2020020800100471,2020년 2월 8일 20시,토요일,서울특별시 동대문구 전농동,경상사고,0,0,1,0,차대사람 - 기타,신호위반,건조,맑음,교차로 - 교차로안,이륜,남,66세,상해없음,보행자,남,65세,경상
2020020900100276,2020년 2월 9일 17시,일요일,서울특별시 노원구 중계동,중상사고,0,1,0,0,차대사람 - 횡단중,신호위반,건조,맑음,교차로 - 교차로횡단보도내,이륜,남,51세,상해없음,보행자,여,68세,중상
2020020900100370,2020년 2월 9일 20시,일요일,서울특별시 중구 을지로2가,중상사고,0,1,0,0,차대사람 - 횡단중,보행자보호의무위반,건조,맑음,단일로 - 기타,승용,남,55세,상해없음,보행자,남,85세,중상
2020021000100188,2020년 2월 10일 10시,월요일,서울특별시 중구 신당동,중상사고,0,1,0,0,차대사람 - 차도통행중,안전운전불이행,건조,맑음,교차로 - 교차로안,승용,남,56세,상해없음,보행자,남,70세,중상
2020021000100262,2020년 2월 10일 12시,월요일,서울특별시 중구 필동2가,중상사고,0,1,0,0,차대사람 - 길가장자리구역통행중,신호위반,건조,맑음,단일로 - 기타,원동기,남,44세,상해없음,보행자,남,75세,중상
2020021000100345,2020년 2월 10일 15시,월요일,서울특별시 금천구 독산동,경상사고,0,0,1,0,차대사람 - 기타,안전운전불이행,건조,맑음,단일로 - 기타,승용,남,35세,상해없음,보행자,남,80세,경상
2020021100100061,2020년 2월 11일 06시,화요일,서울특별시 서대문구 홍제동,중상사고,0,1,0,0,차대사람 - 횡단중,보행자보호의무위반,건조,흐림,교차로 - 교차로안,승용,남,48세,상해없음,보행자,여,71세,중상
2020021100100160,2020년 2월 11일 10시,화요일,서울특별시 강북구 미아동,중상사고,0,1,0,0,차대사람 - 기타,보행자보호의무위반,건조,맑음,단일로 - 기타,승용,여,37세,상해없음,보행자,남,73세,중상
2020021100100191,2020년 2월 11일 11시,화요일,서울특별시 성동구 옥수동,경상사고,0,0,1,0,차대사람 - 횡단중,안전운전불이행,건조,맑음,단일로 - 기타,기타불명,기타불명,미분류,기타불명,보행자,남,68세,경상
2020021100100286,2020년 2월 11일 14시,화요일,서울특별시 영등포구 신길동,중상사고,0,1,0,0,차대사람 - 횡단중,신호위반,건조,맑음,교차로 - 교차로안,화물,남,22세,상해없음,보행자,남,71세,중상
2020021100100362,2020년 2월 11일 16시,화요일,서울특별시 용산구 보광동,중상사고,0,1,0,0,차대사람 - 횡단중,안전운전불이행,건조,맑음,단일로 - 기타,승용,남,40세,상해없음,보행자,남,77세,중상
2020021100100527,2020년 2월 11일 20시,화요일,서울특별시 도봉구 창동,부상신고사고,0,0,0,1,차대사람 - 횡단중,안전운전불이행,건조,맑음,교차로 - 교차로안,기타불명,기타불명,미분류,기타불명,보행자,남,69세,부상신고
2020021100100528,2020년 2월 11일 20시,화요일,서울특별시 은평구 진관동,중상사고,0,1,0,0,차대사람 - 횡단중,안전운전불이행,건조,맑음,단일로 - 기타,승용,남,59세,상해없음,보행자,여,80세,중상
2020021200100111,2020년 2월 12일 08시,수요일,서울특별시 강동구 상일동,중상사고,0,1,0,0,차대사람 - 기타,안전운전불이행,건조,맑음,교차로 - 교차로안,승합,남,52세,상해없음,보행자,여,78세,중상
2020021200100233,2020년 2월 12일 12시,수요일,서울특별시 강동구 상일동,경상사고,0,0,1,0,차대사람 - 기타,기타,건조,맑음,단일로 - 기타,승합,남,61세,상해없음,보행자,여,77세,경상
2020021200100419,2020년 2월 12일 18시,수요일,서울특별시 강남구 대치동,중상사고,0,1,0,0,차대사람 - 횡단중,안전운전불이행,젖음/습기,흐림,교차로 - 교차로부근,승용,남,58세,상해없음,보행자,여,70세,중상
2020021300100024,2020년 2월 13일 02시,목요일,서울특별시 동대문구 답십리동,경상사고,0,0,1,0,차대사람 - 횡단중,보행자보호의무위반,건조,맑음,기타 - 기타,승용,남,52세,상해없음,보행자,남,65세,경상
2020021300100178,2020년 2월 13일 11시,목요일,서울특별시 중랑구 면목동,경상사고,0,0,1,0,차대사람 - 횡단중,신호위반,건조,맑음,교차로 - 교차로안,이륜,남,74세,상해없음,보행자,남,68세,경상
2020021300100269,2020년 2월 13일 14시,목요일,서울특별시 강남구 역삼동,중상사고,0,1,0,0,차대사람 - 기타,안전운전불이행,건조,맑음,단일로 - 기타,승용,남,28세,상해없음,보행자,여,72세,중상
2020021300100295,2020년 2월 13일 15시,목요일,서울특별시 강북구 수유동,중상사고,0,1,0,0,차대사람 - 기타,안전운전불이행,건조,맑음,교차로 - 교차로부근,화물,남,52세,상해없음,보행자,여,82세,중상
2020021300100298,2020년 2월 13일 15시,목요일,서울특별시 구로구 궁동,중상사고,0,1,0,0,차대사람 - 기타,기타,건조,맑음,단일로 - 기타,승합,남,49세,상해없음,보행자,여,80세,중상
2020021300100417,2020년 2월 13일 18시,목요일,서울특별시 송파구 석촌동,부상신고사고,0,0,0,1,차대사람 - 횡단중,안전운전불이행,건조,맑음,단일로 - 기타,이륜,남,62세,상해없음,보행자,여,73세,부상신고
2020021400100037,2020년 2월 14일 04시,금요일,서울특별시 영등포구 영등포동4가,경상사고,0,0,1,0,차대사람 - 횡단중,안전운전불이행,건조,맑음,단일로 - 기타,승용,남,65세,상해없음,보행자,남,66세,경상
2020021400100075,2020년 2월 14일 07시,금요일,서울특별시 중랑구 면목동,중상사고,0,1,0,0,차대사람 - 기타,안전운전불이행,건조,맑음,단일로 - 기타,승용,여,63세,상해없음,보행자,남,65세,중상
2020021400100170,2020년 2월 14일 10시,금요일,서울특별시 성북구 하월곡동,중상사고,0,1,0,0,차대사람 - 기타,안전운전불이행,건조,맑음,교차로 - 교차로횡단보도내,승용,여,36세,상해없음,보행자,남,77세,중상
2020021400100186,2020년 2월 14일 11시,금요일,서울특별시 마포구 동교동,경상사고,0,0,1,0,차대사람 - 기타,교차로운행방법위반,건조,맑음,교차로 - 교차로안,승용,남,28세,상해없음,보행자,여,72세,경상
2020021400100245,2020년 2월 14일 13시,금요일,서울특별시 관악구 신림동,경상사고,0,0,1,0,차대사람 - 기타,안전운전불이행,건조,맑음,단일로 - 기타,승합,남,55세,상해없음,보행자,여,70세,경상
2020021400100328,2020년 2월 14일 15시,금요일,서울특별시 노원구 중계동,중상사고,0,1,0,0,차대사람 - 횡단중,안전운전불이행,건조,맑음,단일로 - 기타,승용,남,71세,상해없음,보행자,여,74세,중상
2020021500100143,2020년 2월 15일 10시,토요일,서울특별시 성동구 금호동4가,경상사고,0,0,1,0,차대사람 - 횡단중,안전운전불이행,건조,맑음,단일로 - 기타,승합,남,57세,상해없음,보행자,여,77세,경상
2020021500100200,2020년 2월 15일 12시,토요일,서울특별시 서대문구 홍제동,경상사고,0,0,1,0,차대사람 - 차도통행중,안전운전불이행,건조,맑음,단일로 - 기타,승용,여,53세,상해없음,보행자,남,65세,경상
2020021500100270,2020년 2월 15일 14시,토요일,서울특별시 동대문구 제기동,경상사고,0,0,1,0,차대사람 - 기타,기타,건조,맑음,단일로 - 기타,승용,남,36세,상해없음,보행자,여,71세,경상
2020021500100304,2020년 2월 15일 15시,토요일,서울특별시 강서구 화곡동,중상사고,0,1,0,0,차대사람 - 기타,안전운전불이행,건조,맑음,교차로 - 교차로부근,승용,남,58세,상해없음,보행자,여,77세,중상
2020021500100305,2020년 2월 15일 15시,토요일,서울특별시 구로구 구로동,중상사고,0,1,1,1,차대사람 - 기타,안전운전불이행,건조,맑음,단일로 - 기타,승용,남,78세,상해없음,보행자,남,75세,중상
2020021500100365,2020년 2월 15일 17시,토요일,서울특별시 서초구 서초동,경상사고,0,0,1,0,차대사람 - 기타,안전운전불이행,건조,맑음,교차로 - 교차로안,화물,남,51세,상해없음,보행자,남,67세,경상
2020021500100447,2020년 2월 15일 19시,토요일,서울특별시 동대문구 청량리동,부상신고사고,0,0,0,1,차대사람 - 차도통행중,안전운전불이행,젖음/습기,흐림,단일로 - 기타,승합,남,59세,기타불명,보행자,남,74세,부상신고
2020021500100593,2020년 2월 15일 23시,토요일,서울특별시 관악구 신림동,중상사고,0,1,0,0,차대사람 - 횡단중,안전운전불이행,젖음/습기,비,단일로 - 기타,승용,남,39세,상해없음,보행자,남,75세,중상
2020021600100118,2020년 2월 16일 06시,일요일,서울특별시 강동구 성내동,경상사고,0,0,1,0,차대사람 - 보도통행중,신호위반,젖음/습기,비,교차로 - 교차로횡단보도내,승용,남,36세,상해없음,보행자,남,79세,경상
2020021600100127,2020년 2월 16일 07시,일요일,서울특별시 성북구 하월곡동,중상사고,0,1,0,0,차대사람 - 횡단중,안전운전불이행,젖음/습기,비,교차로 - 교차로부근,승용,남,62세,상해없음,보행자,여,77세,중상
2020021600100159,2020년 2월 16일 10시,일요일,서울특별시 종로구 세종로,중상사고,0,1,0,0,차대사람 - 차도통행중,안전운전불이행,젖음/습기,눈,단일로 - 기타,승용,남,29세,상해없음,보행자,여,70세,중상
2020021600100298,2020년 2월 16일 16시,일요일,서울특별시 성북구 석관동,중상사고,0,2,0,0,차대사람 - 횡단중,신호위반,건조,맑음,단일로 - 기타,원동기,남,45세,중상,보행자,남,66세,중상
2020021600100391,2020년 2월 16일 19시,일요일,서울특별시 성북구 성북동,경상사고,0,0,1,0,차대사람 - 보도통행중,기타,건조,맑음,기타 - 기타,승용,남,50세,상해없음,보행자,여,65세,경상
2020021700100122,2020년 2월 17일 09시,월요일,서울특별시 서초구 반포동,경상사고,0,0,1,0,차대사람 - 차도통행중,안전운전불이행,젖음/습기,눈,교차로 - 교차로부근,승용,여,36세,상해없음,보행자,남,77세,경상
2020021700100124,2020년 2월 17일 09시,월요일,서울특별시 강남구 대치동,부상신고사고,0,0,0,1,차대사람 - 기타,기타,건조,맑음,단일로 - 기타,기타불명,기타불명,미분류,기타불명,보행자,남,69세,부상신고
2020021700100256,2020년 2월 17일 13시,월요일,서울특별시 종로구 관수동,부상신고사고,0,0,0,1,차대사람 - 차도통행중,안전운전불이행,건조,맑음,단일로 - 지하차도(도로)내,승용,남,29세,상해없음,보행자,남,85세,부상신고
2020021700100313,2020년 2월 17일 14시,월요일,서울특별시 노원구 상계동,경상사고,0,0,1,0,차대사람 - 횡단중,보행자보호의무위반,건조,맑음,교차로 - 교차로안,승용,여,64세,상해없음,보행자,남,78세,경상
2020021700100391,2020년 2월 17일 16시,월요일,서울특별시 동대문구 휘경동,경상사고,0,0,1,0,차대사람 - 기타,보행자보호의무위반,건조,맑음,기타 - 기타,승합,남,75세,상해없음,보행자,여,65세,경상
2020021700100466,2020년 2월 17일 18시,월요일,서울특별시 노원구 상계동,경상사고,0,0,1,0,차대사람 - 보도통행중,기타,건조,맑음,단일로 - 기타,자전거,여,34세,상해없음,보행자,남,65세,경상
2020021700100651,2020년 2월 17일 22시,월요일,서울특별시 금천구 시흥동,중상사고,0,1,0,0,차대사람 - 기타,신호위반,건조,맑음,교차로 - 교차로횡단보도내,승합,남,62세,상해없음,보행자,여,69세,중상
2020021800100143,2020년 2월 18일 09시,화요일,서울특별시 도봉구 쌍문동,경상사고,0,0,1,0,차대사람 - 횡단중,안전운전불이행,건조,맑음,교차로 - 교차로안,승합,남,72세,상해없음,보행자,남,81세,경상
2020021800100177,2020년 2월 18일 10시,화요일,서울특별시 종로구 당주동,중상사고,0,1,0,0,차대사람 - 횡단중,보행자보호의무위반,건조,맑음,교차로 - 교차로횡단보도내,승용,남,36세,상해없음,보행자,여,69세,중상
2020021800100314,2020년 2월 18일 14시,화요일,서울특별시 용산구 후암동,경상사고,0,0,2,0,차대사람 - 차도통행중,안전운전불이행,건조,맑음,교차로 - 교차로안,승용,남,30세,상해없음,보행자,여,75세,경상
2020021800100368,2020년 2월 18일 15시,화요일,서울특별시 강남구 역삼동,중상사고,0,1,0,0,차대사람 - 길가장자리구역통행중,안전운전불이행,건조,맑음,교차로 - 교차로부근,승용,남,38세,상해없음,보행자,여,77세,중상
2020021800100401,2020년 2월 18일 16시,화요일,서울특별시 관악구 봉천동,중상사고,0,1,0,0,차대사람 - 횡단중,보행자보호의무위반,건조,맑음,단일로 - 기타,승용,남,54세,상해없음,보행자,여,76세,중상
2020021800100406,2020년 2월 18일 16시,화요일,서울특별시 도봉구 창동,중상사고,0,1,0,0,차대사람 - 횡단중,안전운전불이행,건조,맑음,주차장 - 주차장,승용,여,46세,상해없음,보행자,여,82세,중상
2020021800100512,2020년 2월 18일 18시,화요일,서울특별시 동대문구 전농동,중상사고,0,1,0,0,차대사람 - 횡단중,신호위반,건조,기타,단일로 - 기타,자전거,남,24세,기타불명,보행자,여,68세,중상
2020021800100519,2020년 2월 18일 18시,화요일,서울특별시 구로구 온수동,중상사고,0,1,0,0,차대사람 - 기타,안전운전불이행,건조,맑음,단일로 - 기타,승용,남,52세,상해없음,보행자,여,78세,중상
2020021800100652,2020년 2월 18일 20시,화요일,서울특별시 도봉구 방학동,경상사고,0,0,1,1,차대사람 - 횡단중,신호위반,젖음/습기,맑음,단일로 - 기타,이륜,남,17세,부상신고,보행자,여,71세,경상
2020021900100061,2020년 2월 19일 06시,수요일,서울특별시 중랑구 면목동,부상신고사고,0,0,0,1,차대사람 - 횡단중,보행자보호의무위반,건조,맑음,교차로 - 교차로안,승용,남,60세,상해없음,보행자,남,65세,부상신고
2020021900100164,2020년 2월 19일 10시,수요일,서울특별시 종로구 종로2가,중상사고,0,1,0,0,차대사람 - 횡단중,안전운전불이행,건조,맑음,단일로 - 기타,승합,남,61세,상해없음,보행자,남,82세,중상
2020021900100165,2020년 2월 19일 10시,수요일,서울특별시 영등포구 양평동1가,중상사고,0,1,2,0,차대사람 - 기타,안전운전불이행,건조,맑음,교차로 - 교차로부근,이륜,남,19세,상해없음,보행자,남,50세,중상
2020021900100202,2020년 2월 19일 11시,수요일,서울특별시 송파구 가락동,중상사고,0,1,0,0,차대사람 - 기타,안전운전불이행,건조,맑음,교차로 - 교차로횡단보도내,이륜,기타불명,미분류,기타불명,보행자,여,82세,중상
2020021900100270,2020년 2월 19일 13시,수요일,서울특별시 중구 필동2가,중상사고,0,1,0,0,차대사람 - 기타,안전운전불이행,건조,맑음,단일로 - 기타,화물,남,56세,상해없음,보행자,여,86세,중상
2020021900100547,2020년 2월 19일 19시,수요일,서울특별시 관악구 신림동,경상사고,0,0,1,0,차대사람 - 횡단중,보행자보호의무위반,건조,맑음,교차로 - 교차로횡단보도내,승합,여,34세,상해없음,보행자,여,66세,경상
2020021900100549,2020년 2월 19일 19시,수요일,서울특별시 양천구 신정동,중상사고,0,1,0,0,차대사람 - 기타,안전운전불이행,건조,맑음,단일로 - 기타,승용,남,48세,기타불명,보행자,여,76세,중상
2020022000100178,2020년 2월 20일 10시,목요일,서울특별시 성북구 장위동,중상사고,0,1,0,0,차대사람 - 횡단중,안전운전불이행,건조,맑음,교차로 - 교차로안,이륜,남,27세,상해없음,보행자,남,87세,중상
2020022000100181,2020년 2월 20일 10시,목요일,서울특별시 서초구 방배동,경상사고,0,0,1,0,차대사람 - 길가장자리구역통행중,안전운전불이행,건조,맑음,단일로 - 기타,승용,남,62세,상해없음,보행자,여,69세,경상
2020022000100244,2020년 2월 20일 12시,목요일,서울특별시 송파구 거여동,중상사고,0,1,0,0,차대사람 - 기타,안전운전불이행,건조,맑음,단일로 - 기타,승용,남,64세,상해없음,보행자,여,75세,중상
2020022000100315,2020년 2월 20일 14시,목요일,서울특별시 은평구 응암동,중상사고,0,1,0,0,차대사람 - 기타,안전운전불이행,건조,맑음,교차로 - 교차로안,승용,남,60세,상해없음,보행자,여,74세,중상
2020022000100395,2020년 2월 20일 16시,목요일,서울특별시 동작구 상도동,경상사고,0,0,1,0,차대사람 - 기타,안전운전불이행,건조,맑음,교차로 - 교차로안,승합,남,51세,상해없음,보행자,여,75세,경상
2020022000100542,2020년 2월 20일 19시,목요일,서울특별시 중랑구 묵동,중상사고,0,1,0,0,차대사람 - 기타,중앙선침범,건조,맑음,교차로 - 교차로부근,이륜,남,40세,상해없음,보행자,여,69세,중상
2020022000100591,2020년 2월 20일 20시,목요일,서울특별시 서초구 반포동,중상사고,0,1,0,0,차대사람 - 횡단중,보행자보호의무위반,건조,맑음,단일로 - 기타,승용,남,31세,상해없음,보행자,여,82세,중상
2020022000100628,2020년 2월 20일 21시,목요일,서울특별시 중랑구 망우동,경상사고,0,0,1,0,차대사람 - 기타,안전운전불이행,건조,맑음,단일로 - 기타,승합,남,35세,상해없음,보행자,남,66세,경상
2020022100100033,2020년 2월 21일 02시,금요일,서울특별시 송파구 가락동,부상신고사고,0,0,0,1,차대사람 - 차도통행중,안전운전불이행,건조,맑음,단일로 - 기타,승용,남,50세,상해없음,보행자,여,78세,부상신고
2020022100100078,2020년 2월 21일 06시,금요일,서울특별시 중랑구 묵동,중상사고,0,1,0,0,차대사람 - 횡단중,보행자보호의무위반,건조,맑음,교차로 - 교차로횡단보도내,승용,남,42세,상해없음,보행자,남,67세,중상
2020022100100249,2020년 2월 21일 12시,금요일,서울특별시 중랑구 면목동,경상사고,0,0,1,0,차대사람 - 기타,안전운전불이행,건조,맑음,교차로 - 교차로안,화물,남,65세,상해없음,보행자,여,65세,경상
2020022100100412,2020년 2월 21일 17시,금요일,서울특별시 동대문구 용두동,중상사고,0,1,0,0,차대사람 - 횡단중,안전운전불이행,건조,맑음,단일로 - 기타,승합,남,39세,상해없음,보행자,여,80세,중상
2020022100100449,2020년 2월 21일 18시,금요일,서울특별시 도봉구 쌍문동,중상사고,0,1,0,0,차대사람 - 횡단중,안전운전불이행,젖음/습기,맑음,교차로 - 교차로횡단보도내,승용,남,39세,상해없음,보행자,여,74세,중상
2020022100100634,2020년 2월 21일 22시,금요일,서울특별시 서초구 양재동,중상사고,0,1,1,0,차대사람 - 횡단중,안전운전불이행,건조,맑음,단일로 - 기타,승합,남,63세,상해없음,보행자,남,41세,중상
2020022200100001,2020년 2월 22일 00시,토요일,서울특별시 은평구 응암동,경상사고,0,0,1,0,차대사람 - 차도통행중,안전운전불이행,젖음/습기,비,단일로 - 기타,승용,남,61세,상해없음,보행자,여,72세,경상
2020022200100149,2020년 2월 22일 10시,토요일,서울특별시 강동구 암사동,경상사고,0,0,1,0,차대사람 - 기타,안전운전불이행,건조,맑음,단일로 - 기타,화물,남,46세,상해없음,보행자,남,69세,경상
2020022200100261,2020년 2월 22일 14시,토요일,서울특별시 강북구 미아동,중상사고,0,1,0,0,차대사람 - 기타,안전운전불이행,건조,맑음,단일로 - 기타,승용,남,71세,상해없음,보행자,여,67세,중상
2020022200100343,2020년 2월 22일 17시,토요일,서울특별시 강서구 화곡동,중상사고,0,1,0,0,차대사람 - 기타,안전운전불이행,건조,맑음,기타 - 기타,승용,남,52세,상해없음,보행자,남,71세,중상
2020022300100037,2020년 2월 23일 05시,일요일,서울특별시 중구 남산동2가,경상사고,0,0,1,0,차대사람 - 기타,안전운전불이행,건조,기타,기타 - 기타,승합,남,44세,기타불명,보행자,남,68세,경상
2020022300100068,2020년 2월 23일 09시,일요일,서울특별시 종로구 창신동,중상사고,0,1,0,0,차대사람 - 횡단중,안전운전불이행,건조,맑음,단일로 - 기타,승합,남,51세,상해없음,보행자,여,71세,중상
2020022300100119,2020년 2월 23일 12시,일요일,서울특별시 노원구 상계동,경상사고,0,0,1,0,차대사람 - 횡단중,안전운전불이행,건조,맑음,단일로 - 고가도로위,승용,여,66세,상해없음,보행자,여,73세,경상
2020022300100337,2020년 2월 23일 22시,일요일,서울특별시 강북구 미아동,중상사고,0,1,0,0,차대사람 - 기타,안전운전불이행,건조,맑음,교차로 - 교차로안,화물,남,55세,상해없음,보행자,남,68세,중상
2020022400100036,2020년 2월 24일 06시,월요일,서울특별시 성북구 하월곡동,중상사고,0,1,0,0,차대사람 - 횡단중,안전운전불이행,건조,맑음,단일로 - 기타,승용,남,56세,상해없음,보행자,남,83세,중상
2020022400100084,2020년 2월 24일 08시,월요일,서울특별시 노원구 상계동,중상사고,0,1,0,0,차대사람 - 횡단중,보행자보호의무위반,건조,맑음,교차로 - 교차로횡단보도내,승용,여,56세,상해없음,보행자,여,67세,중상
2020022400100225,2020년 2월 24일 13시,월요일,서울특별시 성북구 동소문동1가,경상사고,0,0,1,0,차대사람 - 횡단중,안전운전불이행,건조,맑음,기타 - 기타,기타불명,기타불명,미분류,기타불명,보행자,여,79세,경상
2020022400100228,2020년 2월 24일 13시,월요일,서울특별시 성북구 종암동,중상사고,0,1,0,0,차대사람 - 차도통행중,안전운전불이행,건조,맑음,단일로 - 기타,승용,남,51세,상해없음,보행자,여,77세,중상
2020022400100290,2020년 2월 24일 15시,월요일,서울특별시 중랑구 면목동,경상사고,0,0,1,0,차대사람 - 기타,안전운전불이행,건조,맑음,기타 - 기타,승합,남,53세,상해없음,보행자,여,70세,경상
2020022400100371,2020년 2월 24일 18시,월요일,서울특별시 강동구 성내동,중상사고,0,1,0,0,차대사람 - 보도통행중,기타,건조,맑음,교차로 - 교차로부근,자전거,여,39세,상해없음,보행자,여,69세,중상
2020022400100404,2020년 2월 24일 19시,월요일,서울특별시 영등포구 신길동,중상사고,0,1,0,0,차대사람 - 기타,안전운전불이행,건조,맑음,단일로 - 기타,승용,여,23세,상해없음,보행자,남,78세,중상
2020022400100445,2020년 2월 24일 20시,월요일,서울특별시 동대문구 전농동,경상사고,0,0,1,0,차대사람 - 길가장자리구역통행중,안전운전불이행,건조,맑음,교차로 - 교차로안,승용,남,61세,상해없음,보행자,남,69세,경상
2020022400100446,2020년 2월 24일 20시,월요일,서울특별시 동대문구 휘경동,중상사고,0,1,0,0,차대사람 - 횡단중,안전운전불이행,건조,맑음,단일로 - 기타,승용,남,52세,상해없음,보행자,남,79세,중상
2020022500100055,2020년 2월 25일 06시,화요일,서울특별시 성북구 정릉동,중상사고,0,1,0,0,차대사람 - 횡단중,신호위반,젖음/습기,비,교차로 - 교차로횡단보도내,승용,남,70세,상해없음,보행자,여,69세,중상
2020022500100236,2020년 2월 25일 14시,화요일,서울특별시 서대문구 홍제동,사망사고,1,0,0,0,차대사람 - 기타,안전운전불이행,젖음/습기,흐림,단일로 - 기타,자전거,남,80세,상해없음,보행자,여,71세,사망
2020022500100333,2020년 2월 25일 18시,화요일,서울특별시 양천구 신정동,중상사고,0,1,0,0,차대사람 - 기타,안전운전불이행,건조,맑음,교차로 - 교차로안,승용,남,40세,상해없음,보행자,여,69세,중상
2020022600100042,2020년 2월 26일 06시,수요일,서울특별시 서초구 반포동,경상사고,0,0,1,0,차대사람 - 기타,안전운전불이행,건조,맑음,단일로 - 기타,승용,남,37세,상해없음,보행자,여,65세,경상
2020022600100080,2020년 2월 26일 08시,수요일,서울특별시 구로구 오류동,경상사고,0,0,1,0,차대사람 - 기타,안전운전불이행,건조,맑음,단일로 - 기타,이륜,남,43세,상해없음,보행자,여,78세,경상
2020022600100247,2020년 2월 26일 15시,수요일,서울특별시 성북구 동소문동6가,경상사고,0,0,1,0,차대사람 - 기타,안전운전불이행,건조,맑음,단일로 - 기타,승용,남,77세,상해없음,보행자,남,66세,경상
2020022600100427,2020년 2월 26일 21시,수요일,서울특별시 성북구 동선동3가,중상사고,0,1,0,0,차대사람 - 횡단중,보행자보호의무위반,건조,맑음,단일로 - 기타,이륜,남,44세,상해없음,보행자,여,66세,중상
2020022800100064,2020년 2월 28일 08시,금요일,서울특별시 종로구 명륜2가,중상사고,0,1,0,0,차대사람 - 횡단중,보행자보호의무위반,건조,맑음,단일로 - 기타,승용,남,65세,상해없음,보행자,남,80세,중상
2020022800100127,2020년 2월 28일 11시,금요일,서울특별시 관악구 신림동,중상사고,0,1,0,0,차대사람 - 횡단중,안전운전불이행,건조,맑음,단일로 - 기타,건설기계,남,57세,상해없음,보행자,남,85세,중상
2020022800100216,2020년 2월 28일 15시,금요일,서울특별시 서대문구 홍제동,중상사고,0,1,0,0,차대사람 - 차도통행중,안전운전불이행,건조,맑음,단일로 - 기타,승용,여,31세,상해없음,보행자,여,77세,중상
2020022800100219,2020년 2월 28일 15시,금요일,서울특별시 강동구 길동,경상사고,0,0,1,0,차대사람 - 기타,안전운전불이행,건조,맑음,단일로 - 기타,승합,남,35세,상해없음,보행자,남,74세,경상
2020022800100332,2020년 2월 28일 19시,금요일,서울특별시 강남구 압구정동,중상사고,0,1,0,0,차대사람 - 횡단중,보행자보호의무위반,건조,맑음,교차로 - 교차로안,승용,남,58세,상해없음,보행자,여,65세,중상
2020022800100454,2020년 2월 28일 23시,금요일,서울특별시 관악구 신림동,사망사고,1,1,0,0,차대사람 - 횡단중,안전운전불이행,젖음/습기,비,단일로 - 기타,승용,여,33세,상해없음,보행자,여,65세,사망
2020022900100056,2020년 2월 29일 04시,토요일,서울특별시 광진구 중곡동,중상사고,0,1,0,0,차대사람 - 기타,신호위반,젖음/습기,비,기타 - 기타,승용,남,40세,상해없음,보행자,남,68세,중상
2020022900100070,2020년 2월 29일 06시,토요일,서울특별시 서대문구 홍은동,중상사고,0,1,0,0,차대사람 - 차도통행중,안전운전불이행,건조,맑음,단일로 - 기타,승용,여,53세,상해없음,보행자,여,87세,중상
2020022900100193,2020년 2월 29일 14시,토요일,서울특별시 강동구 암사동,중상사고,0,1,0,0,차대사람 - 횡단중,안전운전불이행,건조,맑음,교차로 - 교차로안,승용,남,35세,상해없음,보행자,여,93세,중상
2020022900100242,2020년 2월 29일 16시,토요일,서울특별시 강북구 미아동,경상사고,0,0,1,0,차대사람 - 기타,안전운전불이행,건조,맑음,단일로 - 기타,승용,여,38세,상해없음,보행자,남,66세,경상
2020022900100243,2020년 2월 29일 16시,토요일,서울특별시 동대문구 제기동,경상사고,0,0,1,0,차대사람 - 횡단중,보행자보호의무위반,건조,맑음,단일로 - 기타,승용,남,28세,상해없음,보행자,남,77세,경상
2020022900100287,2020년 2월 29일 18시,토요일,서울특별시 마포구 대흥동,중상사고,0,1,0,0,차대사람 - 횡단중,신호위반,건조,맑음,교차로 - 교차로부근,승용,남,79세,상해없음,보행자,여,78세,중상
2020030100100032,2020년 3월 1일 03시,일요일,서울특별시 강서구 가양동,경상사고,0,0,1,0,차대사람 - 기타,기타,건조,맑음,교차로 - 교차로횡단보도내,승용,남,65세,상해없음,보행자,남,69세,경상
2020030100100105,2020년 3월 1일 13시,일요일,서울특별시 중구 남대문로4가,중상사고,0,1,0,0,차대사람 - 보도통행중,보행자보호의무위반,건조,흐림,단일로 - 기타,승용,남,37세,상해없음,보행자,남,82세,중상
2020030200100023,2020년 3월 2일 04시,월요일,서울특별시 성북구 하월곡동,중상사고,0,1,0,0,차대사람 - 기타,안전운전불이행,건조,흐림,단일로 - 기타,승용,남,63세,상해없음,보행자,여,66세,중상
2020030200100142,2020년 3월 2일 11시,월요일,서울특별시 중구 신당동,부상신고사고,0,0,0,1,차대사람 - 기타,안전운전불이행,건조,맑음,교차로 - 교차로횡단보도내,승합,남,56세,상해없음,보행자,남,73세,부상신고