사고번호,사고일시,요일,시군구,사고내용,사망자수,중상자수,경상자수,부상신고자수,사고유형,법규위반,노면상태,기상상태,도로형태,가해운전자 차종,가해운전자 성별,가해운전자 연령,가해운전자 상해정도,피해운전자 차종,피해운전자 성별,피해운전자 연령,피해운전자 상해정도
2020050400100425,2020년 5월 4일 17시,월요일,서울특별시 성북구 석관동,경상사고,0,0,1,0,차대사람 - 기타,안전운전불이행,건조,맑음,단일로 - 기타,승용,여,64세,상해없음,보행자,남,73세,경상
2020050400100426,2020년 5월 4일 17시,월요일,서울특별시 양천구 신월동,경상사고,0,0,1,0,차대사람 - 기타,안전운전불이행,건조,맑음,기타 - 기타,자전거,남,11세,상해없음,보행자,남,81세,경상
2020050400100427,2020년 5월 4일 17시,월요일,서울특별시 도봉구 도봉동,경상사고,0,0,1,0,차대사람 - 횡단중,안전운전불이행,건조,맑음,단일로 - 기타,화물,남,36세,상해없음,보행자,여,67세,경상
2020050400100428,2020년 5월 4일 17시,월요일,서울특별시 서초구 반포동,경상사고,0,0,1,0,차대사람 - 기타,안전운전불이행,건조,맑음,기타 - 기타,자전거,여,46세,상해없음,보행자,여,66세,경상
2020050500100167,2020년 5월 5일 13시,화요일,서울특별시 양천구 신월동,중상사고,0,1,0,0,차대사람 - 기타,안전운전불이행,건조,흐림,교차로 - 교차로안,화물,남,52세,상해없음,보행자,여,72세,중상
2020050500100417,2020년 5월 5일 22시,화요일,서울특별시 강북구 번동,경상사고,0,0,1,0,차대사람 - 횡단중,보행자보호의무위반,건조,맑음,교차로 - 교차로부근,승용,남,55세,상해없음,보행자,여,70세,경상
2020050600100034,2020년 5월 6일 06시,수요일,서울특별시 중구 신당동,경상사고,0,0,1,1,차대사람 - 횡단중,보행자보호의무위반,건조,맑음,단일로 - 기타,개인형이동수단(PM),여,27세,부상신고,보행자,남,68세,경상
2020050600100142,2020년 5월 6일 10시,수요일,서울특별시 종로구 숭인동,부상신고사고,0,0,0,1,차대사람 - 기타,기타,건조,맑음,기타 - 기타,화물,남,42세,상해없음,보행자,남,71세,부상신고
2020050600100257,2020년 5월 6일 13시,수요일,서울특별시 성북구 길음동,경상사고,0,0,1,0,차대사람 - 기타,안전운전불이행,건조,맑음,기타 - 기타,승용,남,58세,상해없음,보행자,남,75세,경상
2020050600100294,2020년 5월 6일 14시,수요일,서울특별시 광진구 중곡동,중상사고,0,1,0,0,차대사람 - 기타,안전운전불이행,건조,맑음,교차로 - 교차로안,화물,남,48세,상해없음,보행자,여,78세,중상
2020050600100431,2020년 5월 6일 17시,수요일,서울특별시 중구 장충동2가,중상사고,0,1,0,0,차대사람 - 횡단중,안전운전불이행,건조,맑음,교차로 - 교차로부근,화물,남,63세,상해없음,보행자,여,67세,중상
2020050600100499,2020년 5월 6일 18시,수요일,서울특별시 양천구 신정동,경상사고,0,0,1,0,차대사람 - 기타,안전운전불이행,건조,맑음,교차로 - 교차로안,승용,남,45세,상해없음,보행자,여,73세,경상
2020050600100584,2020년 5월 6일 20시,수요일,서울특별시 강서구 염창동,사망사고,1,0,0,0,차대사람 - 차도통행중,안전운전불이행,건조,맑음,교차로 - 교차로부근,승합,남,47세,상해없음,보행자,남,68세,사망
2020050700100073,2020년 5월 7일 07시,목요일,서울특별시 중랑구 상봉동,중상사고,0,1,0,0,차대사람 - 횡단중,보행자보호의무위반,건조,맑음,교차로 - 교차로횡단보도내,화물,남,43세,상해없음,보행자,여,69세,중상
2020050700100106,2020년 5월 7일 08시,목요일,서울특별시 송파구 풍납동,중상사고,0,1,0,0,차대사람 - 횡단중,보행자보호의무위반,건조,맑음,단일로 - 기타,승용,남,30세,상해없음,보행자,남,68세,중상
2020050700100148,2020년 5월 7일 09시,목요일,서울특별시 영등포구 문래동3가,경상사고,0,0,1,0,차대사람 - 기타,보행자보호의무위반,건조,맑음,단일로 - 기타,승용,남,60세,상해없음,보행자,남,65세,경상
2020050700100303,2020년 5월 7일 13시,목요일,서울특별시 동대문구 제기동,경상사고,0,0,1,0,차대사람 - 차도통행중,안전운전불이행,건조,맑음,단일로 - 기타,승용,여,53세,상해없음,보행자,여,68세,경상
2020050700100338,2020년 5월 7일 14시,목요일,서울특별시 중랑구 중화동,부상신고사고,0,0,0,1,차대사람 - 기타,안전운전불이행,건조,맑음,단일로 - 기타,승용,남,54세,상해없음,보행자,남,65세,부상신고
2020050700100339,2020년 5월 7일 14시,목요일,서울특별시 강동구 둔촌동,중상사고,0,1,0,0,차대사람 - 기타,신호위반,건조,맑음,교차로 - 교차로안,승용,남,58세,상해없음,보행자,남,72세,중상
2020050700100385,2020년 5월 7일 15시,목요일,서울특별시 도봉구 방학동,중상사고,0,1,0,0,차대사람 - 기타,기타,건조,맑음,단일로 - 기타,화물,남,48세,상해없음,보행자,여,80세,중상
2020050700100467,2020년 5월 7일 17시,목요일,서울특별시 강서구 화곡동,중상사고,0,1,0,0,차대사람 - 횡단중,중앙선침범,건조,맑음,교차로 - 교차로횡단보도내,원동기,남,41세,상해없음,보행자,여,68세,중상
2020050700100519,2020년 5월 7일 18시,목요일,서울특별시 성북구 종암동,중상사고,0,1,0,0,차대사람 - 차도통행중,안전운전불이행,건조,맑음,교차로 - 교차로부근,이륜,남,53세,상해없음,보행자,여,72세,중상
2020050700100620,2020년 5월 7일 21시,목요일,서울특별시 서대문구 북가좌동,경상사고,0,0,1,0,차대사람 - 기타,안전운전불이행,건조,흐림,기타 - 기타,자전거,여,30세,상해없음,보행자,여,77세,경상
2020050800100107,2020년 5월 8일 09시,금요일,서울특별시 중랑구 중화동,경상사고,0,0,1,0,차대사람 - 기타,안전운전불이행,건조,흐림,단일로 - 기타,승용,남,68세,기타불명,보행자,여,78세,경상
2020050800100142,2020년 5월 8일 10시,금요일,서울특별시 성동구 응봉동,중상사고,0,1,0,0,차대사람 - 보도통행중,기타,건조,맑음,기타 - 기타,승용,남,47세,상해없음,보행자,남,77세,중상
2020050800100216,2020년 5월 8일 12시,금요일,서울특별시 동대문구 제기동,중상사고,0,1,0,0,차대사람 - 기타,안전운전불이행,건조,맑음,단일로 - 기타,이륜,남,14세,상해없음,보행자,여,88세,중상
2020050800100245,2020년 5월 8일 13시,금요일,서울특별시 마포구 아현동,경상사고,0,0,1,0,차대사람 - 기타,안전운전불이행,건조,맑음,단일로 - 기타,승용,남,42세,상해없음,보행자,여,68세,경상
2020050800100248,2020년 5월 8일 13시,금요일,서울특별시 양천구 신월동,중상사고,0,1,0,0,차대사람 - 횡단중,안전운전불이행,건조,맑음,교차로 - 교차로안,승용,남,52세,상해없음,보행자,남,65세,중상
2020050800100278,2020년 5월 8일 14시,금요일,서울특별시 성북구 석관동,중상사고,0,1,0,0,차대사람 - 차도통행중,안전운전불이행,건조,맑음,단일로 - 기타,이륜,남,27세,상해없음,보행자,남,84세,중상
2020050800100280,2020년 5월 8일 14시,금요일,서울특별시 노원구 하계동,중상사고,0,1,0,0,차대사람 - 횡단중,안전운전불이행,건조,맑음,단일로 - 기타,승용,남,67세,상해없음,보행자,남,82세,중상
2020050800100355,2020년 5월 8일 16시,금요일,서울특별시 성동구 마장동,중상사고,0,1,0,0,차대사람 - 횡단중,안전운전불이행,건조,맑음,단일로 - 기타,승용,여,34세,상해없음,보행자,여,86세,중상
2020050800100547,2020년 5월 8일 20시,금요일,서울특별시 동대문구 용두동,경상사고,0,0,1,0,차대사람 - 횡단중,안전운전불이행,건조,맑음,기타 - 기타,승용,남,39세,상해없음,보행자,남,68세,경상
2020050900100193,2020년 5월 9일 11시,토요일,서울특별시 영등포구 신길동,경상사고,0,0,1,0,차대사람 - 기타,안전운전불이행,젖음/습기,비,단일로 - 기타,승용,남,58세,상해없음,보행자,여,69세,경상
2020050900100321,2020년 5월 9일 15시,토요일,서울특별시 용산구 한남동,중상사고,0,1,0,0,차대사람 - 기타,안전운전불이행,젖음/습기,비,단일로 - 기타,농기계,남,57세,상해없음,보행자,여,78세,중상
2020050900100456,2020년 5월 9일 19시,토요일,서울특별시 동작구 사당동,중상사고,0,1,0,0,차대사람 - 기타,안전운전불이행,젖음/습기,비,교차로 - 교차로부근,승용,여,60세,상해없음,보행자,남,77세,중상
2020051000100138,2020년 5월 10일 12시,일요일,서울특별시 동작구 상도동,중상사고,0,1,0,0,차대사람 - 횡단중,보행자보호의무위반,건조,맑음,교차로 - 교차로부근,이륜,남,43세,상해없음,보행자,남,77세,중상
2020051000100238,2020년 5월 10일 16시,일요일,서울특별시 양천구 신월동,경상사고,0,0,1,0,차대사람 - 기타,안전운전불이행,건조,맑음,단일로 - 기타,화물,남,57세,상해없음,보행자,여,69세,경상
2020051100100054,2020년 5월 11일 06시,월요일,서울특별시 도봉구 창동,중상사고,0,1,0,0,차대사람 - 횡단중,안전운전불이행,건조,맑음,단일로 - 기타,승용,여,49세,상해없음,보행자,여,87세,중상
2020051100100097,2020년 5월 11일 08시,월요일,서울특별시 중랑구 면목동,중상사고,0,1,0,0,차대사람 - 기타,기타,건조,맑음,기타 - 기타,승용,남,38세,상해없음,보행자,여,72세,중상
2020051100100182,2020년 5월 11일 10시,월요일,서울특별시 서초구 방배동,경상사고,0,0,1,0,차대사람 - 기타,안전운전불이행,건조,맑음,단일로 - 기타,승용,남,30세,상해없음,보행자,여,68세,경상
2020051100100268,2020년 5월 11일 12시,월요일,서울특별시 은평구 진관동,중상사고,0,1,0,0,차대사람 - 기타,신호위반,건조,맑음,교차로 - 교차로횡단보도내,승합,남,56세,상해없음,보행자,여,68세,중상
2020051100100295,2020년 5월 11일 13시,월요일,서울특별시 성동구 행당동,중상사고,0,1,0,0,차대사람 - 차도통행중,안전운전불이행,건조,맑음,교차로 - 교차로횡단보도내,승용,여,32세,상해없음,보행자,여,80세,중상
2020051100100335,2020년 5월 11일 14시,월요일,서울특별시 성북구 안암동5가,경상사고,0,0,1,0,차대사람 - 기타,기타,건조,맑음,기타 - 기타,승용,남,52세,상해없음,보행자,여,68세,경상
2020051100100336,2020년 5월 11일 14시,월요일,서울특별시 동대문구 장안동,경상사고,0,0,1,0,차대사람 - 기타,안전운전불이행,건조,맑음,교차로 - 교차로안,화물,남,57세,상해없음,보행자,여,72세,경상
2020051100100378,2020년 5월 11일 15시,월요일,서울특별시 종로구 숭인동,중상사고,0,1,0,0,차대사람 - 횡단중,안전운전불이행,건조,맑음,단일로 - 기타,승용,여,55세,상해없음,보행자,여,77세,중상
2020051100100468,2020년 5월 11일 17시,월요일,서울특별시 영등포구 문래동6가,중상사고,0,1,0,0,차대사람 - 기타,안전운전불이행,건조,맑음,단일로 - 기타,자전거,남,47세,상해없음,보행자,여,65세,중상
2020051100100544,2020년 5월 11일 19시,월요일,서울특별시 은평구 역촌동,중상사고,0,1,0,0,차대사람 - 기타,안전운전불이행,건조,맑음,교차로 - 교차로안,승용,여,51세,상해없음,보행자,여,81세,중상
2020051200100209,2020년 5월 12일 11시,화요일,서울특별시 은평구 역촌동,경상사고,0,0,1,0,차대사람 - 기타,안전운전불이행,건조,맑음,단일로 - 기타,기타불명,기타불명,미분류,기타불명,보행자,남,81세,경상
2020051200100264,2020년 5월 12일 13시,화요일,서울특별시 강북구 수유동,경상사고,0,0,1,0,차대사람 - 기타,안전운전불이행,건조,맑음,단일로 - 기타,화물,남,51세,상해없음,보행자,남,79세,경상
2020051200100291,2020년 5월 12일 14시,화요일,서울특별시 금천구 가산동,경상사고,0,0,1,0,차대사람 - 기타,안전운전불이행,건조,맑음,기타 - 기타,이륜,남,44세,상해없음,보행자,남,69세,경상
2020051300100060,2020년 5월 13일 06시,수요일,서울특별시 영등포구 신길동,중상사고,0,1,0,0,차대사람 - 횡단중,안전운전불이행,건조,맑음,단일로 - 기타,승용,남,65세,상해없음,보행자,여,86세,중상
2020051300100143,2020년 5월 13일 09시,수요일,서울특별시 중구 신당동,중상사고,0,1,0,0,차대사람 - 길가장자리구역통행중,안전운전불이행,건조,맑음,단일로 - 기타,승용,여,45세,상해없음,보행자,여,70세,중상
2020051300100213,2020년 5월 13일 11시,수요일,서울특별시 은평구 대조동,중상사고,0,1,0,0,차대사람 - 횡단중,보행자보호의무위반,건조,맑음,교차로 - 교차로부근,이륜,남,35세,상해없음,보행자,여,69세,중상
2020051300100305,2020년 5월 13일 14시,수요일,서울특별시 강동구 암사동,중상사고,0,1,0,0,차대사람 - 길가장자리구역통행중,안전운전불이행,건조,맑음,교차로 - 교차로안,승합,남,60세,상해없음,보행자,여,71세,중상
2020051300100539,2020년 5월 13일 19시,수요일,서울특별시 강동구 길동,중상사고,0,1,0,0,차대사람 - 기타,안전운전불이행,건조,맑음,단일로 - 기타,화물,남,59세,상해없음,보행자,여,78세,중상
2020051400100112,2020년 5월 14일 09시,목요일,서울특별시 강남구 일원동,경상사고,0,0,1,0,차대사람 - 기타,안전운전불이행,건조,맑음,기타 - 기타,승용,여,64세,상해없음,보행자,여,86세,경상
2020051400100216,2020년 5월 14일 12시,목요일,서울특별시 용산구 원효로2가,경상사고,0,0,1,0,차대사람 - 기타,안전운전불이행,건조,맑음,단일로 - 기타,승합,여,65세,상해없음,보행자,여,66세,경상
2020051400100219,2020년 5월 14일 12시,목요일,서울특별시 동작구 상도동,경상사고,0,0,1,0,차대사람 - 차도통행중,안전운전불이행,건조,맑음,교차로 - 교차로부근,승용,남,60세,상해없음,보행자,여,66세,경상
2020051400100247,2020년 5월 14일 13시,목요일,서울특별시 강동구 천호동,경상사고,0,0,1,0,차대사람 - 기타,안전운전불이행,건조,맑음,단일로 - 기타,승합,남,55세,상해없음,보행자,남,82세,경상
2020051400100281,2020년 5월 14일 14시,목요일,서울특별시 강북구 수유동,경상사고,0,0,1,0,차대사람 - 기타,안전운전불이행,건조,맑음,단일로 - 기타,승용,여,27세,상해없음,보행자,남,73세,경상
2020051400100283,2020년 5월 14일 14시,목요일,서울특별시 중랑구 면목동,중상사고,0,1,0,0,차대사람 - 횡단중,안전운전불이행,건조,맑음,교차로 - 교차로부근,화물,남,34세,상해없음,보행자,남,77세,중상
2020051400100487,2020년 5월 14일 19시,목요일,서울특별시 동대문구 답십리동,경상사고,0,0,1,0,차대사람 - 기타,안전운전불이행,건조,맑음,교차로 - 교차로안,이륜,남,43세,상해없음,보행자,남,78세,경상
2020051400100559,2020년 5월 14일 21시,목요일,서울특별시 송파구 장지동,경상사고,0,0,1,0,차대사람 - 횡단중,안전운전불이행,건조,맑음,단일로 - 기타,이륜,남,22세,상해없음,보행자,남,72세,경상
2020051500100090,2020년 5월 15일 08시,금요일,서울특별시 용산구 보광동,중상사고,0,1,0,0,차대사람 - 횡단중,보행자보호의무위반,젖음/습기,비,기타 - 기타,승용,남,71세,상해없음,보행자,여,74세,중상
2020051500100129,2020년 5월 15일 09시,금요일,서울특별시 관악구 봉천동,중상사고,0,1,0,0,차대사람 - 길가장자리구역통행중,안전운전불이행,젖음/습기,비,단일로 - 기타,건설기계,남,54세,상해없음,보행자,여,66세,중상
2020051500100216,2020년 5월 15일 12시,금요일,서울특별시 강서구 화곡동,중상사고,0,1,0,0,차대사람 - 횡단중,안전운전불이행,건조,맑음,단일로 - 기타,승합,남,51세,상해없음,보행자,여,67세,중상
2020051500100240,2020년 5월 15일 13시,금요일,서울특별시 동작구 신대방동,중상사고,0,1,0,0,차대사람 - 차도통행중,안전운전불이행,젖음/습기,비,교차로 - 교차로안,승용,여,47세,상해없음,보행자,여,70세,중상
2020051500100311,2020년 5월 15일 15시,금요일,서울특별시 노원구 상계동,중상사고,0,1,0,0,차대사람 - 길가장자리구역통행중,교차로운행방법위반,젖음/습기,맑음,교차로 - 교차로안,화물,남,66세,상해없음,보행자,남,81세,중상
2020051500100488,2020년 5월 15일 19시,금요일,서울특별시 용산구 한남동,경상사고,0,0,1,0,차대사람 - 횡단중,안전운전불이행,젖음/습기,비,기타 - 기타,승용,남,22세,상해없음,보행자,여,67세,경상
2020051500100579,2020년 5월 15일 21시,금요일,서울특별시 강동구 천호동,중상사고,0,1,0,0,차대사람 - 차도통행중,안전운전불이행,건조,맑음,단일로 - 기타,승용,남,77세,상해없음,보행자,남,80세,중상
2020051600100102,2020년 5월 16일 08시,토요일,서울특별시 강서구 화곡동,중상사고,0,1,0,0,차대사람 - 기타,안전운전불이행,젖음/습기,비,교차로 - 교차로부근,승합,남,47세,상해없음,보행자,남,77세,중상
2020051600100136,2020년 5월 16일 10시,토요일,서울특별시 서대문구 홍제동,중상사고,0,1,0,0,차대사람 - 기타,불법유턴,건조,맑음,단일로 - 기타,승용,남,59세,상해없음,보행자,남,68세,중상
2020051600100169,2020년 5월 16일 11시,토요일,서울특별시 성북구 장위동,경상사고,0,0,1,0,차대사람 - 횡단중,보행자보호의무위반,건조,흐림,단일로 - 기타,화물,남,29세,상해없음,보행자,남,77세,경상
2020051600100170,2020년 5월 16일 11시,토요일,서울특별시 강남구 역삼동,중상사고,0,1,0,0,차대사람 - 기타,안전운전불이행,건조,맑음,단일로 - 기타,승용,남,24세,상해없음,보행자,남,70세,중상
2020051600100233,2020년 5월 16일 13시,토요일,서울특별시 동대문구 전농동,경상사고,0,0,1,0,차대사람 - 기타,안전운전불이행,건조,맑음,단일로 - 기타,승용,남,42세,상해없음,보행자,남,69세,경상
2020051600100369,2020년 5월 16일 17시,토요일,서울특별시 노원구 상계동,중상사고,0,1,0,0,차대사람 - 기타,안전운전불이행,건조,맑음,단일로 - 교량,자전거,여,63세,상해없음,보행자,여,86세,중상
2020051700100454,2020년 5월 17일 22시,일요일,서울특별시 금천구 독산동,중상사고,0,2,1,0,차대차 - 측면충돌,안전운전불이행,건조,맑음,교차로 - 교차로안,승용,여,53세,상해없음,이륜,남,20세,중상
2020051800100095,2020년 5월 18일 09시,월요일,서울특별시 성동구 마장동,중상사고,0,1,0,0,차대사람 - 기타,안전운전불이행,건조,맑음,단일로 - 기타,승합,남,55세,상해없음,보행자,여,82세,중상
2020051800100199,2020년 5월 18일 12시,월요일,서울특별시 금천구 독산동,경상사고,0,0,1,0,차대사람 - 보도통행중,안전운전불이행,건조,맑음,교차로 - 교차로부근,자전거,남,13세,상해없음,보행자,여,66세,경상
2020051800100200,2020년 5월 18일 12시,월요일,서울특별시 강동구 암사동,경상사고,0,0,1,0,차대사람 - 길가장자리구역통행중,안전운전불이행,건조,맑음,단일로 - 기타,승용,여,56세,상해없음,보행자,여,72세,경상
2020051800100201,2020년 5월 18일 12시,월요일,서울특별시 송파구 거여동,경상사고,0,0,1,0,차대사람 - 차도통행중,안전운전불이행,건조,맑음,교차로 - 교차로부근,승용,여,60세,상해없음,보행자,여,73세,경상
2020051800100238,2020년 5월 18일 13시,월요일,서울특별시 강동구 길동,중상사고,0,1,0,0,차대사람 - 기타,안전운전불이행,건조,맑음,주차장 - 주차장,승용,남,44세,상해없음,보행자,여,83세,중상
2020051800100273,2020년 5월 18일 14시,월요일,서울특별시 중구 장충동2가,경상사고,0,0,1,0,차대사람 - 횡단중,안전운전불이행,건조,맑음,교차로 - 교차로부근,승용,남,28세,상해없음,보행자,남,75세,경상
2020051800100419,2020년 5월 18일 17시,월요일,서울특별시 서초구 서초동,중상사고,0,1,0,0,차대사람 - 차도통행중,안전운전불이행,젖음/습기,비,기타 - 기타,승용,남,36세,상해없음,보행자,남,76세,중상
2020051800100468,2020년 5월 18일 18시,월요일,서울특별시 동작구 흑석동,중상사고,0,1,0,0,차대사람 - 차도통행중,안전운전불이행,젖음/습기,비,단일로 - 기타,승용,남,31세,상해없음,보행자,여,78세,중상
2020051800100504,2020년 5월 18일 19시,월요일,서울특별시 광진구 구의동,경상사고,0,0,1,0,차대사람 - 횡단중,안전운전불이행,젖음/습기,비,교차로 - 교차로안,승용,남,57세,상해없음,보행자,여,75세,경상
2020051900100070,2020년 5월 19일 08시,화요일,서울특별시 강북구 수유동,경상사고,0,0,1,0,차대사람 - 길가장자리구역통행중,안전운전불이행,젖음/습기,비,단일로 - 기타,승용,여,29세,상해없음,보행자,남,79세,경상
2020051900100151,2020년 5월 19일 11시,화요일,서울특별시 영등포구 영등포동2가,부상신고사고,0,0,0,1,차대사람 - 기타,안전운전불이행,젖음/습기,비,교차로 - 교차로안,화물,남,37세,상해없음,보행자,남,65세,부상신고
2020051900100155,2020년 5월 19일 11시,화요일,서울특별시 구로구 개봉동,중상사고,0,1,0,0,차대사람 - 길가장자리구역통행중,안전운전불이행,건조,맑음,단일로 - 기타,승용,여,36세,상해없음,보행자,여,67세,중상
2020051900100182,2020년 5월 19일 12시,화요일,서울특별시 동대문구 청량리동,경상사고,0,0,1,0,차대사람 - 기타,안전운전불이행,젖음/습기,흐림,단일로 - 기타,화물,남,48세,상해없음,보행자,여,71세,경상
2020051900100283,2020년 5월 19일 15시,화요일,서울특별시 도봉구 창동,경상사고,0,0,1,0,차대사람 - 횡단중,안전운전불이행,건조,맑음,교차로 - 교차로부근,자전거,남,72세,상해없음,보행자,여,84세,경상
2020051900100326,2020년 5월 19일 16시,화요일,서울특별시 노원구 상계동,경상사고,0,0,1,0,차대사람 - 보도통행중,안전운전불이행,건조,맑음,기타 - 기타,자전거,남,9세,상해없음,보행자,여,72세,경상
2020052000100092,2020년 5월 20일 08시,수요일,서울특별시 마포구 창전동,경상사고,0,0,3,0,차대사람 - 기타,안전운전불이행,건조,맑음,단일로 - 기타,승합,남,58세,상해없음,보행자,여,31세,경상
2020052000100210,2020년 5월 20일 11시,수요일,서울특별시 중랑구 망우동,중상사고,0,1,0,0,차대사람 - 횡단중,안전운전불이행,건조,맑음,교차로 - 교차로부근,승용,남,65세,상해없음,보행자,여,79세,중상
2020052000100211,2020년 5월 20일 11시,수요일,서울특별시 강서구 마곡동,중상사고,0,1,0,0,차대사람 - 횡단중,신호위반,건조,맑음,교차로 - 교차로횡단보도내,승용,남,64세,상해없음,보행자,남,68세,중상
2020052000100303,2020년 5월 20일 13시,수요일,서울특별시 노원구 상계동,중상사고,0,1,0,0,차대사람 - 횡단중,안전운전불이행,건조,맑음,단일로 - 기타,승용,여,35세,상해없음,보행자,여,75세,중상
2020052000100462,2020년 5월 20일 17시,수요일,서울특별시 성북구 상월곡동,중상사고,0,1,0,0,차대사람 - 횡단중,보행자보호의무위반,건조,맑음,교차로 - 교차로횡단보도내,승용,남,70세,상해없음,보행자,여,76세,중상
2020052000100675,2020년 5월 20일 23시,수요일,서울특별시 중랑구 망우동,중상사고,0,1,0,0,차대사람 - 기타,안전운전불이행,건조,맑음,단일로 - 기타,승용,여,50세,상해없음,보행자,여,65세,중상
2020052100100123,2020년 5월 21일 09시,목요일,서울특별시 동대문구 용두동,중상사고,0,1,0,0,차대사람 - 횡단중,안전운전불이행,건조,맑음,단일로 - 기타,이륜,남,61세,상해없음,보행자,남,86세,중상
2020052100100126,2020년 5월 21일 09시,목요일,서울특별시 관악구 신림동,경상사고,0,0,1,0,차대사람 - 횡단중,안전운전불이행,건조,맑음,단일로 - 기타,승용,남,81세,상해없음,보행자,여,67세,경상
2020052100100154,2020년 5월 21일 10시,목요일,서울특별시 금천구 시흥동,경상사고,0,0,1,0,차대사람 - 길가장자리구역통행중,기타,건조,맑음,단일로 - 기타,자전거,남,71세,상해없음,보행자,여,70세,경상
2020052100100378,2020년 5월 21일 16시,목요일,서울특별시 중랑구 면목동,경상사고,0,0,1,0,차대사람 - 기타,안전운전불이행,건조,맑음,단일로 - 기타,승용,남,44세,상해없음,보행자,남,73세,경상
2020052100100415,2020년 5월 21일 17시,목요일,서울특별시 성북구 상월곡동,중상사고,0,1,0,0,차대사람 - 횡단중,보행자보호의무위반,건조,맑음,교차로 - 교차로안,승용,여,37세,상해없음,보행자,여,72세,중상
2020052100100421,2020년 5월 21일 17시,목요일,서울특별시 강남구 수서동,중상사고,0,1,0,1,차대사람 - 기타,안전운전불이행,건조,맑음,단일로 - 기타,자전거,남,16세,부상신고,보행자,여,74세,중상
2020052100100474,2020년 5월 21일 18시,목요일,서울특별시 영등포구 신길동,경상사고,0,0,1,0,차대사람 - 횡단중,안전운전불이행,건조,맑음,기타 - 기타,승용,남,58세,상해없음,보행자,남,65세,경상
2020052200100127,2020년 5월 22일 09시,금요일,서울특별시 송파구 오금동,중상사고,0,1,0,0,차대사람 - 횡단중,안전운전불이행,건조,맑음,교차로 - 교차로횡단보도내,승용,남,49세,상해없음,보행자,여,76세,중상
2020052200100128,2020년 5월 22일 09시,금요일,서울특별시 서초구 양재동,경상사고,0,0,1,0,차대사람 - 횡단중,보행자보호의무위반,건조,맑음,교차로 - 교차로횡단보도내,승용,여,30세,상해없음,보행자,여,67세,경상
2020052200100157,2020년 5월 22일 10시,금요일,서울특별시 송파구 방이동,중상사고,0,1,0,0,차대사람 - 기타,안전운전불이행,건조,맑음,교차로 - 교차로안,승합,남,60세,상해없음,보행자,여,71세,중상
2020052200100176,2020년 5월 22일 11시,금요일,서울특별시 동대문구 장안동,중상사고,0,1,0,0,차대사람 - 기타,안전운전불이행,건조,맑음,단일로 - 기타,화물,남,70세,상해없음,보행자,여,67세,중상
2020052200100177,2020년 5월 22일 11시,금요일,서울특별시 마포구 도화동,중상사고,0,1,0,0,차대사람 - 차도통행중,보행자보호의무위반,건조,맑음,교차로 - 교차로부근,승용,남,36세,상해없음,보행자,여,67세,중상
2020052300100159,2020년 5월 23일 11시,토요일,서울특별시 마포구 성산동,중상사고,0,1,0,0,차대사람 - 횡단중,안전운전불이행,건조,맑음,교차로 - 교차로안,화물,남,40세,상해없음,보행자,여,87세,중상
2020052300100255,2020년 5월 23일 13시,토요일,서울특별시 중구 신당동,중상사고,0,1,0,0,차대사람 - 횡단중,보행자보호의무위반,건조,맑음,교차로 - 교차로안,승합,남,57세,상해없음,보행자,여,76세,중상
2020052300100343,2020년 5월 23일 15시,토요일,서울특별시 동대문구 이문동,중상사고,0,1,0,0,차대사람 - 기타,안전운전불이행,건조,맑음,단일로 - 기타,자전거,남,12세,상해없음,보행자,여,69세,중상
2020052500100075,2020년 5월 25일 08시,월요일,서울특별시 강동구 명일동,중상사고,0,1,0,0,차대사람 - 기타,안전운전불이행,건조,맑음,단일로 - 기타,기타불명,남,69세,상해없음,보행자,여,84세,중상
2020052500100122,2020년 5월 25일 09시,월요일,서울특별시 성북구 장위동,사망사고,1,0,0,0,차대사람 - 횡단중,보행자보호의무위반,건조,맑음,교차로 - 교차로횡단보도내,건설기계,남,60세,상해없음,보행자,남,79세,사망
2020052500100218,2020년 5월 25일 12시,월요일,서울특별시 서초구 서초동,중상사고,0,1,0,0,차대사람 - 기타,안전운전불이행,건조,맑음,단일로 - 기타,건설기계,남,48세,상해없음,보행자,남,84세,중상
2020052500100318,2020년 5월 25일 15시,월요일,서울특별시 강북구 수유동,중상사고,0,1,0,0,차대사람 - 기타,안전운전불이행,건조,맑음,교차로 - 교차로안,승용,여,58세,상해없음,보행자,여,71세,중상
2020052500100322,2020년 5월 25일 15시,월요일,서울특별시 강동구 천호동,경상사고,0,0,1,0,차대사람 - 길가장자리구역통행중,안전운전불이행,건조,맑음,기타 - 기타,자전거,남,71세,상해없음,보행자,여,80세,경상
2020052500100323,2020년 5월 25일 15시,월요일,서울특별시 강동구 길동,부상신고사고,0,0,0,1,차대사람 - 기타,안전운전불이행,건조,맑음,기타 - 기타,자전거,남,8세,상해없음,보행자,여,78세,부상신고