사고번호,사고일시,요일,시군구,사고내용,사망자수,중상자수,경상자수,부상신고자수,사고유형,법규위반,노면상태,기상상태,도로형태,가해운전자 차종,가해운전자 성별,가해운전자 연령,가해운전자 상해정도,피해운전자 차종,피해운전자 성별,피해운전자 연령,피해운전자 상해정도
2020052500100587,2020년 5월 25일 23시,월요일,서울특별시 양천구 목동,경상사고,0,0,1,0,차대사람 - 횡단중,안전운전불이행,건조,맑음,단일로 - 기타,화물,남,29세,상해없음,보행자,여,66세,경상
2020052600100153,2020년 5월 26일 10시,화요일,서울특별시 노원구 상계동,경상사고,0,0,2,0,차대사람 - 보도통행중,안전운전불이행,건조,맑음,단일로 - 기타,승용,남,65세,상해없음,보행자,여,67세,경상
2020052600100183,2020년 5월 26일 11시,화요일,서울특별시 동작구 사당동,경상사고,0,0,1,0,차대사람 - 횡단중,안전운전불이행,건조,맑음,교차로 - 교차로안,승용,남,48세,상해없음,보행자,여,75세,경상
2020052600100226,2020년 5월 26일 12시,화요일,서울특별시 송파구 마천동,중상사고,0,1,0,0,차대사람 - 차도통행중,안전운전불이행,건조,맑음,단일로 - 기타,승용,남,28세,상해없음,보행자,여,76세,중상
2020052700100165,2020년 5월 27일 10시,수요일,서울특별시 송파구 가락동,중상사고,0,1,0,0,차대사람 - 기타,안전운전불이행,건조,맑음,단일로 - 기타,승합,남,37세,상해없음,보행자,남,74세,중상
2020052700100194,2020년 5월 27일 11시,수요일,서울특별시 영등포구 영등포동,중상사고,0,1,0,0,차대사람 - 횡단중,안전운전불이행,건조,맑음,단일로 - 기타,화물,남,50세,상해없음,보행자,여,70세,중상
2020052700100196,2020년 5월 27일 11시,수요일,서울특별시 영등포구 문래동3가,중상사고,0,1,0,0,차대사람 - 횡단중,보행자보호의무위반,건조,맑음,교차로 - 교차로횡단보도내,승용,남,47세,상해없음,보행자,남,66세,중상
2020052700100274,2020년 5월 27일 13시,수요일,서울특별시 종로구 숭인동,부상신고사고,0,0,0,1,차대사람 - 기타,안전운전불이행,건조,맑음,단일로 - 기타,승합,남,63세,상해없음,보행자,여,80세,부상신고
2020052700100276,2020년 5월 27일 13시,수요일,서울특별시 성북구 삼선동5가,중상사고,0,1,0,0,차대사람 - 횡단중,안전운전불이행,건조,맑음,단일로 - 기타,화물,남,69세,상해없음,보행자,여,75세,중상
2020052700100277,2020년 5월 27일 13시,수요일,서울특별시 강북구 미아동,중상사고,0,1,0,0,차대사람 - 기타,보행자보호의무위반,건조,맑음,교차로 - 교차로안,승합,남,57세,상해없음,보행자,남,76세,중상
2020052700100509,2020년 5월 27일 18시,수요일,서울특별시 강남구 자곡동,중상사고,0,1,0,0,차대사람 - 기타,안전운전불이행,건조,맑음,교차로 - 교차로안,승용,남,32세,상해없음,보행자,남,68세,중상
2020052800100059,2020년 5월 28일 06시,목요일,서울특별시 강동구 길동,중상사고,0,1,0,0,차대사람 - 기타,안전운전불이행,건조,맑음,단일로 - 기타,승합,남,43세,상해없음,보행자,남,81세,중상
2020052800100168,2020년 5월 28일 10시,목요일,서울특별시 중구 신당동,경상사고,0,0,1,0,차대사람 - 횡단중,안전운전불이행,건조,맑음,교차로 - 교차로횡단보도내,자전거,남,37세,상해없음,보행자,여,70세,경상
2020052800100276,2020년 5월 28일 13시,목요일,서울특별시 영등포구 신길동,부상신고사고,0,0,0,1,차대사람 - 기타,안전운전불이행,건조,맑음,단일로 - 기타,화물,남,53세,상해없음,보행자,여,93세,부상신고
2020052800100279,2020년 5월 28일 13시,목요일,서울특별시 양천구 신월동,중상사고,0,1,0,0,차대사람 - 횡단중,안전운전불이행,건조,맑음,교차로 - 교차로안,승용,여,36세,상해없음,보행자,여,75세,중상
2020052800100317,2020년 5월 28일 14시,목요일,서울특별시 강북구 미아동,경상사고,0,0,1,0,차대사람 - 횡단중,보행자보호의무위반,건조,맑음,단일로 - 기타,승용,여,45세,상해없음,보행자,여,76세,경상
2020052800100320,2020년 5월 28일 14시,목요일,서울특별시 강동구 천호동,중상사고,0,1,0,0,차대사람 - 길가장자리구역통행중,안전운전불이행,건조,맑음,단일로 - 기타,승용,남,60세,상해없음,보행자,여,80세,중상
2020052900100094,2020년 5월 29일 08시,금요일,서울특별시 구로구 궁동,경상사고,0,0,1,0,차대사람 - 횡단중,보행자보호의무위반,건조,맑음,기타 - 기타,자전거,여,25세,상해없음,보행자,남,72세,경상
2020052900100202,2020년 5월 29일 10시,금요일,서울특별시 중랑구 묵동,중상사고,0,1,0,0,차대사람 - 횡단중,안전운전불이행,건조,맑음,단일로 - 기타,승용,남,29세,상해없음,보행자,여,73세,중상
2020052900100413,2020년 5월 29일 16시,금요일,서울특별시 중구 신당동,중상사고,0,1,0,0,차대사람 - 길가장자리구역통행중,안전운전불이행,건조,맑음,단일로 - 기타,이륜,남,57세,상해없음,보행자,여,66세,중상
2020052900100418,2020년 5월 29일 16시,금요일,서울특별시 강남구 역삼동,경상사고,0,0,1,0,차대사람 - 길가장자리구역통행중,안전운전불이행,건조,맑음,단일로 - 기타,승용,여,42세,상해없음,보행자,남,69세,경상
2020052900100569,2020년 5월 29일 19시,금요일,서울특별시 중구 신당동,중상사고,0,1,0,0,차대사람 - 차도통행중,안전운전불이행,건조,맑음,교차로 - 교차로부근,승용,남,25세,상해없음,보행자,여,82세,중상
2020052900100574,2020년 5월 29일 19시,금요일,서울특별시 노원구 상계동,중상사고,0,1,0,0,차대사람 - 기타,신호위반,건조,맑음,교차로 - 교차로안,승합,남,51세,상해없음,보행자,여,80세,중상
2020052900100611,2020년 5월 29일 20시,금요일,서울특별시 동대문구 용두동,경상사고,0,0,1,0,차대사람 - 기타,안전운전불이행,건조,맑음,단일로 - 기타,승용,남,48세,상해없음,보행자,남,79세,경상
2020053000100107,2020년 5월 30일 08시,토요일,서울특별시 성동구 행당동,경상사고,0,0,1,0,차대사람 - 길가장자리구역통행중,안전운전불이행,건조,맑음,교차로 - 교차로부근,승용,남,52세,상해없음,보행자,여,81세,경상
2020053000100169,2020년 5월 30일 10시,토요일,서울특별시 동대문구 장안동,경상사고,0,0,1,0,차대사람 - 기타,안전운전불이행,건조,맑음,단일로 - 기타,승합,남,57세,상해없음,보행자,남,66세,경상
2020053000100349,2020년 5월 30일 14시,토요일,서울특별시 강남구 역삼동,중상사고,0,1,0,0,차대사람 - 횡단중,보행자보호의무위반,건조,맑음,단일로 - 기타,승용,여,44세,상해없음,보행자,여,68세,중상
2020053000100462,2020년 5월 30일 17시,토요일,서울특별시 중구 흥인동,중상사고,0,1,0,0,차대사람 - 기타,안전운전불이행,건조,맑음,단일로 - 기타,승용,여,28세,상해없음,보행자,남,73세,중상
2020053000100464,2020년 5월 30일 17시,토요일,서울특별시 서대문구 연희동,부상신고사고,0,0,0,1,차대사람 - 횡단중,안전운전불이행,건조,맑음,교차로 - 교차로안,승용,여,45세,상해없음,보행자,남,67세,부상신고
2020053100100101,2020년 5월 31일 10시,일요일,서울특별시 영등포구 여의도동,중상사고,0,1,0,0,차대사람 - 기타,안전운전불이행,건조,맑음,단일로 - 지하차도(도로)내,승용,남,74세,상해없음,보행자,남,79세,중상
2020053100100102,2020년 5월 31일 10시,일요일,서울특별시 송파구 거여동,중상사고,0,1,0,0,차대사람 - 횡단중,안전운전불이행,건조,맑음,단일로 - 기타,승용,남,50세,상해없음,보행자,여,78세,중상
2020053100100152,2020년 5월 31일 12시,일요일,서울특별시 강북구 번동,중상사고,0,1,1,0,차대사람 - 기타,안전운전불이행,건조,맑음,교차로 - 교차로부근,승용,여,54세,상해없음,보행자,여,65세,경상
2020053100100383,2020년 5월 31일 19시,일요일,서울특별시 중랑구 면목동,경상사고,0,0,1,0,차대사람 - 길가장자리구역통행중,안전운전불이행,건조,맑음,단일로 - 기타,자전거,남,50세,상해없음,보행자,여,68세,경상
2020060100100042,2020년 6월 1일 05시,월요일,서울특별시 관악구 봉천동,중상사고,0,1,0,0,차대사람 - 차도통행중,안전운전불이행,젖음/습기,비,교차로 - 교차로안,승용,남,64세,상해없음,보행자,남,75세,중상
2020060100100122,2020년 6월 1일 09시,월요일,서울특별시 동대문구 제기동,중상사고,0,1,0,0,차대사람 - 차도통행중,안전운전불이행,건조,맑음,교차로 - 교차로부근,승합,남,38세,상해없음,보행자,남,82세,중상
2020060100100424,2020년 6월 1일 16시,월요일,서울특별시 종로구 창성동,중상사고,0,1,0,0,차대사람 - 차도통행중,신호위반,건조,맑음,교차로 - 교차로안,승용,남,71세,상해없음,보행자,남,86세,중상
2020060100100429,2020년 6월 1일 16시,월요일,서울특별시 영등포구 영등포동,중상사고,0,1,0,1,차대사람 - 횡단중,신호위반,건조,맑음,단일로 - 기타,이륜,남,59세,부상신고,보행자,남,66세,중상
2020060100100614,2020년 6월 1일 19시,월요일,서울특별시 성동구 성수동1가,경상사고,0,0,1,0,차대사람 - 기타,안전운전불이행,건조,맑음,기타 - 기타,이륜,남,21세,상해없음,보행자,남,67세,경상
2020060200100002,2020년 6월 2일 00시,화요일,서울특별시 관악구 봉천동,경상사고,0,0,1,0,차대사람 - 기타,신호위반,건조,기타,교차로 - 교차로횡단보도내,승용,남,16세,상해없음,보행자,남,84세,경상
2020060200100130,2020년 6월 2일 09시,화요일,서울특별시 성북구 안암동4가,경상사고,0,0,1,0,차대사람 - 기타,안전운전불이행,건조,맑음,교차로 - 교차로안,화물,남,61세,상해없음,보행자,남,74세,경상
2020060200100188,2020년 6월 2일 11시,화요일,서울특별시 성북구 정릉동,중상사고,0,1,0,0,차대사람 - 횡단중,안전운전불이행,젖음/습기,비,단일로 - 기타,승합,남,46세,상해없음,보행자,남,85세,중상
2020060200100237,2020년 6월 2일 12시,화요일,서울특별시 강동구 길동,중상사고,0,1,0,0,차대사람 - 횡단중,보행자보호의무위반,건조,맑음,교차로 - 교차로안,화물,남,79세,상해없음,보행자,남,66세,중상
2020060200100398,2020년 6월 2일 16시,화요일,서울특별시 양천구 목동,중상사고,0,1,0,0,차대사람 - 기타,안전운전불이행,건조,맑음,단일로 - 기타,승용,남,25세,기타불명,보행자,여,69세,중상
2020060200100535,2020년 6월 2일 20시,화요일,서울특별시 강서구 가양동,중상사고,0,1,0,0,차대사람 - 횡단중,안전운전불이행,건조,맑음,단일로 - 기타,승용,여,64세,상해없음,보행자,남,68세,중상
2020060300100045,2020년 6월 3일 05시,수요일,서울특별시 서대문구 북가좌동,중상사고,0,1,0,0,차대사람 - 차도통행중,안전운전불이행,건조,맑음,교차로 - 교차로안,화물,남,67세,상해없음,보행자,여,74세,중상
2020060300100212,2020년 6월 3일 12시,수요일,서울특별시 구로구 가리봉동,경상사고,0,0,1,0,차대사람 - 기타,안전운전불이행,건조,맑음,단일로 - 기타,승용,여,40세,상해없음,보행자,여,65세,경상
2020060300100235,2020년 6월 3일 13시,수요일,서울특별시 강북구 수유동,중상사고,0,1,0,0,차대사람 - 기타,안전운전불이행,건조,맑음,교차로 - 교차로안,승용,남,57세,상해없음,보행자,여,76세,중상
2020060300100270,2020년 6월 3일 14시,수요일,서울특별시 동대문구 장안동,중상사고,0,1,0,0,차대사람 - 횡단중,안전운전불이행,건조,맑음,교차로 - 교차로횡단보도내,승용,여,39세,상해없음,보행자,여,88세,중상
2020060300100449,2020년 6월 3일 18시,수요일,서울특별시 마포구 상수동,중상사고,0,1,0,0,차대사람 - 보도통행중,기타,건조,맑음,기타 - 기타,자전거,남,21세,상해없음,보행자,남,90세,중상
2020060300100540,2020년 6월 3일 20시,수요일,서울특별시 성북구 상월곡동,중상사고,0,1,0,0,차대사람 - 횡단중,보행자보호의무위반,건조,맑음,단일로 - 기타,이륜,남,75세,상해없음,보행자,여,71세,중상
2020060400100249,2020년 6월 4일 13시,목요일,서울특별시 강동구 길동,중상사고,0,1,0,0,차대사람 - 횡단중,신호위반,건조,맑음,교차로 - 교차로횡단보도내,승용,남,59세,상해없음,보행자,여,69세,중상
2020060400100250,2020년 6월 4일 13시,목요일,서울특별시 양천구 신월동,경상사고,0,0,1,0,차대사람 - 횡단중,안전운전불이행,건조,맑음,기타 - 기타,화물,남,61세,상해없음,보행자,여,65세,경상
2020060400100282,2020년 6월 4일 14시,목요일,서울특별시 강동구 둔촌동,경상사고,0,0,1,0,차대사람 - 기타,기타,건조,맑음,단일로 - 기타,승용,남,56세,상해없음,보행자,남,70세,경상
2020060400100418,2020년 6월 4일 17시,목요일,서울특별시 종로구 평창동,중상사고,0,1,0,0,차대사람 - 횡단중,신호위반,건조,맑음,교차로 - 교차로횡단보도내,승용,여,55세,상해없음,보행자,여,71세,중상
2020060400100638,2020년 6월 4일 23시,목요일,서울특별시 강동구 천호동,중상사고,0,1,0,0,차대사람 - 보도통행중,안전운전불이행,건조,맑음,교차로 - 교차로횡단보도내,승용,남,45세,상해없음,보행자,여,78세,중상
2020060500100242,2020년 6월 5일 12시,금요일,서울특별시 은평구 불광동,중상사고,0,1,0,0,차대사람 - 기타,안전운전불이행,건조,맑음,단일로 - 기타,승합,남,53세,상해없음,보행자,여,69세,중상
2020060500100273,2020년 6월 5일 13시,금요일,서울특별시 중구 충정로1가,중상사고,0,1,0,0,차대사람 - 횡단중,보행자보호의무위반,건조,맑음,교차로 - 교차로횡단보도내,승합,남,55세,상해없음,보행자,여,82세,중상
2020060500100311,2020년 6월 5일 14시,금요일,서울특별시 영등포구 신길동,중상사고,0,1,0,0,차대사람 - 기타,중앙선침범,건조,맑음,단일로 - 기타,승용,남,38세,상해없음,보행자,남,76세,중상
2020060600100113,2020년 6월 6일 09시,토요일,서울특별시 중랑구 상봉동,경상사고,0,0,1,0,차대사람 - 횡단중,신호위반,건조,맑음,교차로 - 교차로횡단보도내,개인형이동수단(PM),여,50세,상해없음,보행자,여,67세,경상
2020060600100282,2020년 6월 6일 14시,토요일,서울특별시 서대문구 남가좌동,경상사고,0,0,1,0,차대사람 - 횡단중,안전운전불이행,건조,맑음,단일로 - 기타,승용,남,40세,상해없음,보행자,남,71세,경상
2020060600100320,2020년 6월 6일 15시,토요일,서울특별시 중랑구 면목동,부상신고사고,0,0,0,1,차대사람 - 기타,신호위반,건조,맑음,단일로 - 기타,자전거,남,16세,상해없음,보행자,남,73세,부상신고
2020060600100546,2020년 6월 6일 21시,토요일,서울특별시 도봉구 도봉동,경상사고,0,0,1,0,차대사람 - 기타,안전운전불이행,건조,맑음,단일로 - 기타,자전거,남,13세,상해없음,보행자,남,67세,경상
2020060700100034,2020년 6월 7일 02시,일요일,서울특별시 금천구 시흥동,사망사고,1,0,0,0,차대사람 - 횡단중,안전운전불이행,건조,맑음,교차로 - 교차로안,승용,남,59세,상해없음,보행자,남,78세,사망
2020060700100125,2020년 6월 7일 10시,일요일,서울특별시 은평구 신사동,경상사고,0,0,1,0,차대사람 - 기타,안전운전불이행,건조,맑음,단일로 - 기타,승용,남,28세,상해없음,보행자,남,79세,경상
2020060700100173,2020년 6월 7일 12시,일요일,서울특별시 송파구 마천동,경상사고,0,0,1,0,차대사람 - 횡단중,안전운전불이행,건조,맑음,단일로 - 기타,승용,남,58세,상해없음,보행자,남,73세,경상
2020060700100240,2020년 6월 7일 14시,일요일,서울특별시 서대문구 홍제동,경상사고,0,0,1,0,차대사람 - 차도통행중,안전운전불이행,건조,맑음,단일로 - 기타,승용,남,39세,상해없음,보행자,여,98세 이상,경상
2020060800100263,2020년 6월 8일 12시,월요일,서울특별시 영등포구 여의도동,중상사고,0,1,0,0,차대사람 - 기타,신호위반,건조,맑음,단일로 - 기타,승용,남,76세,상해없음,보행자,남,78세,중상
2020060800100313,2020년 6월 8일 13시,월요일,서울특별시 강서구 화곡동,경상사고,0,0,1,0,차대사람 - 차도통행중,안전운전불이행,건조,맑음,단일로 - 기타,이륜,남,31세,상해없음,보행자,남,79세,경상
2020060800100316,2020년 6월 8일 13시,월요일,서울특별시 강남구 자곡동,중상사고,0,1,0,0,차대사람 - 횡단중,보행자보호의무위반,건조,맑음,교차로 - 교차로횡단보도내,승용,여,34세,상해없음,보행자,남,72세,중상
2020060800100350,2020년 6월 8일 14시,월요일,서울특별시 강동구 길동,경상사고,0,0,1,0,차대사람 - 기타,안전운전불이행,건조,맑음,단일로 - 기타,승용,여,69세,상해없음,보행자,여,81세,경상
2020060800100527,2020년 6월 8일 18시,월요일,서울특별시 동대문구 장안동,경상사고,0,0,1,0,차대사람 - 기타,안전운전불이행,건조,맑음,단일로 - 기타,승용,남,41세,상해없음,보행자,남,75세,경상
2020060900100222,2020년 6월 9일 11시,화요일,서울특별시 송파구 잠실동,중상사고,0,1,0,0,차대사람 - 기타,보행자보호의무위반,건조,맑음,단일로 - 기타,승용,남,79세,상해없음,보행자,여,80세,중상
2020060900100373,2020년 6월 9일 15시,화요일,서울특별시 중랑구 망우동,경상사고,0,0,1,0,차대사람 - 길가장자리구역통행중,안전운전불이행,건조,맑음,기타 - 기타,화물,남,25세,상해없음,보행자,여,68세,경상
2020061000100178,2020년 6월 10일 10시,수요일,서울특별시 중랑구 면목동,경상사고,0,0,1,0,차대사람 - 기타,안전운전불이행,건조,맑음,단일로 - 기타,승용,남,72세,상해없음,보행자,여,89세,경상
2020061000100217,2020년 6월 10일 11시,수요일,서울특별시 도봉구 창동,중상사고,0,1,0,0,차대사람 - 횡단중,안전운전불이행,건조,맑음,단일로 - 기타,승용,남,51세,상해없음,보행자,여,69세,중상
2020061000100546,2020년 6월 10일 19시,수요일,서울특별시 동대문구 장안동,중상사고,0,1,0,0,차대사람 - 기타,안전운전불이행,건조,맑음,교차로 - 교차로부근,승용,남,46세,상해없음,보행자,여,75세,중상
2020061000100549,2020년 6월 10일 19시,수요일,서울특별시 중랑구 중화동,경상사고,0,0,2,0,차대사람 - 횡단중,안전운전불이행,젖음/습기,비,교차로 - 교차로안,승용,여,30세,상해없음,보행자,남,76세,경상
2020061000100553,2020년 6월 10일 19시,수요일,서울특별시 강남구 역삼동,중상사고,0,1,0,0,차대사람 - 횡단중,보행자보호의무위반,젖음/습기,비,교차로 - 교차로부근,승용,남,48세,상해없음,보행자,여,69세,중상
2020061000100575,2020년 6월 10일 20시,수요일,서울특별시 동대문구 용두동,경상사고,0,0,1,0,차대사람 - 기타,안전운전불이행,젖음/습기,비,교차로 - 교차로횡단보도내,승용,남,46세,상해없음,보행자,여,66세,경상
2020061100100055,2020년 6월 11일 04시,목요일,서울특별시 관악구 봉천동,사망사고,1,0,0,0,차대사람 - 기타,과속,건조,맑음,단일로 - 기타,승용,남,63세,상해없음,보행자,남,83세,사망
2020061100100172,2020년 6월 11일 10시,목요일,서울특별시 동대문구 제기동,중상사고,0,2,0,0,차대사람 - 기타,안전운전불이행,건조,맑음,단일로 - 기타,승용,남,76세,상해없음,보행자,여,74세,중상
2020061100100174,2020년 6월 11일 10시,목요일,서울특별시 금천구 시흥동,경상사고,0,0,1,0,차대사람 - 기타,안전운전불이행,건조,맑음,단일로 - 기타,자전거,남,27세,상해없음,보행자,남,78세,경상
2020061100100384,2020년 6월 11일 16시,목요일,서울특별시 종로구 명륜2가,중상사고,0,1,0,0,차대사람 - 횡단중,보행자보호의무위반,건조,맑음,교차로 - 교차로안,승용,여,52세,상해없음,보행자,여,77세,중상
2020061100100481,2020년 6월 11일 18시,목요일,서울특별시 양천구 목동,중상사고,0,1,0,0,차대사람 - 기타,안전운전불이행,건조,맑음,교차로 - 교차로안,승용,남,64세,상해없음,보행자,여,69세,중상
2020061200100089,2020년 6월 12일 08시,금요일,서울특별시 서초구 반포동,경상사고,0,0,1,0,차대사람 - 기타,안전운전불이행,건조,맑음,기타 - 기타,자전거,여,43세,상해없음,보행자,여,65세,경상
2020061200100136,2020년 6월 12일 09시,금요일,서울특별시 노원구 월계동,중상사고,0,1,0,0,차대사람 - 횡단중,보행자보호의무위반,건조,맑음,교차로 - 교차로안,화물,남,55세,상해없음,보행자,남,82세,중상
2020061200100171,2020년 6월 12일 10시,금요일,서울특별시 강서구 화곡동,중상사고,0,1,0,0,차대사람 - 기타,안전운전불이행,건조,맑음,기타 - 기타,승용,남,64세,상해없음,보행자,여,81세,중상
2020061200100213,2020년 6월 12일 11시,금요일,서울특별시 노원구 상계동,중상사고,0,1,0,0,차대사람 - 횡단중,보행자보호의무위반,건조,맑음,교차로 - 교차로횡단보도내,승합,남,56세,상해없음,보행자,여,80세,중상
2020061200100252,2020년 6월 12일 12시,금요일,서울특별시 강동구 상일동,경상사고,0,0,1,0,차대사람 - 횡단중,안전운전불이행,건조,맑음,단일로 - 기타,자전거,남,26세,상해없음,보행자,여,66세,경상
2020061200100325,2020년 6월 12일 14시,금요일,서울특별시 송파구 장지동,중상사고,0,1,0,0,차대사람 - 길가장자리구역통행중,안전운전불이행,건조,맑음,단일로 - 기타,화물,남,39세,상해없음,보행자,남,69세,중상
2020061200100391,2020년 6월 12일 16시,금요일,서울특별시 서대문구 연희동,중상사고,0,1,0,0,차대사람 - 보도통행중,기타,건조,맑음,단일로 - 기타,이륜,남,26세,상해없음,보행자,여,81세,중상
2020061200100490,2020년 6월 12일 18시,금요일,서울특별시 관악구 봉천동,중상사고,0,1,0,0,차대사람 - 횡단중,보행자보호의무위반,건조,맑음,교차로 - 교차로횡단보도내,화물,남,62세,상해없음,보행자,여,70세,중상
2020061300100174,2020년 6월 13일 10시,토요일,서울특별시 중랑구 면목동,중상사고,0,1,0,0,차대사람 - 차도통행중,안전운전불이행,건조,맑음,교차로 - 교차로안,화물,남,56세,상해없음,보행자,여,72세,중상
2020061300100203,2020년 6월 13일 11시,토요일,서울특별시 중구 태평로2가,경상사고,0,0,1,0,차대사람 - 기타,안전운전불이행,건조,맑음,기타 - 기타,승합,남,60세,상해없음,보행자,여,74세,경상
2020061300100205,2020년 6월 13일 11시,토요일,서울특별시 영등포구 신길동,중상사고,0,1,0,0,차대사람 - 길가장자리구역통행중,안전운전불이행,건조,맑음,단일로 - 기타,승용,여,57세,상해없음,보행자,남,69세,중상
2020061300100282,2020년 6월 13일 13시,토요일,서울특별시 동대문구 제기동,경상사고,0,0,1,0,차대사람 - 기타,안전운전불이행,건조,맑음,단일로 - 기타,승용,남,55세,상해없음,보행자,남,67세,경상
2020061300100287,2020년 6월 13일 13시,토요일,서울특별시 관악구 봉천동,중상사고,0,1,0,0,차대사람 - 기타,중앙선침범,건조,맑음,단일로 - 기타,화물,남,39세,상해없음,보행자,남,76세,중상
2020061300100440,2020년 6월 13일 17시,토요일,서울특별시 강동구 둔촌동,중상사고,0,1,0,0,차대사람 - 기타,안전운전불이행,건조,맑음,기타 - 기타,승용,남,70세,상해없음,보행자,남,65세,중상
2020061300100591,2020년 6월 13일 21시,토요일,서울특별시 금천구 시흥동,중상사고,0,1,0,0,차대사람 - 기타,안전운전불이행,건조,맑음,단일로 - 기타,화물,남,66세,상해없음,보행자,여,73세,중상
2020061400100098,2020년 6월 14일 08시,일요일,서울특별시 강서구 화곡동,사망사고,1,0,0,0,차대사람 - 횡단중,안전운전불이행,건조,맑음,단일로 - 기타,승용,남,33세,상해없음,보행자,여,76세,사망
2020061400100120,2020년 6월 14일 10시,일요일,서울특별시 동대문구 제기동,경상사고,0,0,1,0,차대사람 - 기타,안전운전불이행,건조,맑음,단일로 - 기타,승용,남,50세,상해없음,보행자,여,65세,경상
2020061400100143,2020년 6월 14일 11시,일요일,서울특별시 중랑구 신내동,중상사고,0,1,0,0,차대사람 - 기타,기타,건조,맑음,단일로 - 기타,승합,남,57세,상해없음,보행자,남,75세,중상
2020061400100222,2020년 6월 14일 14시,일요일,서울특별시 서초구 서초동,중상사고,0,1,0,0,차대사람 - 보도통행중,기타,건조,맑음,기타 - 기타,승용,남,73세,상해없음,보행자,남,80세,중상
2020061400100302,2020년 6월 14일 16시,일요일,서울특별시 영등포구 신길동,중상사고,0,1,0,0,차대사람 - 횡단중,보행자보호의무위반,건조,맑음,기타 - 기타,자전거,남,30세,상해없음,보행자,남,70세,중상
2020061400100431,2020년 6월 14일 20시,일요일,서울특별시 영등포구 신길동,경상사고,0,0,1,0,차대사람 - 횡단중,신호위반,건조,맑음,교차로 - 교차로부근,이륜,남,21세,상해없음,보행자,남,68세,경상
2020061400100455,2020년 6월 14일 21시,일요일,서울특별시 중구 남대문로5가,중상사고,0,1,0,0,차대사람 - 기타,안전운전불이행,건조,맑음,교차로 - 교차로부근,승용,남,65세,상해없음,보행자,남,68세,중상
2020061500100220,2020년 6월 15일 11시,월요일,서울특별시 도봉구 창동,경상사고,0,0,1,0,차대사람 - 차도통행중,신호위반,건조,맑음,단일로 - 기타,자전거,남,26세,상해없음,보행자,여,65세,경상
2020061500100366,2020년 6월 15일 15시,월요일,서울특별시 성동구 도선동,중상사고,0,1,0,0,차대사람 - 횡단중,안전운전불이행,건조,맑음,단일로 - 기타,원동기,남,33세,상해없음,보행자,여,75세,중상
2020061500100411,2020년 6월 15일 16시,월요일,서울특별시 성동구 옥수동,중상사고,0,1,0,0,차대사람 - 기타,안전운전불이행,건조,맑음,기타 - 기타,자전거,남,28세,상해없음,보행자,여,70세,중상
2020061500100583,2020년 6월 15일 19시,월요일,서울특별시 은평구 불광동,경상사고,0,0,1,0,차대사람 - 기타,안전운전불이행,건조,맑음,단일로 - 기타,자전거,남,8세,기타불명,보행자,여,68세,경상
2020061600100059,2020년 6월 16일 07시,화요일,서울특별시 도봉구 방학동,중상사고,0,1,0,0,차대사람 - 횡단중,안전운전불이행,건조,맑음,교차로 - 교차로안,승용,남,71세,상해없음,보행자,여,72세,중상
2020061600100095,2020년 6월 16일 08시,화요일,서울특별시 성북구 종암동,경상사고,0,0,1,0,차대사람 - 횡단중,안전운전불이행,건조,맑음,교차로 - 교차로부근,승용,남,35세,상해없음,보행자,남,80세,경상
2020061600100211,2020년 6월 16일 11시,화요일,서울특별시 강서구 화곡동,경상사고,0,0,1,0,차대사람 - 기타,안전운전불이행,건조,맑음,단일로 - 기타,승용,여,38세,상해없음,보행자,여,71세,경상
2020061600100238,2020년 6월 16일 12시,화요일,서울특별시 동대문구 회기동,중상사고,0,1,5,0,차대차 - 추돌,안전운전불이행,건조,맑음,교차로 - 교차로안,화물,남,55세,상해없음,승용,남,40세,경상
2020061700100195,2020년 6월 17일 11시,수요일,서울특별시 동작구 사당동,중상사고,0,1,0,0,차대사람 - 길가장자리구역통행중,안전운전불이행,건조,맑음,단일로 - 기타,승합,남,47세,상해없음,보행자,여,85세,중상
2020061700100235,2020년 6월 17일 12시,수요일,서울특별시 은평구 불광동,사망사고,1,0,0,0,차대사람 - 횡단중,안전운전불이행,건조,맑음,교차로 - 교차로안,승합,남,60세,상해없음,보행자,남,74세,사망
2020061700100268,2020년 6월 17일 13시,수요일,서울특별시 은평구 응암동,중상사고,0,1,0,0,차대사람 - 횡단중,보행자보호의무위반,건조,맑음,교차로 - 교차로횡단보도내,승용,남,58세,상해없음,보행자,여,83세,중상
2020061700100302,2020년 6월 17일 14시,수요일,서울특별시 강북구 미아동,중상사고,0,1,0,0,차대사람 - 기타,안전운전불이행,건조,맑음,단일로 - 기타,이륜,남,56세,상해없음,보행자,여,87세,중상
2020061800100199,2020년 6월 18일 10시,목요일,서울특별시 중구 중림동,경상사고,0,0,1,0,차대사람 - 차도통행중,안전운전불이행,건조,맑음,단일로 - 기타,이륜,남,51세,상해없음,보행자,여,69세,경상
2020061800100200,2020년 6월 18일 10시,목요일,서울특별시 강북구 미아동,중상사고,0,1,0,0,차대사람 - 횡단중,보행자보호의무위반,건조,맑음,교차로 - 교차로횡단보도내,화물,남,44세,상해없음,보행자,여,78세,중상