사고번호,사고일시,요일,시군구,사고내용,사망자수,중상자수,경상자수,부상신고자수,사고유형,법규위반,노면상태,기상상태,도로형태,가해운전자 차종,가해운전자 성별,가해운전자 연령,가해운전자 상해정도,피해운전자 차종,피해운전자 성별,피해운전자 연령,피해운전자 상해정도
2020071200100157,2020년 7월 12일 12시,일요일,서울특별시 강동구 길동,중상사고,0,1,0,0,차대사람 - 기타,안전운전불이행,건조,맑음,교차로 - 교차로부근,승용,남,67세,상해없음,보행자,여,81세,중상
2020071200100325,2020년 7월 12일 18시,일요일,서울특별시 강북구 미아동,경상사고,0,0,1,0,차대사람 - 기타,안전운전불이행,젖음/습기,비,교차로 - 교차로안,자전거,남,66세,상해없음,보행자,여,74세,경상
2020071200100435,2020년 7월 12일 21시,일요일,서울특별시 강북구 미아동,중상사고,0,1,0,0,차대사람 - 횡단중,안전운전불이행,젖음/습기,비,단일로 - 기타,이륜,남,28세,상해없음,보행자,여,66세,중상
2020071300100035,2020년 7월 13일 03시,월요일,서울특별시 강남구 논현동,중상사고,0,1,0,0,차대사람 - 횡단중,안전운전불이행,건조,맑음,교차로 - 교차로횡단보도내,승용,남,57세,상해없음,보행자,여,67세,중상
2020071300100494,2020년 7월 13일 20시,월요일,서울특별시 송파구 가락동,중상사고,0,1,0,0,차대사람 - 횡단중,보행자보호의무위반,젖음/습기,비,교차로 - 교차로횡단보도내,승용,여,46세,상해없음,보행자,여,67세,중상
2020071400100010,2020년 7월 14일 00시,화요일,서울특별시 송파구 삼전동,부상신고사고,0,0,0,1,차대사람 - 횡단중,안전운전불이행,젖음/습기,비,단일로 - 기타,승용,남,57세,상해없음,보행자,남,65세,부상신고
2020071400100056,2020년 7월 14일 03시,화요일,서울특별시 영등포구 영등포동7가,경상사고,0,0,1,0,차대사람 - 기타,안전운전불이행,건조,맑음,단일로 - 기타,승용,남,37세,상해없음,보행자,여,81세,경상
2020071400100211,2020년 7월 14일 11시,화요일,서울특별시 영등포구 신길동,중상사고,0,1,0,0,차대사람 - 기타,안전운전불이행,건조,맑음,단일로 - 기타,승용,남,83세,상해없음,보행자,여,70세,중상
2020071400100279,2020년 7월 14일 13시,화요일,서울특별시 강남구 개포동,중상사고,0,1,0,0,차대사람 - 기타,안전운전불이행,건조,맑음,단일로 - 기타,승용,남,48세,상해없음,보행자,남,74세,중상
2020071400100304,2020년 7월 14일 14시,화요일,서울특별시 서대문구 합동,경상사고,0,0,1,0,차대사람 - 횡단중,기타,건조,맑음,단일로 - 기타,승용,남,43세,상해없음,보행자,남,85세,경상
2020071400100308,2020년 7월 14일 14시,화요일,서울특별시 영등포구 당산동3가,중상사고,0,1,0,0,차대사람 - 길가장자리구역통행중,안전운전불이행,건조,맑음,교차로 - 교차로안,화물,남,36세,상해없음,보행자,여,71세,중상
2020071400100348,2020년 7월 14일 15시,화요일,서울특별시 용산구 이촌동,중상사고,0,1,0,0,차대사람 - 보도통행중,보행자보호의무위반,건조,흐림,교차로 - 교차로안,화물,남,68세,상해없음,보행자,남,86세,중상
2020071400100391,2020년 7월 14일 16시,화요일,서울특별시 양천구 신월동,중상사고,0,1,0,0,차대사람 - 횡단중,보행자보호의무위반,건조,맑음,교차로 - 교차로횡단보도내,승용,여,65세,상해없음,보행자,남,77세,중상
2020071400100421,2020년 7월 14일 17시,화요일,서울특별시 동대문구 이문동,경상사고,0,0,1,0,차대사람 - 차도통행중,안전운전불이행,건조,맑음,단일로 - 기타,자전거,남,52세,기타불명,보행자,여,68세,경상
2020071500100159,2020년 7월 15일 10시,수요일,서울특별시 강남구 논현동,경상사고,0,0,1,0,차대사람 - 기타,중앙선침범,건조,맑음,단일로 - 기타,승용,남,35세,상해없음,보행자,남,73세,경상
2020071500100214,2020년 7월 15일 12시,수요일,서울특별시 강동구 암사동,중상사고,0,1,0,0,차대사람 - 기타,안전운전불이행,건조,맑음,단일로 - 기타,기타불명,기타불명,미분류,기타불명,보행자,여,70세,중상
2020071500100393,2020년 7월 15일 17시,수요일,서울특별시 서대문구 홍제동,중상사고,0,1,2,0,차대차 - 추돌,안전운전불이행,건조,맑음,교차로 - 교차로부근,승용,남,54세,상해없음,승용,남,49세,경상
2020071500100394,2020년 7월 15일 17시,수요일,서울특별시 동작구 흑석동,중상사고,0,1,0,0,차대사람 - 기타,안전운전불이행,건조,맑음,단일로 - 기타,승용,남,62세,상해없음,보행자,남,67세,중상
2020071600100308,2020년 7월 16일 14시,목요일,서울특별시 금천구 가산동,경상사고,0,0,1,0,차대사람 - 보도통행중,보행자보호의무위반,건조,맑음,교차로 - 교차로횡단보도내,승용,남,58세,상해없음,보행자,여,66세,경상
2020071600100388,2020년 7월 16일 16시,목요일,서울특별시 금천구 가산동,중상사고,0,1,0,0,차대사람 - 보도통행중,보행자보호의무위반,건조,맑음,교차로 - 교차로안,화물,남,53세,상해없음,보행자,여,71세,중상
2020071700100042,2020년 7월 17일 05시,금요일,서울특별시 강서구 방화동,중상사고,0,1,0,0,차대사람 - 차도통행중,안전운전불이행,건조,맑음,단일로 - 기타,승용,남,50세,상해없음,보행자,여,72세,중상
2020071700100051,2020년 7월 17일 06시,금요일,서울특별시 강동구 암사동,중상사고,0,2,0,0,차대사람 - 횡단중,안전운전불이행,건조,맑음,단일로 - 기타,자전거,남,38세,상해없음,보행자,남,83세,중상
2020071700100285,2020년 7월 17일 14시,금요일,서울특별시 종로구 숭인동,중상사고,0,1,0,0,차대사람 - 길가장자리구역통행중,안전운전불이행,건조,맑음,단일로 - 기타,승용,남,50세,상해없음,보행자,남,79세,중상
2020071700100286,2020년 7월 17일 14시,금요일,서울특별시 마포구 상암동,중상사고,0,1,0,0,차대사람 - 기타,안전운전불이행,건조,맑음,교차로 - 교차로안,화물,남,39세,상해없음,보행자,남,69세,중상
2020071700100424,2020년 7월 17일 17시,금요일,서울특별시 강북구 미아동,경상사고,0,0,1,0,차대사람 - 횡단중,중앙선침범,젖음/습기,비,단일로 - 기타,이륜,남,17세,상해없음,보행자,여,68세,경상
2020071700100586,2020년 7월 17일 20시,금요일,서울특별시 강동구 성내동,경상사고,0,0,1,0,차대사람 - 기타,안전운전불이행,건조,맑음,단일로 - 기타,기타불명,기타불명,미분류,기타불명,보행자,여,65세,경상
2020071800100089,2020년 7월 18일 07시,토요일,서울특별시 은평구 갈현동,경상사고,0,0,1,0,차대사람 - 횡단중,보행자보호의무위반,건조,맑음,교차로 - 교차로횡단보도내,승용,남,65세,상해없음,보행자,여,65세,경상
2020071800100346,2020년 7월 18일 15시,토요일,서울특별시 강서구 등촌동,중상사고,0,1,0,0,차대사람 - 기타,신호위반,건조,맑음,교차로 - 교차로횡단보도내,승용,여,58세,상해없음,보행자,남,75세,중상
2020071800100383,2020년 7월 18일 16시,토요일,서울특별시 관악구 신림동,경상사고,0,0,1,0,차대사람 - 기타,안전운전불이행,건조,맑음,단일로 - 기타,개인형이동수단(PM),남,17세,상해없음,보행자,여,68세,경상
2020071800100587,2020년 7월 18일 22시,토요일,서울특별시 관악구 신림동,중상사고,0,1,0,0,차대사람 - 횡단중,보행자보호의무위반,건조,맑음,단일로 - 기타,이륜,남,24세,상해없음,보행자,여,77세,중상
2020071800100588,2020년 7월 18일 22시,토요일,서울특별시 강서구 화곡동,경상사고,0,0,1,0,차대사람 - 기타,신호위반,건조,기타,교차로 - 교차로부근,화물,남,49세,기타불명,보행자,남,66세,경상
2020071900100066,2020년 7월 19일 05시,일요일,서울특별시 금천구 시흥동,중상사고,0,1,0,0,차대사람 - 횡단중,신호위반,젖음/습기,흐림,교차로 - 교차로안,승용,남,37세,상해없음,보행자,여,67세,중상
2020071900100067,2020년 7월 19일 05시,일요일,서울특별시 양천구 신정동,경상사고,0,0,1,0,차대사람 - 횡단중,안전운전불이행,젖음/습기,비,단일로 - 기타,승용,남,60세,상해없음,보행자,여,79세,경상
2020071900100332,2020년 7월 19일 19시,일요일,서울특별시 양천구 신정동,사망사고,1,0,0,0,차대사람 - 횡단중,안전운전불이행,건조,맑음,단일로 - 교량,승용,남,41세,상해없음,보행자,여,76세,사망
2020072000100178,2020년 7월 20일 11시,월요일,서울특별시 성북구 하월곡동,경상사고,0,0,1,0,차대사람 - 횡단중,교차로운행방법위반,건조,맑음,교차로 - 교차로안,화물,남,56세,상해없음,보행자,여,72세,경상
2020072000100239,2020년 7월 20일 13시,월요일,서울특별시 서대문구 북가좌동,중상사고,0,1,0,0,차대사람 - 횡단중,보행자보호의무위반,건조,맑음,단일로 - 기타,승용,남,51세,상해없음,보행자,여,77세,중상
2020072000100364,2020년 7월 20일 17시,월요일,서울특별시 강동구 성내동,경상사고,0,0,1,0,차대사람 - 차도통행중,안전운전불이행,건조,맑음,단일로 - 기타,개인형이동수단(PM),남,17세,상해없음,보행자,여,68세,경상
2020072000100470,2020년 7월 20일 20시,월요일,서울특별시 동대문구 장안동,경상사고,0,0,1,0,차대사람 - 차도통행중,안전운전불이행,건조,맑음,단일로 - 기타,승용,여,39세,상해없음,보행자,남,66세,경상
2020072100100054,2020년 7월 21일 04시,화요일,서울특별시 양천구 신월동,중상사고,0,1,0,0,차대사람 - 횡단중,안전운전불이행,건조,맑음,교차로 - 교차로부근,이륜,남,48세,상해없음,보행자,남,65세,중상
2020072100100096,2020년 7월 21일 08시,화요일,서울특별시 동대문구 용두동,중상사고,0,1,0,0,차대사람 - 기타,안전운전불이행,건조,맑음,단일로 - 기타,승용,남,47세,상해없음,보행자,여,71세,중상
2020072100100342,2020년 7월 21일 15시,화요일,서울특별시 강서구 화곡동,중상사고,0,1,0,0,차대사람 - 보도통행중,보행자보호의무위반,건조,맑음,교차로 - 교차로부근,승용,남,36세,상해없음,보행자,여,66세,중상
2020072100100415,2020년 7월 21일 17시,화요일,서울특별시 종로구 창신동,경상사고,0,0,1,0,차대사람 - 횡단중,보행자보호의무위반,건조,맑음,단일로 - 기타,원동기,남,22세,상해없음,보행자,여,72세,경상
2020072100100417,2020년 7월 21일 17시,화요일,서울특별시 성북구 하월곡동,경상사고,0,0,1,0,차대사람 - 기타,안전운전불이행,건조,맑음,기타 - 기타,승합,남,61세,기타불명,보행자,남,82세,경상
2020072100100449,2020년 7월 21일 18시,화요일,서울특별시 동대문구 제기동,중상사고,0,1,0,0,차대사람 - 횡단중,신호위반,건조,흐림,교차로 - 교차로안,원동기,남,23세,상해없음,보행자,남,81세,중상
2020072100100458,2020년 7월 21일 18시,화요일,서울특별시 강남구 역삼동,경상사고,0,0,1,0,차대사람 - 길가장자리구역통행중,안전운전불이행,건조,맑음,단일로 - 기타,승용,여,69세,상해없음,보행자,여,77세,경상
2020072100100503,2020년 7월 21일 19시,화요일,서울특별시 송파구 문정동,중상사고,0,1,0,0,차대사람 - 기타,안전운전불이행,건조,맑음,단일로 - 기타,자전거,남,45세,상해없음,보행자,여,68세,중상
2020072200100231,2020년 7월 22일 11시,수요일,서울특별시 서초구 방배동,경상사고,0,0,1,0,차대사람 - 기타,안전운전불이행,젖음/습기,비,단일로 - 기타,승용,남,50세,상해없음,보행자,남,66세,경상
2020072200100391,2020년 7월 22일 16시,수요일,서울특별시 송파구 문정동,중상사고,0,1,0,0,차대사람 - 차도통행중,안전운전불이행,젖음/습기,비,교차로 - 교차로안,승용,남,39세,상해없음,보행자,남,69세,중상
2020072200100420,2020년 7월 22일 17시,수요일,서울특별시 영등포구 여의도동,경상사고,0,0,1,0,차대사람 - 횡단중,안전운전불이행,젖음/습기,비,단일로 - 기타,승용,남,59세,상해없음,보행자,남,98세 이상,경상
2020072200100562,2020년 7월 22일 20시,수요일,서울특별시 성북구 하월곡동,중상사고,0,1,0,0,차대사람 - 횡단중,보행자보호의무위반,건조,흐림,교차로 - 교차로횡단보도내,승합,남,55세,상해없음,보행자,남,66세,중상
2020072200100594,2020년 7월 22일 21시,수요일,서울특별시 은평구 진관동,중상사고,0,1,0,0,차대사람 - 기타,안전운전불이행,건조,맑음,기타 - 기타,승용,여,32세,상해없음,보행자,여,78세,중상
2020072300100051,2020년 7월 23일 05시,목요일,서울특별시 동작구 상도1동,경상사고,0,0,1,0,차대사람 - 횡단중,신호위반,젖음/습기,흐림,단일로 - 기타,이륜,남,25세,상해없음,보행자,여,67세,경상
2020072300100063,2020년 7월 23일 06시,목요일,서울특별시 금천구 시흥동,중상사고,0,1,0,0,차대사람 - 기타,보행자보호의무위반,젖음/습기,비,교차로 - 교차로횡단보도내,화물,남,32세,상해없음,보행자,여,65세,중상
2020072300100269,2020년 7월 23일 14시,목요일,서울특별시 서대문구 북아현동,중상사고,0,1,0,0,차대사람 - 기타,중앙선침범,건조,맑음,단일로 - 기타,승용,남,64세,상해없음,보행자,여,88세,중상
2020072300100579,2020년 7월 23일 21시,목요일,서울특별시 관악구 신림동,경상사고,0,0,1,0,차대사람 - 기타,안전운전불이행,젖음/습기,비,교차로 - 교차로횡단보도내,승용,남,26세,상해없음,보행자,여,68세,경상
2020072300100623,2020년 7월 23일 22시,목요일,서울특별시 관악구 신림동,중상사고,0,1,0,0,차대사람 - 기타,안전운전불이행,젖음/습기,비,교차로 - 교차로안,승용,여,48세,상해없음,보행자,남,65세,중상
2020072400100025,2020년 7월 24일 01시,금요일,서울특별시 동대문구 신설동,경상사고,0,0,1,0,차대사람 - 차도통행중,안전운전불이행,건조,맑음,단일로 - 기타,승용,남,63세,상해없음,보행자,여,72세,경상
2020072400100118,2020년 7월 24일 09시,금요일,서울특별시 도봉구 쌍문동,중상사고,0,1,0,0,차대사람 - 기타,안전운전불이행,젖음/습기,비,단일로 - 기타,승용,남,38세,상해없음,보행자,남,70세,중상
2020072400100286,2020년 7월 24일 15시,금요일,서울특별시 강서구 화곡동,경상사고,0,0,1,0,차대사람 - 기타,안전운전불이행,건조,맑음,단일로 - 기타,화물,남,40세,상해없음,보행자,여,71세,경상
2020072400100288,2020년 7월 24일 15시,금요일,서울특별시 성북구 석관동,중상사고,0,1,0,0,차대사람 - 보도통행중,안전운전불이행,건조,맑음,기타 - 기타,자전거,남,18세,상해없음,보행자,여,83세,중상
2020072400100405,2020년 7월 24일 18시,금요일,서울특별시 광진구 군자동,중상사고,0,1,0,0,차대사람 - 보도통행중,신호위반,기타,맑음,단일로 - 기타,자전거,남,56세,상해없음,보행자,여,81세,중상
2020072500100028,2020년 7월 25일 01시,토요일,서울특별시 송파구 장지동,경상사고,0,0,1,0,차대사람 - 횡단중,안전운전불이행,건조,맑음,교차로 - 교차로안,승용,남,43세,상해없음,보행자,남,69세,경상
2020072500100082,2020년 7월 25일 04시,토요일,서울특별시 강남구 신사동,중상사고,0,1,0,0,차대사람 - 기타,안전운전불이행,건조,맑음,단일로 - 기타,승용,남,30세,상해없음,보행자,여,79세,중상
2020072500100266,2020년 7월 25일 13시,토요일,서울특별시 관악구 신림동,중상사고,0,1,0,0,차대사람 - 횡단중,안전운전불이행,건조,맑음,교차로 - 교차로안,승용,남,30세,상해없음,보행자,여,65세,중상
2020072500100344,2020년 7월 25일 15시,토요일,서울특별시 동대문구 용두동,경상사고,0,0,1,0,차대사람 - 기타,안전운전불이행,건조,맑음,단일로 - 기타,승합,남,57세,상해없음,보행자,여,67세,경상
2020072500100346,2020년 7월 25일 15시,토요일,서울특별시 강남구 삼성동,경상사고,0,0,1,0,차대사람 - 기타,안전운전불이행,건조,기타,단일로 - 기타,이륜,남,20세,상해없음,보행자,남,67세,경상
2020072600100246,2020년 7월 26일 15시,일요일,서울특별시 영등포구 여의도동,경상사고,0,0,1,0,차대사람 - 보도통행중,안전운전불이행,건조,맑음,단일로 - 기타,자전거,남,43세,상해없음,보행자,남,74세,경상
2020072600100316,2020년 7월 26일 17시,일요일,서울특별시 강동구 암사동,중상사고,0,1,0,0,차대사람 - 보도통행중,안전운전불이행,건조,맑음,단일로 - 기타,승용,남,49세,상해없음,보행자,남,73세,중상
2020072600100392,2020년 7월 26일 20시,일요일,서울특별시 구로구 개봉동,경상사고,0,0,1,0,차대사람 - 기타,안전운전불이행,건조,기타,단일로 - 기타,승용,남,30세,상해없음,보행자,남,66세,경상
2020072700100157,2020년 7월 27일 10시,월요일,서울특별시 마포구 서교동,중상사고,0,1,0,0,차대사람 - 기타,보행자보호의무위반,젖음/습기,비,교차로 - 교차로안,승합,남,71세,상해없음,보행자,여,67세,중상
2020072700100158,2020년 7월 27일 10시,월요일,서울특별시 관악구 봉천동,경상사고,0,0,1,0,차대사람 - 기타,안전운전불이행,건조,흐림,단일로 - 기타,승용,여,54세,상해없음,보행자,남,87세,경상
2020072700100160,2020년 7월 27일 10시,월요일,서울특별시 송파구 방이동,중상사고,0,1,0,0,차대사람 - 기타,안전운전불이행,젖음/습기,비,교차로 - 교차로안,승용,남,31세,상해없음,보행자,여,71세,중상
2020072700100161,2020년 7월 27일 10시,월요일,서울특별시 구로구 오류동,중상사고,0,1,0,0,차대사람 - 차도통행중,안전운전불이행,젖음/습기,흐림,교차로 - 교차로부근,이륜,남,42세,상해없음,보행자,여,72세,중상
2020072700100162,2020년 7월 27일 10시,월요일,서울특별시 구로구 고척동,경상사고,0,0,1,0,차대사람 - 보도통행중,보행자보호의무위반,젖음/습기,비,교차로 - 교차로횡단보도내,화물,남,61세,상해없음,보행자,남,70세,경상
2020072700100188,2020년 7월 27일 11시,월요일,서울특별시 영등포구 양평동1가,경상사고,0,0,1,0,차대사람 - 기타,안전운전불이행,젖음/습기,비,단일로 - 기타,특수,남,45세,상해없음,보행자,여,76세,경상
2020072700100259,2020년 7월 27일 13시,월요일,서울특별시 중구 남창동,부상신고사고,0,0,0,1,차대사람 - 기타,안전운전불이행,젖음/습기,비,단일로 - 기타,승용,여,72세,상해없음,보행자,여,66세,부상신고
2020072700100303,2020년 7월 27일 14시,월요일,서울특별시 강서구 화곡동,중상사고,0,1,0,0,차대사람 - 보도통행중,안전운전불이행,건조,맑음,단일로 - 기타,승용,여,46세,상해없음,보행자,여,76세,중상
2020072800100166,2020년 7월 28일 11시,화요일,서울특별시 도봉구 쌍문동,중상사고,0,1,0,0,차대사람 - 횡단중,안전운전불이행,건조,맑음,단일로 - 기타,승합,남,53세,상해없음,보행자,여,73세,중상
2020072800100187,2020년 7월 28일 12시,화요일,서울특별시 종로구 연건동,중상사고,0,1,0,0,차대사람 - 횡단중,보행자보호의무위반,건조,맑음,교차로 - 교차로안,승합,남,59세,상해없음,보행자,여,78세,중상
2020072800100267,2020년 7월 28일 15시,화요일,서울특별시 중랑구 면목동,중상사고,0,1,0,1,차대사람 - 횡단중,안전운전불이행,건조,흐림,단일로 - 기타,이륜,남,75세,부상신고,보행자,남,80세,중상
2020072800100432,2020년 7월 28일 19시,화요일,서울특별시 동대문구 전농동,중상사고,0,1,0,0,차대사람 - 기타,기타,건조,맑음,단일로 - 기타,승합,남,36세,상해없음,보행자,남,65세,중상
2020072900100062,2020년 7월 29일 05시,수요일,서울특별시 성동구 행당동,중상사고,0,1,0,0,차대사람 - 기타,안전운전불이행,젖음/습기,비,단일로 - 기타,이륜,여,21세,상해없음,보행자,남,76세,중상
2020072900100181,2020년 7월 29일 11시,수요일,서울특별시 종로구 관수동,경상사고,0,0,1,0,차대사람 - 차도통행중,안전운전불이행,젖음/습기,비,단일로 - 기타,화물,남,57세,상해없음,보행자,남,67세,경상
2020072900100262,2020년 7월 29일 13시,수요일,서울특별시 관악구 봉천동,부상신고사고,0,0,0,1,차대사람 - 차도통행중,안전운전불이행,건조,맑음,교차로 - 교차로안,승용,여,61세,상해없음,보행자,남,65세,부상신고
2020072900100397,2020년 7월 29일 17시,수요일,서울특별시 도봉구 창동,중상사고,0,1,0,0,차대사람 - 횡단중,안전운전불이행,젖음/습기,비,교차로 - 교차로횡단보도내,승용,여,49세,상해없음,보행자,여,66세,중상
2020072900100467,2020년 7월 29일 19시,수요일,서울특별시 구로구 오류동,중상사고,0,1,0,0,차대사람 - 횡단중,안전운전불이행,건조,맑음,교차로 - 교차로안,승용,남,71세,상해없음,보행자,여,78세,중상
2020073000100575,2020년 7월 30일 22시,목요일,서울특별시 도봉구 쌍문동,중상사고,0,1,0,0,차대사람 - 횡단중,안전운전불이행,건조,맑음,단일로 - 기타,원동기,남,33세,상해없음,보행자,남,76세,중상
2020073100100038,2020년 7월 31일 03시,금요일,서울특별시 강동구 고덕동,경상사고,0,0,1,0,차대사람 - 차도통행중,안전운전불이행,건조,맑음,단일로 - 기타,자전거,남,65세,상해없음,보행자,여,69세,경상
2020073100100053,2020년 7월 31일 05시,금요일,서울특별시 강동구 고덕동,부상신고사고,0,0,0,1,차대사람 - 기타,안전운전불이행,건조,맑음,교차로 - 교차로안,승용,남,51세,상해없음,보행자,여,88세,부상신고
2020073100100061,2020년 7월 31일 06시,금요일,서울특별시 동대문구 장안동,경상사고,0,0,1,0,차대사람 - 횡단중,신호위반,건조,맑음,교차로 - 교차로안,자전거,남,24세,상해없음,보행자,여,77세,경상
2020073100100161,2020년 7월 31일 11시,금요일,서울특별시 도봉구 방학동,중상사고,0,1,0,0,차대사람 - 횡단중,안전운전불이행,건조,맑음,교차로 - 교차로안,승용,여,52세,상해없음,보행자,여,81세,중상
2020073100100195,2020년 7월 31일 12시,금요일,서울특별시 중랑구 상봉동,중상사고,0,1,0,0,차대사람 - 차도통행중,안전운전불이행,건조,맑음,교차로 - 교차로부근,승용,여,68세,상해없음,보행자,남,81세,중상
2020073100100352,2020년 7월 31일 16시,금요일,서울특별시 성동구 금호동1가,경상사고,0,0,1,0,차대사람 - 기타,보행자보호의무위반,건조,맑음,교차로 - 교차로횡단보도내,승용,남,68세,상해없음,보행자,여,75세,경상
2020080100100072,2020년 8월 1일 05시,토요일,서울특별시 구로구 개봉동,중상사고,0,1,0,0,차대사람 - 기타,안전운전불이행,건조,맑음,교차로 - 교차로안,승용,남,46세,상해없음,보행자,여,76세,중상
2020080100100439,2020년 8월 1일 18시,토요일,서울특별시 동대문구 장안동,중상사고,0,1,0,0,차대사람 - 기타,안전운전불이행,젖음/습기,흐림,교차로 - 교차로안,이륜,남,38세,상해없음,보행자,남,66세,중상
2020080100100497,2020년 8월 1일 20시,토요일,서울특별시 도봉구 도봉동,경상사고,0,0,1,0,차대사람 - 기타,안전운전불이행,건조,흐림,교차로 - 교차로안,승용,여,56세,상해없음,보행자,남,65세,경상
2020080200100010,2020년 8월 2일 01시,일요일,서울특별시 중랑구 상봉동,경상사고,0,0,1,0,차대사람 - 기타,안전운전불이행,젖음/습기,비,단일로 - 기타,승용,남,53세,상해없음,보행자,남,73세,경상
2020080200100047,2020년 8월 2일 05시,일요일,서울특별시 송파구 마천동,경상사고,0,0,1,0,차대사람 - 횡단중,보행자보호의무위반,건조,맑음,교차로 - 교차로횡단보도내,승용,남,61세,상해없음,보행자,남,72세,경상
2020080200100102,2020년 8월 2일 11시,일요일,서울특별시 강서구 화곡동,경상사고,0,0,1,0,차대사람 - 보도통행중,안전운전불이행,젖음/습기,비,단일로 - 기타,승합,남,64세,기타불명,보행자,여,66세,경상
2020080200100123,2020년 8월 2일 12시,일요일,서울특별시 도봉구 방학동,경상사고,0,0,1,0,차대사람 - 차도통행중,안전운전불이행,젖음/습기,비,교차로 - 교차로안,승용,남,73세,상해없음,보행자,여,85세,경상
2020080300100172,2020년 8월 3일 11시,월요일,서울특별시 금천구 가산동,경상사고,0,0,1,0,차대사람 - 기타,안전운전불이행,젖음/습기,비,단일로 - 기타,자전거,남,66세,상해없음,보행자,여,67세,경상
2020080300100283,2020년 8월 3일 14시,월요일,서울특별시 성동구 금호동3가,부상신고사고,0,0,0,1,차대사람 - 차도통행중,안전운전불이행,젖음/습기,비,교차로 - 교차로부근,승용,남,65세,상해없음,보행자,남,75세,부상신고
2020080300100289,2020년 8월 3일 14시,월요일,서울특별시 성북구 석관동,경상사고,0,0,1,0,차대사람 - 보도통행중,신호위반,젖음/습기,비,교차로 - 교차로횡단보도내,승용,남,70세,상해없음,보행자,남,65세,경상
2020080400100106,2020년 8월 4일 09시,화요일,서울특별시 관악구 봉천동,경상사고,0,0,1,0,차대사람 - 횡단중,안전운전불이행,건조,맑음,교차로 - 교차로안,승용,여,41세,상해없음,보행자,여,68세,경상
2020080400100301,2020년 8월 4일 15시,화요일,서울특별시 용산구 문배동,중상사고,0,1,0,0,차대사람 - 기타,안전운전불이행,건조,맑음,교차로 - 교차로안,이륜,남,42세,상해없음,보행자,여,70세,중상
2020080400100520,2020년 8월 4일 21시,화요일,서울특별시 강서구 화곡동,중상사고,0,1,0,0,차대사람 - 기타,안전운전불이행,건조,맑음,교차로 - 교차로부근,승용,남,65세,기타불명,보행자,남,69세,중상
2020080500100039,2020년 8월 5일 04시,수요일,서울특별시 강남구 삼성동,중상사고,0,1,0,0,차대사람 - 횡단중,신호위반,기타,기타,기타 - 기타,승용,남,25세,상해없음,보행자,남,76세,중상
2020080500100073,2020년 8월 5일 08시,수요일,서울특별시 중랑구 묵동,경상사고,0,0,1,0,차대사람 - 기타,안전운전불이행,젖음/습기,비,단일로 - 기타,승용,남,48세,상해없음,보행자,여,68세,경상
2020080500100189,2020년 8월 5일 12시,수요일,서울특별시 성동구 금호동4가,경상사고,0,0,1,0,차대사람 - 보도통행중,신호위반,건조,맑음,교차로 - 교차로횡단보도내,이륜,남,56세,상해없음,보행자,여,74세,경상
2020080500100284,2020년 8월 5일 15시,수요일,서울특별시 마포구 아현동,경상사고,0,0,1,0,차대사람 - 횡단중,안전운전불이행,건조,맑음,단일로 - 기타,화물,남,42세,상해없음,보행자,여,70세,경상
2020080500100424,2020년 8월 5일 19시,수요일,서울특별시 용산구 청파동3가,경상사고,0,0,1,0,차대사람 - 기타,안전운전불이행,건조,맑음,단일로 - 기타,이륜,남,53세,상해없음,보행자,남,70세,경상
2020080500100426,2020년 8월 5일 19시,수요일,서울특별시 동작구 노량진동,경상사고,0,0,1,0,차대사람 - 기타,보행자보호의무위반,젖음/습기,비,단일로 - 기타,승용,여,59세,상해없음,보행자,여,78세,경상
2020080600100003,2020년 8월 6일 00시,목요일,서울특별시 동작구 상도동,중상사고,0,1,0,0,차대사람 - 횡단중,보행자보호의무위반,젖음/습기,비,교차로 - 교차로횡단보도내,이륜,남,22세,기타불명,보행자,남,70세,중상
2020080600100075,2020년 8월 6일 06시,목요일,서울특별시 서초구 방배동,중상사고,0,1,0,0,차대사람 - 차도통행중,안전운전불이행,젖음/습기,비,교차로 - 교차로안,승용,여,54세,상해없음,보행자,여,72세,중상
2020080600100084,2020년 8월 6일 07시,목요일,서울특별시 송파구 풍납동,경상사고,0,0,1,0,차대사람 - 횡단중,보행자보호의무위반,건조,맑음,기타 - 기타,승용,남,59세,상해없음,보행자,여,65세,경상
2020080600100146,2020년 8월 6일 09시,목요일,서울특별시 노원구 상계동,중상사고,0,1,0,0,차대사람 - 차도통행중,안전운전불이행,건조,맑음,주차장 - 주차장,승용,남,29세,상해없음,보행자,남,81세,중상
2020080600100297,2020년 8월 6일 14시,목요일,서울특별시 성북구 종암동,중상사고,0,1,0,0,차대사람 - 차도통행중,안전운전불이행,건조,맑음,기타 - 기타,승용,남,57세,상해없음,보행자,여,86세,중상
2020080600100449,2020년 8월 6일 18시,목요일,서울특별시 양천구 신월동,중상사고,0,1,0,0,차대사람 - 기타,기타,건조,맑음,단일로 - 기타,화물,남,39세,상해없음,보행자,여,65세,중상
2020080700100125,2020년 8월 7일 09시,금요일,서울특별시 영등포구 양평동,중상사고,0,1,0,0,차대사람 - 횡단중,안전운전불이행,건조,맑음,단일로 - 교량,승용,남,49세,상해없음,보행자,남,74세,중상