사고번호,사고일시,요일,시군구,사고내용,사망자수,중상자수,경상자수,부상신고자수,사고유형,법규위반,노면상태,기상상태,도로형태,가해운전자 차종,가해운전자 성별,가해운전자 연령,가해운전자 상해정도,피해운전자 차종,피해운전자 성별,피해운전자 연령,피해운전자 상해정도
2020080700100159,2020년 8월 7일 10시,금요일,서울특별시 송파구 마천동,경상사고,0,0,1,0,차대사람 - 횡단중,신호위반,건조,맑음,교차로 - 교차로횡단보도내,승용,남,57세,상해없음,보행자,여,67세,경상
2020080700100190,2020년 8월 7일 11시,금요일,서울특별시 중구 중림동,중상사고,0,1,0,0,차대사람 - 기타,안전운전불이행,건조,맑음,단일로 - 기타,승용,남,35세,상해없음,보행자,여,70세,중상
2020080700100191,2020년 8월 7일 11시,금요일,서울특별시 서초구 방배동,중상사고,0,1,0,0,차대사람 - 기타,안전운전불이행,건조,맑음,교차로 - 교차로안,승합,남,33세,상해없음,보행자,여,78세,중상
2020080700100252,2020년 8월 7일 13시,금요일,서울특별시 노원구 상계동,중상사고,0,1,0,0,차대사람 - 횡단중,안전운전불이행,건조,맑음,기타 - 기타,자전거,여,41세,기타불명,보행자,여,65세,중상
2020080700100271,2020년 8월 7일 14시,금요일,서울특별시 중구 주교동,경상사고,0,0,1,0,차대사람 - 횡단중,안전운전불이행,건조,흐림,교차로 - 교차로안,화물,남,59세,상해없음,보행자,남,70세,경상
2020080800100070,2020년 8월 8일 05시,토요일,서울특별시 은평구 불광동,중상사고,0,1,0,0,차대사람 - 횡단중,신호위반,건조,맑음,단일로 - 기타,승용,남,55세,상해없음,보행자,여,78세,중상
2020080800100077,2020년 8월 8일 06시,토요일,서울특별시 영등포구 영등포동1가,중상사고,0,1,0,0,차대사람 - 횡단중,안전운전불이행,건조,맑음,단일로 - 기타,승용,남,60세,상해없음,보행자,남,70세,중상
2020080800100148,2020년 8월 8일 10시,토요일,서울특별시 금천구 시흥동,경상사고,0,0,1,0,차대사람 - 기타,안전운전불이행,건조,맑음,교차로 - 교차로안,승용,남,47세,상해없음,보행자,여,74세,경상
2020080800100432,2020년 8월 8일 19시,토요일,서울특별시 강동구 명일동,경상사고,0,0,1,0,차대사람 - 기타,안전운전불이행,건조,맑음,교차로 - 교차로안,기타불명,기타불명,미분류,기타불명,보행자,여,78세,경상
2020080800100433,2020년 8월 8일 19시,토요일,서울특별시 서초구 서초동,중상사고,0,2,0,0,차대사람 - 횡단중,보행자보호의무위반,젖음/습기,비,교차로 - 교차로횡단보도내,이륜,남,36세,상해없음,보행자,여,38세,중상
2020081000100098,2020년 8월 10일 09시,월요일,서울특별시 동작구 상도동,중상사고,0,1,0,0,차대사람 - 횡단중,보행자보호의무위반,건조,맑음,단일로 - 터널,승용,여,35세,상해없음,보행자,여,81세,중상
2020081000100105,2020년 8월 10일 09시,월요일,서울특별시 은평구 갈현동,경상사고,0,0,1,0,차대사람 - 보도통행중,기타,젖음/습기,비,미분류 - 미분류,승용,남,73세,상해없음,보행자,여,83세,경상
2020081000100137,2020년 8월 10일 10시,월요일,서울특별시 용산구 청파동3가,중상사고,0,1,0,0,차대사람 - 횡단중,안전운전불이행,건조,맑음,교차로 - 교차로부근,승용,남,27세,상해없음,보행자,남,79세,중상
2020081000100400,2020년 8월 10일 18시,월요일,서울특별시 용산구 신창동,경상사고,0,0,1,0,차대사람 - 횡단중,보행자보호의무위반,젖음/습기,비,교차로 - 교차로안,승용,남,57세,상해없음,보행자,남,75세,경상
2020081000100498,2020년 8월 10일 21시,월요일,서울특별시 동작구 사당동,중상사고,0,1,0,0,차대사람 - 차도통행중,안전운전불이행,젖음/습기,비,단일로 - 기타,승용,남,37세,상해없음,보행자,여,75세,중상
2020081100100003,2020년 8월 11일 00시,화요일,서울특별시 영등포구 영등포동3가,경상사고,0,0,1,0,차대사람 - 기타,안전운전불이행,젖음/습기,비,단일로 - 기타,승용,남,38세,상해없음,보행자,남,73세,경상
2020081100100052,2020년 8월 11일 04시,화요일,서울특별시 동작구 노량진동,중상사고,0,1,0,0,차대사람 - 횡단중,안전운전불이행,젖음/습기,비,단일로 - 기타,승용,여,69세,상해없음,보행자,여,65세,중상
2020081100100177,2020년 8월 11일 10시,화요일,서울특별시 마포구 염리동,경상사고,0,0,1,0,차대사람 - 횡단중,안전운전불이행,젖음/습기,맑음,단일로 - 기타,원동기,남,28세,상해없음,보행자,여,67세,경상
2020081100100178,2020년 8월 11일 10시,화요일,서울특별시 관악구 신림동,중상사고,0,1,0,0,차대사람 - 기타,기타,건조,맑음,교차로 - 교차로부근,승용,남,49세,상해없음,보행자,남,65세,중상
2020081100100253,2020년 8월 11일 12시,화요일,서울특별시 노원구 중계동,중상사고,0,2,1,0,차대사람 - 보도통행중,기타,건조,맑음,단일로 - 기타,승용,여,54세,상해없음,보행자,여,83세,중상
2020081100100275,2020년 8월 11일 13시,화요일,서울특별시 강서구 화곡동,중상사고,0,1,0,0,차대사람 - 기타,안전운전불이행,젖음/습기,흐림,교차로 - 교차로부근,승용,남,28세,상해없음,보행자,여,68세,중상
2020081100100312,2020년 8월 11일 14시,화요일,서울특별시 강남구 대치동,중상사고,0,1,0,0,차대사람 - 보도통행중,기타,건조,맑음,기타 - 기타,자전거,남,15세,상해없음,보행자,남,72세,중상
2020081100100445,2020년 8월 11일 18시,화요일,서울특별시 관악구 신림동,중상사고,0,1,1,0,차대사람 - 차도통행중,안전운전불이행,건조,맑음,단일로 - 기타,개인형이동수단(PM),남,23세,경상,보행자,남,68세,중상
2020081200100126,2020년 8월 12일 09시,수요일,서울특별시 마포구 합정동,경상사고,0,0,1,0,차대사람 - 횡단중,안전운전불이행,건조,맑음,교차로 - 교차로안,승용,여,51세,상해없음,보행자,여,66세,경상
2020081200100128,2020년 8월 12일 09시,수요일,서울특별시 관악구 봉천동,경상사고,0,0,1,0,차대사람 - 보도통행중,기타,건조,맑음,기타 - 기타,화물,남,45세,상해없음,보행자,남,68세,경상
2020081200100195,2020년 8월 12일 11시,수요일,서울특별시 동작구 상도동,중상사고,0,1,0,0,차대사람 - 차도통행중,안전운전불이행,건조,맑음,단일로 - 기타,승용,남,56세,기타불명,보행자,여,78세,중상
2020081300100047,2020년 8월 13일 07시,목요일,서울특별시 동대문구 휘경동,중상사고,0,1,0,0,차대사람 - 기타,안전운전불이행,건조,흐림,교차로 - 교차로안,화물,남,64세,상해없음,보행자,여,70세,중상
2020081300100051,2020년 8월 13일 07시,목요일,서울특별시 구로구 온수동,중상사고,0,1,0,0,차대사람 - 횡단중,안전운전불이행,건조,맑음,교차로 - 교차로횡단보도내,승용,남,81세,상해없음,보행자,남,84세,중상
2020081300100104,2020년 8월 13일 09시,목요일,서울특별시 관악구 남현동,중상사고,0,1,1,0,차대사람 - 차도통행중,안전운전불이행,건조,맑음,교차로 - 교차로부근,승용,여,37세,상해없음,보행자,여,65세,중상
2020081300100276,2020년 8월 13일 14시,목요일,서울특별시 강동구 길동,경상사고,0,0,1,0,차대사람 - 길가장자리구역통행중,안전운전불이행,건조,맑음,단일로 - 기타,승용,여,73세,상해없음,보행자,여,68세,경상
2020081300100277,2020년 8월 13일 14시,목요일,서울특별시 강동구 암사동,경상사고,0,0,1,0,차대사람 - 횡단중,보행자보호의무위반,기타,맑음,교차로 - 교차로횡단보도내,이륜,남,22세,상해없음,보행자,남,70세,경상
2020081300100433,2020년 8월 13일 18시,목요일,서울특별시 성동구 도선동,경상사고,0,0,1,0,차대사람 - 보도통행중,기타,건조,맑음,교차로 - 교차로부근,기타불명,기타불명,미분류,기타불명,보행자,여,73세,경상
2020081300100553,2020년 8월 13일 21시,목요일,서울특별시 용산구 보광동,경상사고,0,0,1,0,차대사람 - 기타,안전운전불이행,건조,맑음,단일로 - 기타,기타불명,기타불명,미분류,기타불명,보행자,남,68세,경상
2020081400100200,2020년 8월 14일 11시,금요일,서울특별시 송파구 잠실동,중상사고,0,1,0,0,차대사람 - 보도통행중,기타,건조,맑음,단일로 - 기타,승용,남,70세,상해없음,보행자,남,73세,중상
2020081400100587,2020년 8월 14일 20시,금요일,서울특별시 관악구 남현동,경상사고,0,0,1,0,차대사람 - 기타,안전운전불이행,건조,맑음,단일로 - 기타,승합,남,58세,상해없음,보행자,남,65세,경상
2020081400100629,2020년 8월 14일 21시,금요일,서울특별시 마포구 도화동,경상사고,0,0,1,0,차대사람 - 횡단중,보행자보호의무위반,건조,맑음,교차로 - 교차로부근,이륜,남,23세,상해없음,보행자,여,74세,경상
2020081500100096,2020년 8월 15일 06시,토요일,서울특별시 양천구 신월동,중상사고,0,1,0,0,차대사람 - 횡단중,신호위반,젖음/습기,비,교차로 - 교차로횡단보도내,승용,남,53세,상해없음,보행자,여,69세,중상
2020081500100110,2020년 8월 15일 07시,토요일,서울특별시 노원구 상계동,경상사고,0,0,2,0,차대사람 - 기타,기타,젖음/습기,비,기타 - 기타,화물,남,62세,상해없음,보행자,남,68세,경상
2020081500100176,2020년 8월 15일 11시,토요일,서울특별시 강북구 미아동,경상사고,0,0,1,0,차대사람 - 횡단중,안전운전불이행,건조,맑음,단일로 - 기타,승용,남,41세,상해없음,보행자,여,73세,경상
2020081600100074,2020년 8월 16일 06시,일요일,서울특별시 용산구 이촌동,중상사고,0,1,0,0,차대사람 - 기타,안전운전불이행,건조,맑음,단일로 - 기타,자전거,남,56세,상해없음,보행자,여,77세,중상
2020081600100374,2020년 8월 16일 18시,일요일,서울특별시 중랑구 상봉동,경상사고,0,0,1,0,차대사람 - 길가장자리구역통행중,안전운전불이행,건조,맑음,교차로 - 교차로안,승용,여,56세,상해없음,보행자,여,69세,경상
2020081600100474,2020년 8월 16일 21시,일요일,서울특별시 마포구 서교동,사망사고,1,0,0,0,차대사람 - 횡단중,안전운전불이행,건조,맑음,교차로 - 교차로횡단보도내,승용,남,68세,상해없음,보행자,여,79세,사망
2020081700100068,2020년 8월 17일 08시,월요일,서울특별시 노원구 상계동,부상신고사고,0,0,0,1,차대사람 - 횡단중,보행자보호의무위반,건조,맑음,단일로 - 기타,승용,남,41세,상해없음,보행자,남,75세,부상신고
2020081700100083,2020년 8월 17일 09시,월요일,서울특별시 중구 신당동,부상신고사고,0,0,0,1,차대사람 - 기타,안전운전불이행,건조,맑음,단일로 - 기타,화물,남,38세,상해없음,보행자,여,90세,부상신고
2020081700100142,2020년 8월 17일 11시,월요일,서울특별시 동작구 노량진동,사망사고,1,1,1,0,차대사람 - 기타,안전운전불이행,건조,맑음,단일로 - 기타,승용,남,70세,상해없음,보행자,여,56세,사망
2020081700100248,2020년 8월 17일 14시,월요일,서울특별시 종로구 숭인동,사망사고,1,0,0,0,차대사람 - 기타,안전운전불이행,건조,맑음,기타 - 기타,승용,남,38세,상해없음,보행자,남,67세,사망
2020081700100249,2020년 8월 17일 14시,월요일,서울특별시 마포구 성산동,경상사고,0,0,1,0,차대사람 - 차도통행중,안전운전불이행,건조,맑음,교차로 - 교차로부근,승용,여,49세,상해없음,보행자,여,83세,경상
2020081700100330,2020년 8월 17일 16시,월요일,서울특별시 영등포구 여의도동,경상사고,0,0,1,0,차대사람 - 기타,안전운전불이행,건조,맑음,단일로 - 기타,자전거,여,55세,상해없음,보행자,여,67세,경상
2020081700100543,2020년 8월 17일 22시,월요일,서울특별시 동대문구 이문동,중상사고,0,1,0,0,차대사람 - 횡단중,안전운전불이행,건조,맑음,교차로 - 교차로횡단보도내,승용,남,34세,상해없음,보행자,여,76세,중상
2020081800100038,2020년 8월 18일 05시,화요일,서울특별시 구로구 오류동,부상신고사고,0,0,0,1,차대사람 - 차도통행중,안전운전불이행,건조,맑음,단일로 - 기타,승용,여,70세,상해없음,보행자,여,72세,부상신고
2020081800100080,2020년 8월 18일 08시,화요일,서울특별시 동작구 사당동,중상사고,0,1,0,0,차대사람 - 기타,안전운전불이행,건조,맑음,단일로 - 기타,승합,남,69세,상해없음,보행자,남,67세,중상
2020081800100121,2020년 8월 18일 09시,화요일,서울특별시 성동구 성수동1가,경상사고,0,0,1,0,차대사람 - 기타,안전운전불이행,건조,맑음,교차로 - 교차로안,승용,남,58세,상해없음,보행자,여,88세,경상
2020081800100124,2020년 8월 18일 09시,화요일,서울특별시 구로구 구로동,경상사고,0,0,1,0,차대사람 - 기타,안전운전불이행,건조,맑음,교차로 - 교차로안,화물,남,59세,상해없음,보행자,여,77세,경상
2020081800100151,2020년 8월 18일 10시,화요일,서울특별시 마포구 노고산동,중상사고,0,1,0,0,차대사람 - 기타,안전운전불이행,건조,맑음,단일로 - 기타,화물,남,62세,상해없음,보행자,여,67세,중상
2020081800100232,2020년 8월 18일 12시,화요일,서울특별시 동작구 상도동,경상사고,0,0,1,0,차대사람 - 기타,안전운전불이행,건조,맑음,교차로 - 교차로안,승합,남,46세,상해없음,보행자,여,86세,경상
2020081800100682,2020년 8월 18일 23시,화요일,서울특별시 강서구 개화동,중상사고,0,1,0,0,차대사람 - 차도통행중,기타,건조,맑음,단일로 - 기타,승합,남,56세,상해없음,보행자,남,68세,중상
2020081900100063,2020년 8월 19일 07시,수요일,서울특별시 성북구 하월곡동,중상사고,0,1,0,0,차대사람 - 횡단중,보행자보호의무위반,건조,맑음,기타 - 기타,승용,여,38세,상해없음,보행자,남,85세,중상
2020081900100222,2020년 8월 19일 12시,수요일,서울특별시 성동구 하왕십리동,중상사고,0,1,0,0,차대사람 - 기타,안전운전불이행,건조,맑음,단일로 - 기타,승용,남,72세,상해없음,보행자,여,80세,중상
2020081900100269,2020년 8월 19일 13시,수요일,서울특별시 서초구 잠원동,중상사고,0,1,0,0,차대사람 - 기타,보행자보호의무위반,건조,맑음,기타 - 기타,승용,남,61세,상해없음,보행자,여,82세,중상
2020081900100351,2020년 8월 19일 15시,수요일,서울특별시 양천구 목동,중상사고,0,1,0,0,차대사람 - 기타,안전운전불이행,건조,맑음,단일로 - 기타,승용,여,23세,상해없음,보행자,여,85세,중상
2020081900100472,2020년 8월 19일 18시,수요일,서울특별시 구로구 고척동,경상사고,0,0,1,0,차대사람 - 차도통행중,안전운전불이행,건조,맑음,단일로 - 기타,화물,남,47세,상해없음,보행자,여,66세,경상
2020081900100523,2020년 8월 19일 19시,수요일,서울특별시 성동구 송정동,부상신고사고,0,0,0,1,차대사람 - 차도통행중,안전운전불이행,건조,맑음,단일로 - 기타,자전거,남,14세,상해없음,보행자,여,84세,부상신고
2020081900100647,2020년 8월 19일 23시,수요일,서울특별시 중랑구 면목동,중상사고,0,1,0,0,차대사람 - 기타,불법유턴,건조,맑음,기타 - 기타,화물,남,56세,상해없음,보행자,여,74세,중상
2020082000100182,2020년 8월 20일 11시,목요일,서울특별시 용산구 용문동,중상사고,0,1,0,0,차대사람 - 횡단중,안전운전불이행,건조,맑음,교차로 - 교차로안,승용,남,53세,상해없음,보행자,남,70세,중상
2020082100100088,2020년 8월 21일 08시,금요일,서울특별시 광진구 중곡동,경상사고,0,0,1,0,차대사람 - 기타,안전운전불이행,건조,맑음,단일로 - 기타,개인형이동수단(PM),여,26세,상해없음,보행자,여,81세,경상
2020082100100508,2020년 8월 21일 20시,금요일,서울특별시 강북구 수유동,경상사고,0,0,1,0,차대사람 - 횡단중,안전운전불이행,건조,맑음,교차로 - 교차로안,승용,여,49세,상해없음,보행자,여,73세,경상
2020082100100554,2020년 8월 21일 21시,금요일,서울특별시 도봉구 창동,경상사고,0,0,1,0,차대사람 - 횡단중,안전운전불이행,건조,맑음,단일로 - 기타,승용,여,51세,상해없음,보행자,여,65세,경상
2020082100100585,2020년 8월 21일 22시,금요일,서울특별시 양천구 목동,경상사고,0,0,1,0,차대사람 - 기타,안전운전불이행,건조,맑음,교차로 - 교차로부근,이륜,기타불명,미분류,기타불명,보행자,남,80세,경상
2020082200100001,2020년 8월 22일 00시,토요일,서울특별시 중구 을지로4가,중상사고,0,1,0,0,차대사람 - 횡단중,안전운전불이행,건조,맑음,단일로 - 기타,승용,남,66세,상해없음,보행자,남,83세,중상
2020082200100064,2020년 8월 22일 05시,토요일,서울특별시 노원구 중계동,중상사고,0,1,0,0,차대사람 - 기타,안전운전불이행,건조,맑음,단일로 - 기타,승용,남,46세,상해없음,보행자,남,73세,중상
2020082200100074,2020년 8월 22일 06시,토요일,서울특별시 성동구 사근동,경상사고,0,0,1,0,차대사람 - 횡단중,안전운전불이행,건조,맑음,단일로 - 기타,자전거,남,68세,상해없음,보행자,남,73세,경상
2020082200100377,2020년 8월 22일 16시,토요일,서울특별시 강서구 방화동,중상사고,0,1,0,0,차대사람 - 차도통행중,안전운전불이행,건조,맑음,교차로 - 교차로안,승용,남,56세,상해없음,보행자,여,67세,중상
2020082200100378,2020년 8월 22일 16시,토요일,서울특별시 강동구 천호동,경상사고,0,0,1,0,차대사람 - 차도통행중,안전운전불이행,젖음/습기,비,교차로 - 교차로안,승용,남,57세,상해없음,보행자,남,68세,경상
2020082200100570,2020년 8월 22일 21시,토요일,서울특별시 송파구 가락동,중상사고,0,1,0,0,차대사람 - 횡단중,안전운전불이행,젖음/습기,흐림,교차로 - 교차로부근,승용,남,66세,상해없음,보행자,남,66세,중상
2020082300100348,2020년 8월 23일 19시,일요일,서울특별시 중구 황학동,중상사고,0,1,0,0,차대사람 - 차도통행중,안전운전불이행,건조,맑음,단일로 - 기타,원동기,남,31세,상해없음,보행자,여,83세,중상
2020082300100350,2020년 8월 23일 19시,일요일,서울특별시 성동구 성수동2가,사망사고,1,0,0,0,차대사람 - 횡단중,안전운전불이행,건조,맑음,단일로 - 기타,승용,남,27세,상해없음,보행자,남,70세,사망
2020082400100062,2020년 8월 24일 07시,월요일,서울특별시 관악구 봉천동,중상사고,0,1,0,0,차대사람 - 횡단중,신호위반,건조,맑음,단일로 - 기타,승용,남,52세,상해없음,보행자,여,78세,중상
2020082400100168,2020년 8월 24일 10시,월요일,서울특별시 강남구 세곡동,중상사고,0,1,0,0,차대사람 - 횡단중,보행자보호의무위반,건조,맑음,단일로 - 기타,승용,여,40세,상해없음,보행자,여,80세,중상
2020082400100390,2020년 8월 24일 16시,월요일,서울특별시 강서구 공항동,중상사고,0,1,0,0,차대사람 - 기타,안전운전불이행,건조,맑음,기타 - 기타,승용,남,67세,상해없음,보행자,남,71세,중상
2020082400100474,2020년 8월 24일 18시,월요일,서울특별시 송파구 잠실동,중상사고,0,1,0,0,차대사람 - 기타,안전운전불이행,건조,맑음,단일로 - 기타,승용,남,71세,상해없음,보행자,여,66세,중상
2020082500100001,2020년 8월 25일 00시,화요일,서울특별시 금천구 독산동,중상사고,0,1,1,0,차대사람 - 기타,안전운전불이행,건조,맑음,교차로 - 교차로안,승용,남,58세,상해없음,보행자,남,70세,중상
2020082500100248,2020년 8월 25일 12시,화요일,서울특별시 양천구 신월동,중상사고,0,1,0,0,차대사람 - 횡단중,안전운전불이행,건조,맑음,단일로 - 기타,화물,남,63세,상해없음,보행자,남,72세,중상
2020082500100314,2020년 8월 25일 14시,화요일,서울특별시 광진구 중곡동,중상사고,0,1,1,0,차대차 - 기타,기타,기타,맑음,기타 - 기타,승용,남,51세,상해없음,이륜,남,24세,경상
2020082500100353,2020년 8월 25일 15시,화요일,서울특별시 금천구 독산동,경상사고,0,0,1,0,차대사람 - 기타,안전운전불이행,건조,맑음,교차로 - 교차로안,승합,남,53세,상해없음,보행자,여,73세,경상
2020082500100387,2020년 8월 25일 16시,화요일,서울특별시 마포구 동교동,중상사고,0,1,0,0,차대사람 - 기타,안전운전불이행,기타,맑음,기타 - 기타,개인형이동수단(PM),여,21세,상해없음,보행자,여,75세,중상
2020082500100519,2020년 8월 25일 19시,화요일,서울특별시 중랑구 망우동,중상사고,0,1,0,0,차대사람 - 기타,안전운전불이행,건조,맑음,단일로 - 기타,이륜,남,17세,상해없음,보행자,여,70세,중상
2020082500100628,2020년 8월 25일 22시,화요일,서울특별시 강동구 성내동,경상사고,0,0,1,0,차대사람 - 기타,안전운전불이행,건조,흐림,단일로 - 기타,기타불명,기타불명,미분류,기타불명,보행자,남,65세,경상
2020082600100085,2020년 8월 26일 08시,수요일,서울특별시 동작구 사당동,부상신고사고,0,0,0,1,차대사람 - 차도통행중,안전운전불이행,건조,맑음,단일로 - 기타,화물,남,48세,상해없음,보행자,여,66세,부상신고
2020082600100135,2020년 8월 26일 10시,수요일,서울특별시 종로구 종로4가,중상사고,0,1,0,0,차대사람 - 횡단중,안전운전불이행,건조,맑음,단일로 - 기타,이륜,남,60세,상해없음,보행자,여,65세,중상
2020082600100158,2020년 8월 26일 11시,수요일,서울특별시 동대문구 청량리동,중상사고,0,1,0,0,차대사람 - 횡단중,보행자보호의무위반,건조,맑음,교차로 - 교차로횡단보도내,승용,남,47세,상해없음,보행자,여,71세,중상
2020082600100296,2020년 8월 26일 15시,수요일,서울특별시 노원구 상계동,경상사고,0,0,1,0,차대사람 - 차도통행중,보행자보호의무위반,건조,흐림,교차로 - 교차로횡단보도내,승용,남,59세,상해없음,보행자,남,65세,경상
2020082600100353,2020년 8월 26일 17시,수요일,서울특별시 중랑구 망우동,중상사고,0,1,0,0,차대사람 - 횡단중,안전운전불이행,건조,맑음,교차로 - 교차로횡단보도내,이륜,남,19세,상해없음,보행자,남,65세,중상
2020082600100356,2020년 8월 26일 17시,수요일,서울특별시 강동구 암사동,중상사고,0,1,0,0,차대사람 - 기타,안전운전불이행,건조,맑음,기타 - 기타,자전거,남,54세,상해없음,보행자,여,70세,중상
2020082700100118,2020년 8월 27일 09시,목요일,서울특별시 중구 인현동2가,경상사고,0,0,1,0,차대사람 - 차도통행중,안전운전불이행,젖음/습기,흐림,교차로 - 교차로안,이륜,남,71세,상해없음,보행자,남,79세,경상
2020082700100120,2020년 8월 27일 09시,목요일,서울특별시 종로구 종로5가,중상사고,0,1,0,0,차대사람 - 기타,안전운전불이행,건조,맑음,단일로 - 기타,승용,남,68세,상해없음,보행자,여,76세,중상
2020082700100122,2020년 8월 27일 09시,목요일,서울특별시 중랑구 묵동,경상사고,0,0,1,0,차대사람 - 기타,안전운전불이행,건조,맑음,단일로 - 기타,화물,남,42세,기타불명,보행자,남,79세,경상
2020082800100281,2020년 8월 28일 14시,금요일,서울특별시 강남구 역삼동,중상사고,0,1,0,0,차대사람 - 기타,안전운전불이행,젖음/습기,비,단일로 - 기타,승용,남,63세,상해없음,보행자,남,76세,중상
2020082800100405,2020년 8월 28일 17시,금요일,서울특별시 종로구 누상동,경상사고,0,0,1,0,차대사람 - 차도통행중,안전운전불이행,젖음/습기,흐림,교차로 - 교차로안,승용,남,50세,상해없음,보행자,남,72세,경상
2020082900100291,2020년 8월 29일 14시,토요일,서울특별시 은평구 갈현동,중상사고,0,1,0,0,차대사람 - 기타,신호위반,건조,맑음,교차로 - 교차로부근,개인형이동수단(PM),남,22세,상해없음,보행자,남,82세,중상
2020082900100382,2020년 8월 29일 17시,토요일,서울특별시 마포구 노고산동,중상사고,0,1,0,0,차대사람 - 기타,안전운전불이행,건조,흐림,단일로 - 기타,승용,남,24세,상해없음,보행자,여,79세,중상
2020082900100482,2020년 8월 29일 20시,토요일,서울특별시 성북구 동소문동6가,경상사고,0,0,1,0,차대사람 - 횡단중,안전운전불이행,젖음/습기,비,단일로 - 기타,승용,남,35세,상해없음,보행자,여,74세,경상
2020083000100124,2020년 8월 30일 11시,일요일,서울특별시 은평구 불광동,중상사고,0,1,0,0,차대사람 - 길가장자리구역통행중,안전운전불이행,건조,맑음,단일로 - 기타,승용,남,28세,상해없음,보행자,여,80세,중상
2020083100100137,2020년 8월 31일 10시,월요일,서울특별시 용산구 용문동,부상신고사고,0,0,0,1,차대사람 - 기타,안전운전불이행,건조,맑음,기타 - 기타,승용,남,37세,상해없음,보행자,여,83세,부상신고
2020083100100254,2020년 8월 31일 14시,월요일,서울특별시 성북구 안암동2가,중상사고,0,1,0,0,차대사람 - 기타,기타,건조,맑음,단일로 - 기타,승합,남,67세,상해없음,보행자,남,76세,중상
2020083100100257,2020년 8월 31일 14시,월요일,서울특별시 중랑구 신내동,중상사고,0,1,0,0,차대사람 - 횡단중,안전운전불이행,건조,맑음,교차로 - 교차로안,승용,남,59세,상해없음,보행자,여,71세,중상
2020083100100292,2020년 8월 31일 15시,월요일,서울특별시 강서구 화곡동,경상사고,0,0,1,0,차대사람 - 횡단중,안전운전불이행,기타,맑음,교차로 - 교차로부근,승용,남,34세,상해없음,보행자,여,73세,경상
2020083100100299,2020년 8월 31일 15시,월요일,서울특별시 도봉구 방학동,중상사고,0,1,0,0,차대사람 - 횡단중,보행자보호의무위반,건조,흐림,교차로 - 교차로안,승용,남,57세,기타불명,보행자,여,72세,중상
2020083100100335,2020년 8월 31일 16시,월요일,서울특별시 강동구 명일동,중상사고,0,1,0,0,차대사람 - 기타,신호위반,건조,맑음,단일로 - 기타,승용,남,68세,상해없음,보행자,여,65세,중상
2020083100100375,2020년 8월 31일 17시,월요일,서울특별시 중랑구 중화동,중상사고,0,1,0,0,차대사람 - 기타,안전운전불이행,건조,맑음,단일로 - 기타,이륜,남,61세,상해없음,보행자,여,86세,중상
2020090100100136,2020년 9월 1일 10시,화요일,서울특별시 관악구 남현동,중상사고,0,1,0,0,차대사람 - 횡단중,안전운전불이행,건조,맑음,교차로 - 교차로부근,승용,남,29세,상해없음,보행자,여,72세,중상
2020090100100209,2020년 9월 1일 13시,화요일,서울특별시 동대문구 용두동,중상사고,0,1,0,0,차대사람 - 횡단중,보행자보호의무위반,건조,맑음,단일로 - 기타,화물,남,56세,상해없음,보행자,여,76세,중상
2020090100100211,2020년 9월 1일 13시,화요일,서울특별시 강서구 화곡동,중상사고,0,1,0,0,차대사람 - 횡단중,안전운전불이행,건조,맑음,단일로 - 기타,승용,남,46세,상해없음,보행자,여,80세,중상
2020090100100277,2020년 9월 1일 15시,화요일,서울특별시 강남구 개포동,중상사고,0,1,0,0,차대사람 - 횡단중,안전운전불이행,건조,맑음,기타 - 기타,자전거,남,65세,상해없음,보행자,남,72세,중상
2020090100100347,2020년 9월 1일 17시,화요일,서울특별시 중랑구 망우동,부상신고사고,0,0,0,1,차대사람 - 기타,안전운전불이행,건조,맑음,단일로 - 기타,승용,남,68세,상해없음,보행자,남,70세,부상신고
2020090100100474,2020년 9월 1일 20시,화요일,서울특별시 양천구 신정동,중상사고,0,1,0,0,차대사람 - 횡단중,신호위반,건조,맑음,단일로 - 기타,이륜,남,25세,상해없음,보행자,여,83세,중상
2020090200100148,2020년 9월 2일 11시,수요일,서울특별시 동대문구 신설동,경상사고,0,0,1,0,차대사람 - 보도통행중,기타,젖음/습기,비,기타 - 기타,이륜,남,32세,상해없음,보행자,남,71세,경상
2020090200100297,2020년 9월 2일 17시,수요일,서울특별시 영등포구 영등포동2가,중상사고,0,1,0,0,차대사람 - 기타,안전운전불이행,젖음/습기,비,교차로 - 교차로부근,승용,여,41세,상해없음,보행자,남,87세,중상
2020090300100209,2020년 9월 3일 13시,목요일,서울특별시 금천구 시흥동,경상사고,0,0,1,0,차대사람 - 기타,안전운전불이행,건조,맑음,단일로 - 기타,승용,남,34세,상해없음,보행자,남,74세,경상
2020090300100442,2020년 9월 3일 20시,목요일,서울특별시 강서구 외발산동,경상사고,0,0,1,0,차대사람 - 횡단중,보행자보호의무위반,젖음/습기,비,교차로 - 교차로안,화물,남,27세,상해없음,보행자,남,67세,경상