사고번호,사고일시,요일,시군구,사고내용,사망자수,중상자수,경상자수,부상신고자수,사고유형,법규위반,노면상태,기상상태,도로형태,가해운전자 차종,가해운전자 성별,가해운전자 연령,가해운전자 상해정도,피해운전자 차종,피해운전자 성별,피해운전자 연령,피해운전자 상해정도
2020101900100408,2020년 10월 19일 15시,월요일,서울특별시 구로구 궁동,경상사고,0,0,1,0,차대사람 - 횡단중,안전운전불이행,건조,맑음,교차로 - 교차로부근,화물,남,54세,상해없음,보행자,남,80세,경상
2020101900100489,2020년 10월 19일 17시,월요일,서울특별시 은평구 대조동,경상사고,0,0,1,0,차대사람 - 기타,안전운전불이행,건조,맑음,단일로 - 기타,승용,여,57세,기타불명,보행자,여,79세,경상
2020101900100596,2020년 10월 19일 19시,월요일,서울특별시 중랑구 면목동,중상사고,0,1,0,0,차대사람 - 횡단중,보행자보호의무위반,건조,맑음,교차로 - 교차로안,승용,여,50세,상해없음,보행자,여,68세,중상
2020102000100056,2020년 10월 20일 07시,화요일,서울특별시 동작구 사당동,부상신고사고,0,0,0,1,차대사람 - 기타,안전운전불이행,건조,맑음,단일로 - 기타,화물,남,63세,상해없음,보행자,남,67세,부상신고
2020102000100361,2020년 10월 20일 15시,화요일,서울특별시 동작구 신대방동,중상사고,0,1,0,0,차대사람 - 횡단중,안전운전불이행,건조,맑음,교차로 - 교차로안,화물,남,49세,상해없음,보행자,여,82세,중상
2020102000100414,2020년 10월 20일 16시,화요일,서울특별시 중구 인현동1가,중상사고,0,1,0,0,차대사람 - 기타,보행자보호의무위반,건조,맑음,단일로 - 기타,화물,남,67세,상해없음,보행자,남,77세,중상
2020102000100415,2020년 10월 20일 16시,화요일,서울특별시 서대문구 북가좌동,경상사고,0,0,1,0,차대사람 - 차도통행중,중앙선침범,건조,맑음,단일로 - 기타,승용,남,39세,상해없음,보행자,여,65세,경상
2020102000100512,2020년 10월 20일 18시,화요일,서울특별시 마포구 망원동,중상사고,0,1,1,0,차대사람 - 차도통행중,안전운전불이행,건조,맑음,단일로 - 기타,이륜,남,30세,경상,보행자,여,75세,중상
2020102000100588,2020년 10월 20일 19시,화요일,서울특별시 중랑구 신내동,중상사고,0,1,0,0,차대사람 - 보도통행중,보행자보호의무위반,건조,맑음,교차로 - 교차로횡단보도내,승용,여,55세,상해없음,보행자,남,75세,중상
2020102100100198,2020년 10월 21일 10시,수요일,서울특별시 동대문구 이문동,부상신고사고,0,0,0,1,차대사람 - 횡단중,안전운전불이행,건조,맑음,단일로 - 기타,개인형이동수단(PM),남,45세,상해없음,보행자,남,79세,부상신고
2020102100100217,2020년 10월 21일 11시,수요일,서울특별시 중랑구 신내동,중상사고,0,1,0,0,차대사람 - 기타,안전운전불이행,건조,맑음,단일로 - 기타,승용,남,62세,상해없음,보행자,여,80세,중상
2020102100100321,2020년 10월 21일 15시,수요일,서울특별시 강북구 번동,경상사고,0,0,1,0,차대사람 - 기타,안전운전불이행,건조,맑음,단일로 - 기타,화물,남,53세,상해없음,보행자,남,68세,경상
2020102100100368,2020년 10월 21일 16시,수요일,서울특별시 성북구 석관동,부상신고사고,0,0,0,1,차대사람 - 기타,안전운전불이행,건조,맑음,기타 - 기타,기타불명,기타불명,미분류,기타불명,보행자,여,86세,부상신고
2020102200100100,2020년 10월 22일 08시,목요일,서울특별시 구로구 개봉동,중상사고,0,1,0,0,차대사람 - 횡단중,안전운전불이행,건조,맑음,교차로 - 교차로부근,승합,남,55세,상해없음,보행자,여,65세,중상
2020102200100147,2020년 10월 22일 09시,목요일,서울특별시 영등포구 영등포동,경상사고,0,0,1,0,차대사람 - 횡단중,보행자보호의무위반,건조,맑음,교차로 - 교차로안,승합,여,58세,상해없음,보행자,남,82세,경상
2020102200100204,2020년 10월 22일 11시,목요일,서울특별시 도봉구 방학동,경상사고,0,0,1,0,차대사람 - 차도통행중,안전운전불이행,건조,맑음,교차로 - 교차로부근,승용,여,52세,상해없음,보행자,남,71세,경상
2020102200100230,2020년 10월 22일 12시,목요일,서울특별시 동작구 노량진동,경상사고,0,0,1,0,차대사람 - 기타,안전운전불이행,건조,맑음,단일로 - 기타,승합,남,55세,상해없음,보행자,남,65세,경상
2020102200100269,2020년 10월 22일 13시,목요일,서울특별시 관악구 봉천동,중상사고,0,1,0,0,차대사람 - 차도통행중,안전운전불이행,건조,맑음,단일로 - 기타,승용,남,72세,상해없음,보행자,여,72세,중상
2020102200100374,2020년 10월 22일 16시,목요일,서울특별시 도봉구 창동,중상사고,0,1,0,0,차대사람 - 차도통행중,안전운전불이행,건조,맑음,단일로 - 기타,승용,남,60세,상해없음,보행자,여,84세,중상
2020102200100449,2020년 10월 22일 18시,목요일,서울특별시 종로구 종로6가,중상사고,0,1,0,0,차대사람 - 횡단중,보행자보호의무위반,건조,맑음,교차로 - 교차로횡단보도내,이륜,남,43세,상해없음,보행자,여,69세,중상
2020102200100451,2020년 10월 22일 18시,목요일,서울특별시 마포구 아현동,중상사고,0,1,0,0,차대사람 - 길가장자리구역통행중,안전운전불이행,건조,맑음,단일로 - 기타,승용,남,83세,상해없음,보행자,여,69세,중상
2020102200100455,2020년 10월 22일 18시,목요일,서울특별시 관악구 봉천동,중상사고,0,1,0,0,차대사람 - 횡단중,안전운전불이행,건조,맑음,단일로 - 기타,승용,남,77세,상해없음,보행자,여,80세,중상
2020102200100527,2020년 10월 22일 19시,목요일,서울특별시 중랑구 중화동,경상사고,0,0,2,0,차대사람 - 기타,안전운전불이행,건조,맑음,교차로 - 교차로부근,화물,남,31세,상해없음,보행자,남,87세,경상
2020102200100613,2020년 10월 22일 22시,목요일,서울특별시 도봉구 쌍문동,경상사고,0,0,1,0,차대사람 - 보도통행중,안전운전불이행,건조,맑음,교차로 - 교차로안,승용,남,70세,상해없음,보행자,남,73세,경상
2020102300100197,2020년 10월 23일 10시,금요일,서울특별시 중구 황학동,중상사고,0,1,0,0,차대사람 - 횡단중,보행자보호의무위반,건조,맑음,단일로 - 기타,원동기,여,51세,상해없음,보행자,남,72세,중상
2020102300100276,2020년 10월 23일 12시,금요일,서울특별시 송파구 잠실동,부상신고사고,0,0,0,1,차대사람 - 기타,안전운전불이행,건조,맑음,단일로 - 기타,이륜,남,41세,상해없음,보행자,여,69세,부상신고
2020102300100450,2020년 10월 23일 16시,금요일,서울특별시 서대문구 홍제동,중상사고,0,1,0,0,차대사람 - 차도통행중,안전운전불이행,건조,맑음,교차로 - 교차로부근,승용,여,64세,상해없음,보행자,남,75세,중상
2020102300100512,2020년 10월 23일 17시,금요일,서울특별시 강북구 수유동,부상신고사고,0,0,0,1,차대사람 - 차도통행중,안전운전불이행,건조,맑음,단일로 - 기타,승용,여,49세,상해없음,보행자,여,88세,부상신고
2020102300100581,2020년 10월 23일 18시,금요일,서울특별시 양천구 신정동,경상사고,0,0,1,0,차대사람 - 보도통행중,안전운전불이행,건조,맑음,단일로 - 기타,자전거,남,68세,상해없음,보행자,여,65세,경상
2020102400100162,2020년 10월 24일 10시,토요일,서울특별시 성북구 길음동,중상사고,0,1,0,0,차대사람 - 기타,안전운전불이행,건조,맑음,단일로 - 기타,화물,남,51세,상해없음,보행자,여,89세,중상
2020102400100165,2020년 10월 24일 10시,토요일,서울특별시 동대문구 제기동,중상사고,0,1,0,0,차대사람 - 기타,안전운전불이행,건조,맑음,기타 - 기타,승합,남,53세,상해없음,보행자,여,67세,중상
2020102400100166,2020년 10월 24일 10시,토요일,서울특별시 관악구 봉천동,중상사고,0,1,1,0,차대사람 - 기타,안전운전불이행,건조,맑음,교차로 - 교차로안,승합,남,72세,상해없음,보행자,여,65세,경상
2020102400100236,2020년 10월 24일 12시,토요일,서울특별시 강서구 등촌동,경상사고,0,0,1,0,차대사람 - 기타,안전운전불이행,건조,맑음,교차로 - 교차로안,승용,남,39세,상해없음,보행자,여,80세,경상
2020102400100339,2020년 10월 24일 14시,토요일,서울특별시 은평구 진관동,경상사고,0,0,1,0,차대사람 - 기타,안전운전불이행,건조,맑음,단일로 - 기타,승용,남,47세,상해없음,보행자,남,66세,경상
2020102400100439,2020년 10월 24일 16시,토요일,서울특별시 송파구 풍납동,중상사고,0,1,0,0,차대사람 - 길가장자리구역통행중,안전운전불이행,건조,맑음,단일로 - 기타,자전거,남,14세,상해없음,보행자,남,76세,중상
2020102400100444,2020년 10월 24일 16시,토요일,서울특별시 서초구 방배동,중상사고,0,1,0,0,차대사람 - 횡단중,신호위반,건조,맑음,단일로 - 기타,승용,여,56세,상해없음,보행자,남,79세,중상
2020102400100519,2020년 10월 24일 18시,토요일,서울특별시 도봉구 방학동,경상사고,0,0,1,0,차대사람 - 횡단중,안전운전불이행,건조,맑음,교차로 - 교차로부근,승합,남,40세,상해없음,보행자,여,72세,경상
2020102500100066,2020년 10월 25일 05시,일요일,서울특별시 동대문구 용두동,중상사고,0,1,0,0,차대사람 - 횡단중,신호위반,건조,맑음,교차로 - 교차로안,화물,남,58세,상해없음,보행자,남,75세,중상
2020102500100184,2020년 10월 25일 12시,일요일,서울특별시 성북구 하월곡동,중상사고,0,1,0,0,차대사람 - 기타,안전운전불이행,건조,맑음,교차로 - 교차로부근,승용,남,83세,상해없음,보행자,남,76세,중상
2020102500100186,2020년 10월 25일 12시,일요일,서울특별시 강남구 역삼동,중상사고,0,1,0,0,차대사람 - 기타,안전운전불이행,건조,맑음,단일로 - 기타,자전거,여,10세,상해없음,보행자,여,75세,중상
2020102500100287,2020년 10월 25일 15시,일요일,서울특별시 성북구 하월곡동,경상사고,0,0,1,0,차대사람 - 차도통행중,안전운전불이행,건조,맑음,단일로 - 기타,승용,여,52세,상해없음,보행자,여,68세,경상
2020102500100400,2020년 10월 25일 18시,일요일,서울특별시 서대문구 홍은동,중상사고,0,1,0,0,차대사람 - 횡단중,보행자보호의무위반,건조,맑음,교차로 - 교차로부근,승용,남,62세,상해없음,보행자,남,79세,중상
2020102600100023,2020년 10월 26일 04시,월요일,서울특별시 중랑구 망우동,중상사고,0,1,0,0,차대사람 - 기타,안전운전불이행,건조,맑음,교차로 - 교차로안,승합,남,37세,상해없음,보행자,남,79세,중상
2020102600100029,2020년 10월 26일 05시,월요일,서울특별시 도봉구 방학동,중상사고,0,1,0,0,차대사람 - 횡단중,안전운전불이행,건조,맑음,교차로 - 교차로횡단보도내,승용,남,69세,상해없음,보행자,여,65세,중상
2020102600100280,2020년 10월 26일 12시,월요일,서울특별시 성북구 동선동1가,경상사고,0,0,1,0,차대사람 - 보도통행중,안전운전불이행,건조,맑음,교차로 - 교차로안,화물,남,30세,상해없음,보행자,여,71세,경상
2020102600100377,2020년 10월 26일 15시,월요일,서울특별시 강북구 미아동,중상사고,0,1,0,0,차대사람 - 기타,안전운전불이행,건조,맑음,단일로 - 기타,승용,여,45세,상해없음,보행자,여,68세,중상
2020102600100380,2020년 10월 26일 15시,월요일,서울특별시 금천구 독산동,경상사고,0,0,1,0,차대사람 - 기타,안전운전불이행,건조,맑음,단일로 - 기타,승합,남,56세,상해없음,보행자,남,66세,경상
2020102700100052,2020년 10월 27일 06시,화요일,서울특별시 노원구 하계동,경상사고,0,0,1,0,차대사람 - 횡단중,보행자보호의무위반,건조,맑음,교차로 - 교차로횡단보도내,승합,남,58세,상해없음,보행자,여,75세,경상
2020102700100089,2020년 10월 27일 08시,화요일,서울특별시 광진구 자양동,중상사고,0,1,0,0,차대사람 - 횡단중,보행자보호의무위반,건조,맑음,교차로 - 교차로횡단보도내,화물,남,47세,상해없음,보행자,여,72세,중상
2020102700100091,2020년 10월 27일 08시,화요일,서울특별시 중랑구 면목동,중상사고,0,1,0,0,차대사람 - 기타,안전운전불이행,건조,맑음,교차로 - 교차로안,이륜,남,25세,기타불명,보행자,남,76세,중상
2020102700100168,2020년 10월 27일 10시,화요일,서울특별시 동작구 상도동,중상사고,0,1,0,0,차대사람 - 횡단중,보행자보호의무위반,건조,맑음,교차로 - 교차로안,승용,여,27세,상해없음,보행자,남,69세,중상
2020102700100208,2020년 10월 27일 11시,화요일,서울특별시 금천구 독산동,중상사고,0,2,0,0,차대사람 - 기타,안전운전불이행,건조,맑음,단일로 - 기타,승용,여,48세,상해없음,보행자,여,78세,중상
2020102700100350,2020년 10월 27일 15시,화요일,서울특별시 종로구 연건동,경상사고,0,0,1,0,차대사람 - 차도통행중,안전운전불이행,건조,맑음,단일로 - 기타,승용,여,47세,상해없음,보행자,여,79세,경상
2020102700100476,2020년 10월 27일 18시,화요일,서울특별시 성동구 성수동1가,중상사고,0,1,0,0,차대사람 - 보도통행중,보행자보호의무위반,건조,맑음,단일로 - 기타,승용,여,26세,상해없음,보행자,남,67세,중상
2020102800100058,2020년 10월 28일 06시,수요일,서울특별시 동작구 대방동,중상사고,0,1,0,0,차대사람 - 기타,안전운전불이행,건조,맑음,단일로 - 기타,화물,남,69세,상해없음,보행자,여,72세,중상
2020102800100096,2020년 10월 28일 08시,수요일,서울특별시 강남구 대치동,경상사고,0,0,1,0,차대사람 - 기타,신호위반,건조,맑음,단일로 - 기타,기타불명,기타불명,미분류,기타불명,보행자,남,71세,경상
2020102800100142,2020년 10월 28일 09시,수요일,서울특별시 은평구 불광동,경상사고,0,0,1,0,차대사람 - 기타,안전운전불이행,건조,맑음,교차로 - 교차로안,이륜,남,57세,상해없음,보행자,여,72세,경상
2020102800100213,2020년 10월 28일 11시,수요일,서울특별시 송파구 잠실동,경상사고,0,0,1,0,차대사람 - 횡단중,안전운전불이행,건조,맑음,교차로 - 교차로횡단보도내,승용,여,30세,상해없음,보행자,여,74세,경상
2020102800100257,2020년 10월 28일 12시,수요일,서울특별시 서대문구 대현동,경상사고,0,0,1,0,차대사람 - 기타,안전운전불이행,건조,맑음,교차로 - 교차로안,승용,남,67세,상해없음,보행자,남,78세,경상
2020102800100364,2020년 10월 28일 15시,수요일,서울특별시 중랑구 망우동,중상사고,0,1,0,0,차대사람 - 횡단중,보행자보호의무위반,건조,맑음,교차로 - 교차로부근,승용,여,36세,상해없음,보행자,남,70세,중상
2020102800100401,2020년 10월 28일 16시,수요일,서울특별시 강서구 화곡동,중상사고,0,1,0,0,차대사람 - 횡단중,보행자보호의무위반,건조,맑음,교차로 - 교차로안,개인형이동수단(PM),남,21세,상해없음,보행자,여,76세,중상
2020102800100600,2020년 10월 28일 20시,수요일,서울특별시 성동구 행당동,경상사고,0,0,1,0,차대사람 - 기타,보행자보호의무위반,건조,맑음,단일로 - 기타,기타불명,기타불명,미분류,기타불명,보행자,여,70세,경상
2020102800100656,2020년 10월 28일 22시,수요일,서울특별시 영등포구 영등포동3가,중상사고,0,1,1,0,차대사람 - 횡단중,신호위반,건조,맑음,교차로 - 교차로부근,승용,남,35세,상해없음,보행자,남,65세,경상
2020102900100033,2020년 10월 29일 03시,목요일,서울특별시 관악구 봉천동,중상사고,0,1,0,0,차대사람 - 차도통행중,안전운전불이행,건조,맑음,기타 - 기타,승용,남,40세,상해없음,보행자,여,81세,중상
2020102900100146,2020년 10월 29일 09시,목요일,서울특별시 성북구 삼선동4가,중상사고,0,1,0,0,차대사람 - 기타,안전운전불이행,건조,맑음,교차로 - 교차로부근,건설기계,남,42세,상해없음,보행자,여,77세,중상
2020102900100227,2020년 10월 29일 11시,목요일,서울특별시 관악구 신림동,경상사고,0,0,1,0,차대사람 - 횡단중,안전운전불이행,건조,맑음,단일로 - 기타,화물,남,42세,상해없음,보행자,여,78세,경상
2020102900100262,2020년 10월 29일 12시,목요일,서울특별시 동대문구 제기동,경상사고,0,0,1,0,차대사람 - 횡단중,기타,건조,맑음,단일로 - 기타,자전거,남,28세,상해없음,보행자,여,79세,경상
2020102900100295,2020년 10월 29일 13시,목요일,서울특별시 마포구 성산동,중상사고,0,1,3,0,차대차 - 기타,보행자보호의무위반,건조,맑음,교차로 - 교차로횡단보도내,승용,남,66세,상해없음,화물,남,55세,상해없음
2020102900100462,2020년 10월 29일 17시,목요일,서울특별시 은평구 갈현동,중상사고,0,1,0,0,차대사람 - 기타,안전운전불이행,건조,맑음,기타 - 기타,승합,남,62세,상해없음,보행자,여,75세,중상
2020102900100515,2020년 10월 29일 18시,목요일,서울특별시 관악구 신림동,중상사고,0,1,0,0,차대사람 - 횡단중,안전운전불이행,건조,흐림,교차로 - 교차로부근,승합,남,66세,상해없음,보행자,여,72세,중상
2020103000100350,2020년 10월 30일 14시,금요일,서울특별시 광진구 구의동,경상사고,0,0,1,0,차대사람 - 기타,안전운전불이행,건조,맑음,단일로 - 기타,승용,여,46세,상해없음,보행자,남,87세,경상
2020103000100389,2020년 10월 30일 15시,금요일,서울특별시 동대문구 제기동,경상사고,0,0,1,0,차대사람 - 기타,안전운전불이행,건조,맑음,단일로 - 기타,승용,남,42세,상해없음,보행자,남,81세,경상
2020103000100485,2020년 10월 30일 17시,금요일,서울특별시 은평구 신사동,경상사고,0,0,1,0,차대사람 - 횡단중,안전운전불이행,건조,맑음,교차로 - 교차로안,승용,여,42세,상해없음,보행자,여,69세,경상
2020103000100539,2020년 10월 30일 18시,금요일,서울특별시 강서구 공항동,중상사고,0,1,0,0,차대사람 - 보도통행중,기타,건조,맑음,단일로 - 기타,화물,남,76세,상해없음,보행자,여,74세,중상
2020103000100541,2020년 10월 30일 18시,금요일,서울특별시 구로구 오류동,경상사고,0,0,1,0,차대사람 - 길가장자리구역통행중,안전운전불이행,건조,맑음,단일로 - 기타,승용,여,57세,상해없음,보행자,남,66세,경상
2020103100100125,2020년 10월 31일 09시,토요일,서울특별시 도봉구 쌍문동,중상사고,0,1,0,0,차대사람 - 횡단중,안전운전불이행,건조,맑음,단일로 - 기타,화물,남,43세,상해없음,보행자,여,85세,중상
2020103100100254,2020년 10월 31일 12시,토요일,서울특별시 관악구 봉천동,경상사고,0,0,1,0,차대사람 - 길가장자리구역통행중,안전운전불이행,건조,맑음,교차로 - 교차로안,승용,남,24세,상해없음,보행자,여,67세,경상
2020103100100336,2020년 10월 31일 14시,토요일,서울특별시 중랑구 면목동,중상사고,0,1,0,0,차대사람 - 기타,보행자보호의무위반,건조,맑음,기타 - 기타,승용,남,56세,상해없음,보행자,남,80세,중상
2020103100100410,2020년 10월 31일 16시,토요일,서울특별시 중랑구 면목동,중상사고,0,1,0,0,차대사람 - 횡단중,안전운전불이행,건조,맑음,단일로 - 기타,원동기,남,57세,상해없음,보행자,여,81세,중상
2020103100100687,2020년 10월 31일 23시,토요일,서울특별시 성북구 돈암동,부상신고사고,0,0,0,1,차대사람 - 차도통행중,안전운전불이행,건조,맑음,교차로 - 교차로안,승용,남,45세,상해없음,보행자,여,71세,부상신고
2020110100100065,2020년 11월 1일 05시,일요일,서울특별시 관악구 신림동,중상사고,0,1,0,0,차대사람 - 횡단중,신호위반,젖음/습기,흐림,단일로 - 기타,원동기,남,19세,상해없음,보행자,남,65세,중상
2020110100100081,2020년 11월 1일 07시,일요일,서울특별시 노원구 중계동,경상사고,0,0,1,0,차대사람 - 기타,안전운전불이행,젖음/습기,비,기타 - 기타,기타불명,기타불명,미분류,기타불명,보행자,여,65세,경상
2020110100100377,2020년 11월 1일 18시,일요일,서울특별시 강동구 성내동,경상사고,0,0,1,0,차대사람 - 기타,안전운전불이행,젖음/습기,흐림,단일로 - 기타,승용,남,36세,상해없음,보행자,여,80세,경상
2020110200100028,2020년 11월 2일 04시,월요일,서울특별시 중랑구 면목동,사망사고,1,0,0,0,차대사람 - 기타,안전운전불이행,건조,맑음,단일로 - 기타,승용,남,70세,상해없음,보행자,여,77세,사망
2020110200100035,2020년 11월 2일 05시,월요일,서울특별시 노원구 상계동,중상사고,0,1,0,0,차대사람 - 횡단중,안전운전불이행,건조,맑음,단일로 - 기타,승용,남,58세,상해없음,보행자,여,67세,중상
2020110200100212,2020년 11월 2일 11시,월요일,서울특별시 동대문구 휘경동,중상사고,0,1,0,0,차대사람 - 기타,안전운전불이행,건조,맑음,기타 - 기타,승합,남,52세,상해없음,보행자,여,74세,중상
2020110200100215,2020년 11월 2일 11시,월요일,서울특별시 양천구 신정동,중상사고,0,1,0,0,차대사람 - 횡단중,신호위반,기타,맑음,단일로 - 기타,이륜,남,46세,상해없음,보행자,여,96세,중상
2020110200100275,2020년 11월 2일 13시,월요일,서울특별시 송파구 삼전동,경상사고,0,0,1,0,차대사람 - 횡단중,안전운전불이행,건조,맑음,단일로 - 기타,자전거,남,68세,상해없음,보행자,여,67세,경상
2020110200100311,2020년 11월 2일 14시,월요일,서울특별시 강동구 천호동,중상사고,0,1,0,0,차대사람 - 횡단중,안전운전불이행,건조,맑음,교차로 - 교차로안,승용,여,43세,상해없음,보행자,남,76세,중상
2020110200100313,2020년 11월 2일 14시,월요일,서울특별시 서초구 잠원동,경상사고,0,0,1,0,차대사람 - 보도통행중,안전운전불이행,건조,맑음,단일로 - 기타,자전거,여,46세,상해없음,보행자,여,65세,경상
2020110200100349,2020년 11월 2일 15시,월요일,서울특별시 강남구 논현동,경상사고,0,0,1,0,차대사람 - 차도통행중,안전운전불이행,건조,맑음,단일로 - 기타,승용,남,66세,상해없음,보행자,남,70세,경상
2020110200100384,2020년 11월 2일 16시,월요일,서울특별시 동대문구 제기동,경상사고,0,0,1,0,차대사람 - 기타,안전운전불이행,건조,맑음,단일로 - 기타,승용,남,77세,상해없음,보행자,여,77세,경상
2020110200100474,2020년 11월 2일 18시,월요일,서울특별시 강동구 암사동,중상사고,0,1,0,0,차대사람 - 길가장자리구역통행중,안전운전불이행,건조,맑음,교차로 - 교차로안,승용,남,42세,상해없음,보행자,여,85세,중상
2020110200100587,2020년 11월 2일 20시,월요일,서울특별시 강북구 미아동,경상사고,0,0,1,0,차대사람 - 기타,안전운전불이행,건조,맑음,기타 - 기타,승용,여,51세,상해없음,보행자,여,69세,경상
2020110300100051,2020년 11월 3일 06시,화요일,서울특별시 강북구 미아동,중상사고,0,1,0,0,차대사람 - 횡단중,보행자보호의무위반,건조,맑음,교차로 - 교차로부근,화물,남,63세,상해없음,보행자,남,76세,중상
2020110300100067,2020년 11월 3일 07시,화요일,서울특별시 성북구 정릉동,중상사고,0,1,0,0,차대사람 - 차도통행중,안전운전불이행,건조,맑음,교차로 - 교차로안,건설기계,남,50세,상해없음,보행자,여,73세,중상
2020110300100151,2020년 11월 3일 09시,화요일,서울특별시 강남구 논현동,경상사고,0,0,1,0,차대사람 - 기타,안전운전불이행,건조,맑음,단일로 - 기타,기타불명,기타불명,미분류,기타불명,보행자,여,65세,경상
2020110300100263,2020년 11월 3일 12시,화요일,서울특별시 성북구 길음동,경상사고,0,0,1,0,차대사람 - 횡단중,보행자보호의무위반,건조,맑음,단일로 - 기타,승용,남,52세,상해없음,보행자,여,83세,경상
2020110300100359,2020년 11월 3일 15시,화요일,서울특별시 종로구 통인동,경상사고,0,0,1,0,차대사람 - 기타,안전운전불이행,건조,맑음,단일로 - 기타,승용,남,32세,상해없음,보행자,여,86세,경상
2020110300100364,2020년 11월 3일 15시,화요일,서울특별시 노원구 월계동,경상사고,0,0,1,0,차대사람 - 횡단중,보행자보호의무위반,건조,맑음,교차로 - 교차로부근,승용,여,69세,상해없음,보행자,여,78세,경상
2020110300100448,2020년 11월 3일 17시,화요일,서울특별시 성북구 동선동1가,중상사고,0,1,0,0,차대사람 - 차도통행중,안전운전불이행,건조,맑음,단일로 - 기타,승합,남,46세,상해없음,보행자,남,67세,중상
2020110300100657,2020년 11월 3일 22시,화요일,서울특별시 동작구 사당동,경상사고,0,0,1,0,차대사람 - 보도통행중,기타,건조,맑음,단일로 - 기타,원동기,남,22세,상해없음,보행자,남,76세,경상
2020110400100393,2020년 11월 4일 15시,수요일,서울특별시 송파구 오금동,중상사고,0,1,0,0,차대사람 - 기타,안전운전불이행,건조,맑음,단일로 - 기타,승용,여,69세,상해없음,보행자,여,73세,중상
2020110400100476,2020년 11월 4일 17시,수요일,서울특별시 송파구 삼전동,경상사고,0,0,1,0,차대사람 - 횡단중,안전운전불이행,건조,맑음,단일로 - 기타,승용,여,56세,상해없음,보행자,남,87세,경상
2020110400100478,2020년 11월 4일 17시,수요일,서울특별시 양천구 신정동,중상사고,0,1,0,0,차대사람 - 기타,기타,건조,맑음,기타 - 기타,자전거,여,74세,상해없음,보행자,여,79세,중상
2020110400100637,2020년 11월 4일 20시,수요일,서울특별시 은평구 갈현동,중상사고,0,1,0,0,차대사람 - 차도통행중,안전운전불이행,건조,맑음,단일로 - 기타,승용,남,56세,상해없음,보행자,남,69세,중상
2020110500100050,2020년 11월 5일 06시,목요일,서울특별시 강남구 논현동,경상사고,0,0,1,0,차대사람 - 차도통행중,안전운전불이행,건조,맑음,단일로 - 기타,승합,남,52세,상해없음,보행자,남,69세,경상
2020110500100065,2020년 11월 5일 07시,목요일,서울특별시 강서구 마곡동,경상사고,0,0,1,0,차대사람 - 기타,신호위반,건조,맑음,단일로 - 기타,건설기계,남,49세,상해없음,보행자,남,66세,경상
2020110500100171,2020년 11월 5일 10시,목요일,서울특별시 강서구 화곡동,중상사고,0,1,0,0,차대사람 - 횡단중,안전운전불이행,건조,맑음,교차로 - 교차로부근,승용,여,32세,상해없음,보행자,남,79세,중상
2020110500100263,2020년 11월 5일 13시,목요일,서울특별시 성북구 보문동6가,중상사고,0,1,0,0,차대사람 - 횡단중,안전운전불이행,건조,맑음,교차로 - 교차로안,승합,남,57세,상해없음,보행자,여,90세,중상
2020110500100320,2020년 11월 5일 15시,목요일,서울특별시 동대문구 전농동,중상사고,0,1,0,0,차대사람 - 횡단중,보행자보호의무위반,건조,맑음,교차로 - 교차로횡단보도내,이륜,남,28세,상해없음,보행자,여,83세,중상
2020110500100323,2020년 11월 5일 15시,목요일,서울특별시 송파구 오금동,중상사고,0,1,0,0,차대사람 - 기타,안전운전불이행,건조,맑음,단일로 - 기타,승합,남,49세,상해없음,보행자,여,92세,중상
2020110500100358,2020년 11월 5일 16시,목요일,서울특별시 서대문구 연희동,중상사고,0,2,0,0,차대사람 - 길가장자리구역통행중,안전운전불이행,건조,맑음,교차로 - 교차로안,승용,남,50세,상해없음,보행자,여,72세,중상
2020110600100294,2020년 11월 6일 15시,금요일,서울특별시 강동구 강일동,중상사고,0,1,0,0,차대사람 - 기타,안전운전불이행,건조,맑음,단일로 - 기타,기타불명,남,32세,상해없음,보행자,여,82세,중상
2020110600100331,2020년 11월 6일 16시,금요일,서울특별시 금천구 독산동,중상사고,0,1,0,0,차대사람 - 횡단중,신호위반,건조,맑음,교차로 - 교차로안,승용,여,52세,상해없음,보행자,여,78세,중상
2020110600100333,2020년 11월 6일 16시,금요일,서울특별시 동작구 대방동,중상사고,0,1,0,0,차대사람 - 기타,안전운전불이행,건조,맑음,단일로 - 기타,승합,남,70세,상해없음,보행자,남,78세,중상
2020110700100141,2020년 11월 7일 10시,토요일,서울특별시 은평구 불광동,중상사고,0,1,0,0,차대사람 - 기타,안전운전불이행,건조,맑음,단일로 - 기타,승용,남,25세,상해없음,보행자,여,75세,중상
2020110700100180,2020년 11월 7일 11시,토요일,서울특별시 노원구 상계동,중상사고,0,1,0,0,차대사람 - 차도통행중,교차로운행방법위반,건조,맑음,교차로 - 교차로안,승용,여,60세,상해없음,보행자,여,71세,중상