사고번호,사고일시,요일,시군구,사고내용,사망자수,중상자수,경상자수,부상신고자수,사고유형,법규위반,노면상태,기상상태,도로형태,가해운전자 차종,가해운전자 성별,가해운전자 연령,가해운전자 상해정도,피해운전자 차종,피해운전자 성별,피해운전자 연령,피해운전자 상해정도
2020110700100396,2020년 11월 7일 16시,토요일,서울특별시 마포구 성산동,중상사고,0,1,0,0,차대사람 - 횡단중,안전운전불이행,건조,흐림,단일로 - 기타,자전거,남,49세,상해없음,보행자,여,67세,중상
2020110700100437,2020년 11월 7일 17시,토요일,서울특별시 영등포구 여의도동,중상사고,0,1,0,0,차대사람 - 횡단중,보행자보호의무위반,건조,맑음,기타 - 기타,자전거,여,16세,상해없음,보행자,여,71세,중상
2020110700100590,2020년 11월 7일 20시,토요일,서울특별시 송파구 방이동,경상사고,0,0,1,0,차대사람 - 기타,기타,건조,맑음,단일로 - 기타,자전거,남,29세,상해없음,보행자,남,65세,경상
2020110800100072,2020년 11월 8일 06시,일요일,서울특별시 강동구 천호동,중상사고,0,1,0,0,차대사람 - 기타,안전운전불이행,건조,맑음,단일로 - 기타,승용,남,44세,상해없음,보행자,남,68세,중상
2020110800100143,2020년 11월 8일 11시,일요일,서울특별시 동대문구 제기동,중상사고,0,1,0,0,차대사람 - 보도통행중,기타,건조,맑음,단일로 - 기타,자전거,남,54세,상해없음,보행자,남,72세,중상
2020110800100243,2020년 11월 8일 14시,일요일,서울특별시 중구 황학동,경상사고,0,0,1,0,차대사람 - 기타,안전운전불이행,건조,맑음,교차로 - 교차로횡단보도내,승용,남,21세,상해없음,보행자,남,81세,경상
2020110800100516,2020년 11월 8일 21시,일요일,서울특별시 성북구 돈암동,경상사고,0,0,1,0,차대사람 - 기타,안전운전불이행,건조,맑음,단일로 - 기타,이륜,남,52세,상해없음,보행자,남,71세,경상
2020110800100552,2020년 11월 8일 23시,일요일,서울특별시 강북구 수유동,중상사고,0,1,0,0,차대사람 - 횡단중,신호위반,건조,맑음,교차로 - 교차로안,원동기,남,28세,상해없음,보행자,남,67세,중상
2020110900100013,2020년 11월 9일 01시,월요일,서울특별시 노원구 상계동,사망사고,1,0,1,0,차대사람 - 횡단중,과속,건조,맑음,교차로 - 교차로횡단보도내,이륜,남,20세,경상,보행자,남,65세,사망
2020110900100185,2020년 11월 9일 10시,월요일,서울특별시 양천구 목동,경상사고,0,0,1,0,차대사람 - 횡단중,보행자보호의무위반,건조,맑음,단일로 - 기타,승용,남,62세,상해없음,보행자,여,80세,경상
2020110900100217,2020년 11월 9일 11시,월요일,서울특별시 성동구 행당동,중상사고,0,1,1,0,차대사람 - 횡단중,보행자보호의무위반,건조,맑음,교차로 - 교차로안,승용,남,65세,상해없음,보행자,여,70세,중상
2020110900100252,2020년 11월 9일 12시,월요일,서울특별시 광진구 화양동,중상사고,0,1,0,0,차대사람 - 기타,안전운전불이행,건조,맑음,교차로 - 교차로부근,개인형이동수단(PM),남,51세,상해없음,보행자,여,78세,중상
2020110900100303,2020년 11월 9일 13시,월요일,서울특별시 중랑구 묵동,중상사고,0,1,0,0,차대사람 - 기타,보행자보호의무위반,건조,맑음,단일로 - 기타,승용,여,57세,상해없음,보행자,여,80세,중상
2020110900100379,2020년 11월 9일 15시,월요일,서울특별시 도봉구 창동,경상사고,0,0,1,0,차대사람 - 기타,안전운전불이행,건조,맑음,기타 - 기타,자전거,여,48세,상해없음,보행자,여,65세,경상
2020110900100423,2020년 11월 9일 16시,월요일,서울특별시 강서구 화곡동,중상사고,0,1,0,0,차대사람 - 차도통행중,신호위반,건조,맑음,교차로 - 교차로부근,화물,남,63세,상해없음,보행자,남,78세,중상
2020110900100474,2020년 11월 9일 17시,월요일,서울특별시 강동구 천호동,경상사고,0,0,1,0,차대사람 - 길가장자리구역통행중,안전운전불이행,건조,맑음,단일로 - 기타,승합,여,47세,상해없음,보행자,여,69세,경상
2020111000100420,2020년 11월 10일 16시,화요일,서울특별시 강서구 염창동,경상사고,0,0,1,0,차대사람 - 기타,안전운전불이행,건조,맑음,단일로 - 기타,승용,여,37세,상해없음,보행자,남,71세,경상
2020111000100533,2020년 11월 10일 18시,화요일,서울특별시 광진구 중곡동,중상사고,0,1,2,0,차대차 - 기타,중앙선침범,건조,맑음,단일로 - 기타,이륜,남,47세,상해없음,이륜,남,20세,경상
2020111000100535,2020년 11월 10일 18시,화요일,서울특별시 강서구 화곡동,중상사고,0,1,0,0,차대사람 - 횡단중,보행자보호의무위반,건조,맑음,단일로 - 기타,승용,남,56세,상해없음,보행자,남,76세,중상
2020111100100042,2020년 11월 11일 06시,수요일,서울특별시 강동구 길동,중상사고,0,1,0,0,차대사람 - 횡단중,보행자보호의무위반,건조,맑음,교차로 - 교차로횡단보도내,화물,남,56세,상해없음,보행자,여,68세,중상
2020111100100058,2020년 11월 11일 07시,수요일,서울특별시 광진구 중곡동,중상사고,0,1,0,0,차대사람 - 차도통행중,교차로운행방법위반,건조,맑음,교차로 - 교차로안,승합,여,58세,상해없음,보행자,남,74세,중상
2020111100100180,2020년 11월 11일 10시,수요일,서울특별시 서초구 방배동,중상사고,0,1,0,0,차대사람 - 보도통행중,안전운전불이행,건조,맑음,교차로 - 교차로안,승용,남,39세,상해없음,보행자,여,70세,중상
2020111100100181,2020년 11월 11일 10시,수요일,서울특별시 서초구 방배동,경상사고,0,0,4,0,차대사람 - 기타,안전운전불이행,기타,맑음,교차로 - 교차로안,승용,여,43세,상해없음,보행자,여,14세,경상
2020111100100268,2020년 11월 11일 12시,수요일,서울특별시 강동구 길동,경상사고,0,0,1,0,차대사람 - 횡단중,보행자보호의무위반,건조,맑음,교차로 - 교차로부근,개인형이동수단(PM),남,75세,상해없음,보행자,남,71세,경상
2020111100100382,2020년 11월 11일 15시,수요일,서울특별시 서대문구 홍은동,중상사고,0,1,0,0,차대사람 - 기타,안전운전불이행,건조,맑음,교차로 - 교차로부근,승용,남,81세,상해없음,보행자,여,80세,중상
2020111100100658,2020년 11월 11일 20시,수요일,서울특별시 송파구 마천동,경상사고,0,0,1,0,차대사람 - 길가장자리구역통행중,안전운전불이행,건조,맑음,교차로 - 교차로부근,승용,남,27세,상해없음,보행자,여,71세,경상
2020111200100008,2020년 11월 12일 00시,목요일,서울특별시 강동구 성내동,중상사고,0,1,0,0,차대사람 - 기타,안전운전불이행,건조,맑음,단일로 - 기타,승용,남,25세,상해없음,보행자,여,65세,중상
2020111200100021,2020년 11월 12일 01시,목요일,서울특별시 강남구 청담동,중상사고,0,1,0,0,차대사람 - 기타,신호위반,건조,맑음,단일로 - 기타,이륜,여,31세,상해없음,보행자,여,66세,중상
2020111200100311,2020년 11월 12일 14시,목요일,서울특별시 영등포구 대림동,경상사고,0,0,1,0,차대사람 - 기타,신호위반,건조,맑음,단일로 - 기타,이륜,남,65세,상해없음,보행자,여,79세,경상
2020111200100355,2020년 11월 12일 15시,목요일,서울특별시 송파구 풍납동,부상신고사고,0,0,0,1,차대사람 - 기타,기타,건조,맑음,기타 - 기타,승합,남,57세,상해없음,보행자,남,66세,부상신고
2020111200100358,2020년 11월 12일 15시,목요일,서울특별시 도봉구 쌍문동,중상사고,0,1,0,0,차대사람 - 기타,안전운전불이행,건조,맑음,교차로 - 교차로안,승용,여,60세,상해없음,보행자,여,70세,중상
2020111200100359,2020년 11월 12일 15시,목요일,서울특별시 도봉구 쌍문동,중상사고,0,1,0,0,차대사람 - 기타,안전운전불이행,건조,맑음,교차로 - 교차로안,승용,여,65세,상해없음,보행자,여,70세,중상
2020111200100431,2020년 11월 12일 17시,목요일,서울특별시 서대문구 남가좌동,경상사고,0,0,1,0,차대사람 - 횡단중,안전운전불이행,건조,맑음,단일로 - 기타,승합,여,48세,상해없음,보행자,여,78세,경상
2020111300100013,2020년 11월 13일 01시,금요일,서울특별시 중구 황학동,부상신고사고,0,0,0,1,차대사람 - 기타,안전운전불이행,건조,맑음,단일로 - 기타,자전거,남,34세,상해없음,보행자,남,73세,부상신고
2020111300100325,2020년 11월 13일 15시,금요일,서울특별시 성동구 성수동1가,경상사고,0,0,1,0,차대사람 - 횡단중,안전운전불이행,건조,맑음,단일로 - 기타,자전거,남,65세,상해없음,보행자,여,65세,경상
2020111300100329,2020년 11월 13일 15시,금요일,서울특별시 양천구 신정동,경상사고,0,0,1,0,차대사람 - 횡단중,보행자보호의무위반,건조,맑음,단일로 - 기타,승용,남,49세,상해없음,보행자,여,79세,경상
2020111300100410,2020년 11월 13일 17시,금요일,서울특별시 송파구 방이동,중상사고,0,1,0,0,차대사람 - 차도통행중,중앙선침범,건조,맑음,단일로 - 기타,승용,여,44세,상해없음,보행자,여,73세,중상
2020111300100450,2020년 11월 13일 18시,금요일,서울특별시 중구 신당동,경상사고,0,0,1,1,차대차 - 기타,안전운전불이행,건조,맑음,단일로 - 기타,승용,남,48세,상해없음,이륜,남,30세,부상신고
2020111400100075,2020년 11월 14일 05시,토요일,서울특별시 금천구 가산동,경상사고,0,0,1,0,차대사람 - 횡단중,보행자보호의무위반,건조,맑음,교차로 - 교차로안,기타불명,기타불명,미분류,기타불명,보행자,여,67세,경상
2020111400100133,2020년 11월 14일 09시,토요일,서울특별시 노원구 월계동,중상사고,0,1,0,0,차대사람 - 차도통행중,안전운전불이행,건조,맑음,단일로 - 기타,자전거,남,20세,상해없음,보행자,여,80세,중상
2020111400100135,2020년 11월 14일 09시,토요일,서울특별시 강서구 내발산동,경상사고,0,0,1,0,차대사람 - 횡단중,보행자보호의무위반,건조,맑음,교차로 - 교차로부근,승용,여,38세,상해없음,보행자,여,83세,경상
2020111400100157,2020년 11월 14일 10시,토요일,서울특별시 성동구 성수동1가,부상신고사고,0,0,0,1,차대사람 - 횡단중,신호위반,건조,맑음,교차로 - 교차로부근,화물,남,28세,상해없음,보행자,남,68세,부상신고
2020111400100281,2020년 11월 14일 13시,토요일,서울특별시 중구 남대문로5가,중상사고,0,1,0,0,차대사람 - 횡단중,기타,건조,흐림,단일로 - 기타,이륜,남,36세,상해없음,보행자,남,68세,중상
2020111400100318,2020년 11월 14일 14시,토요일,서울특별시 강동구 성내동,중상사고,0,1,0,0,차대사람 - 기타,안전운전불이행,건조,맑음,단일로 - 기타,승용,여,66세,상해없음,보행자,여,73세,중상
2020111500100264,2020년 11월 15일 16시,일요일,서울특별시 성동구 성수동1가,경상사고,0,0,1,0,차대사람 - 기타,안전운전불이행,건조,맑음,기타 - 기타,자전거,남,59세,상해없음,보행자,여,83세,경상
2020111600100023,2020년 11월 16일 05시,월요일,서울특별시 도봉구 도봉동,중상사고,0,1,0,0,차대사람 - 횡단중,안전운전불이행,건조,맑음,단일로 - 기타,이륜,남,39세,상해없음,보행자,남,81세,중상
2020111600100203,2020년 11월 16일 11시,월요일,서울특별시 중구 황학동,경상사고,0,0,1,0,차대사람 - 기타,기타,건조,맑음,단일로 - 기타,자전거,남,40세,상해없음,보행자,남,74세,경상
2020111600100204,2020년 11월 16일 11시,월요일,서울특별시 중구 중림동,경상사고,0,0,1,0,차대사람 - 기타,안전운전불이행,건조,맑음,단일로 - 기타,승용,남,45세,상해없음,보행자,남,68세,경상
2020111600100285,2020년 11월 16일 13시,월요일,서울특별시 성북구 종암동,경상사고,0,0,1,0,차대사람 - 횡단중,안전운전불이행,건조,맑음,단일로 - 기타,건설기계,남,53세,상해없음,보행자,여,88세,경상
2020111600100287,2020년 11월 16일 13시,월요일,서울특별시 강남구 역삼동,사망사고,1,0,0,0,차대사람 - 차도통행중,안전운전불이행,건조,맑음,단일로 - 기타,건설기계,남,64세,상해없음,보행자,남,77세,사망
2020111600100321,2020년 11월 16일 14시,월요일,서울특별시 송파구 삼전동,경상사고,0,0,1,0,차대사람 - 기타,안전운전불이행,건조,맑음,단일로 - 기타,승용,남,43세,상해없음,보행자,여,66세,경상
2020111600100432,2020년 11월 16일 17시,월요일,서울특별시 마포구 염리동,중상사고,0,1,0,0,차대사람 - 기타,안전운전불이행,건조,맑음,교차로 - 교차로안,승용,남,29세,상해없음,보행자,여,74세,중상
2020111600100489,2020년 11월 16일 18시,월요일,서울특별시 강서구 등촌동,중상사고,0,1,0,0,차대사람 - 횡단중,안전운전불이행,건조,맑음,단일로 - 기타,이륜,남,36세,상해없음,보행자,여,80세,중상
2020111600100593,2020년 11월 16일 20시,월요일,서울특별시 강서구 화곡동,중상사고,0,1,0,0,차대사람 - 기타,안전운전불이행,건조,맑음,교차로 - 교차로안,화물,남,49세,상해없음,보행자,남,68세,중상
2020111600100620,2020년 11월 16일 21시,월요일,서울특별시 광진구 구의동,중상사고,0,1,0,0,차대사람 - 차도통행중,안전운전불이행,건조,맑음,교차로 - 교차로부근,승용,남,33세,상해없음,보행자,여,70세,중상
2020111700100001,2020년 11월 17일 00시,화요일,서울특별시 동대문구 장안동,중상사고,0,1,0,0,차대사람 - 기타,안전운전불이행,건조,맑음,기타 - 기타,승용,남,60세,상해없음,보행자,남,77세,중상
2020111700100031,2020년 11월 17일 04시,화요일,서울특별시 동대문구 전농동,중상사고,0,1,0,0,차대사람 - 길가장자리구역통행중,안전운전불이행,건조,맑음,단일로 - 기타,승합,남,37세,상해없음,보행자,여,76세,중상
2020111700100280,2020년 11월 17일 14시,화요일,서울특별시 금천구 독산동,중상사고,0,1,0,0,차대사람 - 보도통행중,기타,건조,흐림,기타 - 기타,승용,남,59세,상해없음,보행자,여,65세,중상
2020111700100350,2020년 11월 17일 16시,화요일,서울특별시 광진구 중곡동,경상사고,0,0,1,0,차대사람 - 기타,보행자보호의무위반,기타,맑음,기타 - 기타,화물,남,56세,상해없음,보행자,남,77세,경상
2020111700100352,2020년 11월 17일 16시,화요일,서울특별시 동작구 상도동,경상사고,0,0,2,0,차대사람 - 기타,안전운전불이행,건조,흐림,교차로 - 교차로부근,승용,남,49세,상해없음,보행자,여,55세,경상
2020111700100354,2020년 11월 17일 16시,화요일,서울특별시 노원구 상계동,중상사고,0,1,0,0,차대사람 - 횡단중,안전운전불이행,건조,맑음,교차로 - 교차로부근,승용,남,66세,상해없음,보행자,여,85세,중상
2020111700100355,2020년 11월 17일 16시,화요일,서울특별시 노원구 공릉동,경상사고,0,0,1,0,차대사람 - 횡단중,보행자보호의무위반,건조,맑음,단일로 - 기타,승용,남,68세,상해없음,보행자,남,73세,경상
2020111700100388,2020년 11월 17일 17시,화요일,서울특별시 양천구 신월동,경상사고,0,0,1,0,차대사람 - 횡단중,안전운전불이행,건조,맑음,단일로 - 기타,승용,남,59세,상해없음,보행자,여,84세,경상
2020111800100038,2020년 11월 18일 04시,수요일,서울특별시 성북구 동소문동2가,부상신고사고,0,0,0,1,차대사람 - 횡단중,안전운전불이행,젖음/습기,비,교차로 - 교차로횡단보도내,화물,남,50세,상해없음,보행자,남,85세,부상신고
2020111800100043,2020년 11월 18일 05시,수요일,서울특별시 양천구 목동,중상사고,0,1,0,0,차대사람 - 차도통행중,안전운전불이행,건조,맑음,단일로 - 기타,승용,남,67세,상해없음,보행자,여,72세,중상
2020111800100071,2020년 11월 18일 07시,수요일,서울특별시 동대문구 제기동,중상사고,0,1,0,0,차대사람 - 길가장자리구역통행중,안전운전불이행,젖음/습기,흐림,단일로 - 기타,화물,남,74세,상해없음,보행자,여,69세,중상
2020111800100152,2020년 11월 18일 09시,수요일,서울특별시 중랑구 면목동,경상사고,0,0,1,0,차대사람 - 기타,안전운전불이행,건조,맑음,단일로 - 기타,승용,여,35세,상해없음,보행자,여,73세,경상
2020111800100217,2020년 11월 18일 11시,수요일,서울특별시 동작구 사당동,경상사고,0,0,1,0,차대사람 - 기타,안전운전불이행,건조,맑음,교차로 - 교차로안,승용,남,61세,상해없음,보행자,여,72세,경상
2020111800100428,2020년 11월 18일 17시,수요일,서울특별시 성동구 금호동1가,중상사고,0,1,0,0,차대사람 - 횡단중,안전운전불이행,젖음/습기,비,교차로 - 교차로부근,이륜,남,55세,상해없음,보행자,여,77세,중상
2020111900100056,2020년 11월 19일 05시,목요일,서울특별시 성북구 성북동,중상사고,0,1,0,0,차대사람 - 차도통행중,안전운전불이행,젖음/습기,비,교차로 - 교차로안,화물,남,65세,상해없음,보행자,남,81세,중상
2020111900100058,2020년 11월 19일 05시,목요일,서울특별시 노원구 공릉동,경상사고,0,0,1,0,차대사람 - 횡단중,보행자보호의무위반,젖음/습기,비,교차로 - 교차로횡단보도내,승용,남,66세,상해없음,보행자,남,68세,경상
2020111900100069,2020년 11월 19일 06시,목요일,서울특별시 노원구 월계동,중상사고,0,1,0,0,차대사람 - 횡단중,안전운전불이행,젖음/습기,비,단일로 - 기타,화물,남,57세,상해없음,보행자,남,81세,중상
2020111900100137,2020년 11월 19일 08시,목요일,서울특별시 동작구 사당동,중상사고,0,1,0,0,차대사람 - 차도통행중,안전운전불이행,젖음/습기,비,교차로 - 교차로안,승용,남,38세,상해없음,보행자,여,86세,중상
2020111900100335,2020년 11월 19일 13시,목요일,서울특별시 금천구 시흥동,중상사고,0,1,0,0,차대사람 - 기타,안전운전불이행,건조,흐림,교차로 - 교차로안,승용,남,50세,상해없음,보행자,여,78세,중상
2020111900100369,2020년 11월 19일 14시,목요일,서울특별시 마포구 대흥동,경상사고,0,0,1,0,차대사람 - 횡단중,신호위반,건조,맑음,교차로 - 교차로부근,승합,남,54세,상해없음,보행자,남,78세,경상
2020111900100405,2020년 11월 19일 15시,목요일,서울특별시 구로구 오류동,경상사고,0,0,1,0,차대사람 - 기타,안전운전불이행,건조,흐림,단일로 - 기타,승용,남,58세,상해없음,보행자,여,78세,경상
2020111900100434,2020년 11월 19일 16시,목요일,서울특별시 송파구 가락동,경상사고,0,0,1,0,차대사람 - 차도통행중,안전운전불이행,건조,맑음,교차로 - 교차로안,승용,남,35세,상해없음,보행자,남,65세,경상
2020111900100473,2020년 11월 19일 17시,목요일,서울특별시 구로구 구로동,경상사고,0,0,1,0,차대사람 - 기타,안전운전불이행,젖음/습기,맑음,교차로 - 교차로안,화물,남,58세,상해없음,보행자,남,73세,경상
2020112000100080,2020년 11월 20일 07시,금요일,서울특별시 종로구 무악동,중상사고,0,1,0,0,차대사람 - 차도통행중,안전운전불이행,건조,맑음,교차로 - 교차로안,승용,남,55세,상해없음,보행자,남,78세,중상
2020112000100100,2020년 11월 20일 08시,금요일,서울특별시 성북구 정릉동,사망사고,1,0,0,0,차대사람 - 기타,안전운전불이행,건조,맑음,단일로 - 기타,승용,남,59세,상해없음,보행자,남,71세,사망
2020112000100187,2020년 11월 20일 11시,금요일,서울특별시 영등포구 대림동,중상사고,0,1,0,0,차대사람 - 보도통행중,기타,건조,맑음,기타 - 기타,화물,남,33세,상해없음,보행자,여,69세,중상
2020112000100227,2020년 11월 20일 12시,금요일,서울특별시 동작구 사당동,중상사고,0,1,0,0,차대사람 - 기타,안전운전불이행,건조,맑음,단일로 - 기타,화물,남,51세,기타불명,보행자,남,65세,중상
2020112000100302,2020년 11월 20일 14시,금요일,서울특별시 성북구 길음동,경상사고,0,0,1,0,차대사람 - 기타,안전운전불이행,건조,맑음,주차장 - 주차장,승용,남,46세,상해없음,보행자,여,73세,경상
2020112000100374,2020년 11월 20일 16시,금요일,서울특별시 도봉구 창동,중상사고,0,1,0,0,차대사람 - 길가장자리구역통행중,안전운전불이행,건조,맑음,교차로 - 교차로안,이륜,남,46세,상해없음,보행자,여,78세,중상
2020112000100417,2020년 11월 20일 17시,금요일,서울특별시 금천구 독산동,경상사고,0,0,1,0,차대사람 - 횡단중,안전운전불이행,건조,맑음,단일로 - 기타,승용,남,59세,상해없음,보행자,여,75세,경상
2020112000100492,2020년 11월 20일 18시,금요일,서울특별시 송파구 방이동,경상사고,0,0,1,0,차대사람 - 기타,안전운전불이행,건조,맑음,교차로 - 교차로안,승용,남,64세,상해없음,보행자,여,65세,경상
2020112000100651,2020년 11월 20일 21시,금요일,서울특별시 양천구 신정동,경상사고,0,0,1,0,차대사람 - 기타,기타,건조,맑음,단일로 - 기타,자전거,여,54세,상해없음,보행자,여,72세,경상
2020112000100676,2020년 11월 20일 22시,금요일,서울특별시 종로구 서린동,경상사고,0,0,1,0,차대사람 - 기타,안전운전불이행,건조,맑음,단일로 - 기타,승합,남,57세,상해없음,보행자,남,71세,경상
2020112100100001,2020년 11월 21일 00시,토요일,서울특별시 성북구 동선동2가,경상사고,0,0,2,0,차대사람 - 횡단중,보행자보호의무위반,건조,맑음,단일로 - 기타,승용,남,62세,상해없음,보행자,남,68세,경상
2020112100100250,2020년 11월 21일 13시,토요일,서울특별시 중구 장충동2가,중상사고,0,1,0,0,차대사람 - 횡단중,안전운전불이행,건조,맑음,단일로 - 기타,승용,여,44세,상해없음,보행자,여,74세,중상
2020112100100252,2020년 11월 21일 13시,토요일,서울특별시 동작구 상도동,경상사고,0,0,1,0,차대사람 - 기타,안전운전불이행,건조,맑음,교차로 - 교차로부근,승용,여,52세,상해없음,보행자,여,80세,경상
2020112100100437,2020년 11월 21일 18시,토요일,서울특별시 서초구 서초동,경상사고,0,0,1,0,차대사람 - 횡단중,보행자보호의무위반,건조,맑음,교차로 - 교차로횡단보도내,승용,여,32세,상해없음,보행자,남,67세,경상
2020112200100270,2020년 11월 22일 17시,일요일,서울특별시 금천구 시흥동,경상사고,0,0,1,0,차대사람 - 기타,안전운전불이행,건조,맑음,교차로 - 교차로부근,승용,남,51세,상해없음,보행자,여,75세,경상
2020112300100002,2020년 11월 23일 00시,월요일,서울특별시 송파구 가락동,중상사고,0,1,0,0,차대사람 - 보도통행중,안전운전불이행,건조,맑음,단일로 - 기타,기타불명,남,27세,상해없음,보행자,여,68세,중상
2020112300100132,2020년 11월 23일 09시,월요일,서울특별시 송파구 석촌동,경상사고,0,0,1,0,차대사람 - 기타,안전운전불이행,건조,맑음,교차로 - 교차로안,승용,여,62세,상해없음,보행자,남,73세,경상
2020112300100274,2020년 11월 23일 13시,월요일,서울특별시 양천구 목동,중상사고,0,1,0,0,차대사람 - 횡단중,신호위반,건조,맑음,단일로 - 기타,원동기,남,50세,상해없음,보행자,여,66세,중상
2020112300100374,2020년 11월 23일 16시,월요일,서울특별시 강남구 논현동,경상사고,0,0,1,0,차대사람 - 기타,안전운전불이행,건조,맑음,단일로 - 기타,승용,기타불명,미분류,기타불명,보행자,여,73세,경상
2020112300100611,2020년 11월 23일 23시,월요일,서울특별시 구로구 구로동,중상사고,0,1,0,0,차대사람 - 횡단중,안전운전불이행,건조,맑음,교차로 - 교차로안,승용,여,65세,상해없음,보행자,여,81세,중상
2020112400100137,2020년 11월 24일 10시,화요일,서울특별시 도봉구 쌍문동,부상신고사고,0,0,0,1,차대사람 - 기타,안전운전불이행,건조,맑음,주차장 - 주차장,자전거,기타불명,미분류,기타불명,보행자,여,79세,부상신고
2020112400100204,2020년 11월 24일 12시,화요일,서울특별시 동작구 사당동,중상사고,0,1,0,0,차대사람 - 횡단중,안전운전불이행,건조,맑음,교차로 - 교차로안,개인형이동수단(PM),여,23세,상해없음,보행자,여,66세,중상
2020112400100263,2020년 11월 24일 14시,화요일,서울특별시 중구 예관동,중상사고,0,1,1,0,차대차 - 측면충돌,중앙선침범,건조,맑음,단일로 - 기타,승용,남,51세,상해없음,승용,남,47세,상해없음
2020112400100303,2020년 11월 24일 15시,화요일,서울특별시 동대문구 제기동,중상사고,0,1,0,0,차대사람 - 횡단중,안전운전불이행,건조,맑음,기타 - 기타,승용,남,73세,상해없음,보행자,남,69세,중상
2020112400100308,2020년 11월 24일 15시,화요일,서울특별시 구로구 구로동,중상사고,0,1,0,0,차대사람 - 차도통행중,안전운전불이행,건조,맑음,단일로 - 기타,자전거,여,66세,상해없음,보행자,여,78세,중상
2020112400100448,2020년 11월 24일 18시,화요일,서울특별시 도봉구 쌍문동,경상사고,0,0,1,0,차대사람 - 횡단중,보행자보호의무위반,건조,맑음,교차로 - 교차로횡단보도내,승합,남,51세,상해없음,보행자,남,66세,경상
2020112500100031,2020년 11월 25일 06시,수요일,서울특별시 동대문구 답십리동,중상사고,0,1,0,0,차대사람 - 횡단중,안전운전불이행,건조,맑음,교차로 - 교차로안,승용,남,41세,상해없음,보행자,남,81세,중상
2020112500100139,2020년 11월 25일 10시,수요일,서울특별시 양천구 신정동,경상사고,0,0,2,0,차대차 - 측면충돌,안전운전불이행,건조,맑음,교차로 - 교차로부근,승용,남,74세,기타불명,승용,여,63세,경상
2020112500100213,2020년 11월 25일 12시,수요일,서울특별시 동대문구 장안동,중상사고,0,1,0,0,차대사람 - 기타,안전운전불이행,건조,맑음,교차로 - 교차로안,화물,남,60세,상해없음,보행자,여,76세,중상
2020112500100279,2020년 11월 25일 14시,수요일,서울특별시 서대문구 홍은동,경상사고,0,0,1,0,차대사람 - 기타,안전운전불이행,건조,맑음,단일로 - 기타,이륜,남,68세,상해없음,보행자,여,84세,경상
2020112500100402,2020년 11월 25일 17시,수요일,서울특별시 강남구 신사동,경상사고,0,0,1,0,차대사람 - 기타,신호위반,건조,맑음,기타 - 기타,개인형이동수단(PM),남,26세,상해없음,보행자,여,66세,경상
2020112600100037,2020년 11월 26일 05시,목요일,서울특별시 도봉구 창동,중상사고,0,1,0,0,차대사람 - 횡단중,안전운전불이행,건조,맑음,단일로 - 기타,승용,남,72세,상해없음,보행자,남,70세,중상
2020112600100182,2020년 11월 26일 11시,목요일,서울특별시 노원구 상계동,경상사고,0,0,1,0,차대사람 - 기타,안전운전불이행,건조,맑음,단일로 - 기타,승용,여,63세,상해없음,보행자,여,74세,경상
2020112600100203,2020년 11월 26일 12시,목요일,서울특별시 은평구 녹번동,중상사고,0,1,0,0,차대사람 - 횡단중,신호위반,건조,맑음,단일로 - 기타,개인형이동수단(PM),남,68세,상해없음,보행자,여,73세,중상
2020112600100342,2020년 11월 26일 16시,목요일,서울특별시 강남구 수서동,부상신고사고,0,0,0,1,차대사람 - 기타,기타,건조,맑음,단일로 - 기타,승용,남,73세,상해없음,보행자,남,70세,부상신고
2020112600100370,2020년 11월 26일 17시,목요일,서울특별시 강북구 미아동,경상사고,0,0,1,0,차대사람 - 횡단중,신호위반,건조,맑음,단일로 - 기타,이륜,남,55세,상해없음,보행자,여,70세,경상
2020112600100372,2020년 11월 26일 17시,목요일,서울특별시 노원구 상계동,중상사고,0,1,0,0,차대사람 - 횡단중,안전운전불이행,건조,맑음,단일로 - 기타,이륜,남,48세,상해없음,보행자,여,85세,중상
2020112600100484,2020년 11월 26일 19시,목요일,서울특별시 은평구 증산동,중상사고,0,1,0,0,차대사람 - 횡단중,안전운전불이행,건조,맑음,단일로 - 기타,이륜,남,26세,기타불명,보행자,여,86세,중상
2020112600100485,2020년 11월 26일 19시,목요일,서울특별시 은평구 녹번동,중상사고,0,1,1,0,차대사람 - 횡단중,신호위반,건조,맑음,교차로 - 교차로횡단보도내,승용,여,44세,상해없음,보행자,남,73세,중상
2020112700100028,2020년 11월 27일 05시,금요일,서울특별시 강동구 둔촌동,중상사고,0,1,1,0,차대사람 - 차도통행중,안전운전불이행,건조,맑음,교차로 - 교차로부근,승용,여,62세,상해없음,보행자,여,69세,중상
2020112700100205,2020년 11월 27일 13시,금요일,서울특별시 광진구 화양동,중상사고,0,1,0,0,차대사람 - 기타,안전운전불이행,건조,맑음,단일로 - 기타,화물,남,59세,상해없음,보행자,여,71세,중상