사고번호,사고일시,요일,시군구,사고내용,사망자수,중상자수,경상자수,부상신고자수,사고유형,법규위반,노면상태,기상상태,도로형태,가해운전자 차종,가해운전자 성별,가해운전자 연령,가해운전자 상해정도,피해운전자 차종,피해운전자 성별,피해운전자 연령,피해운전자 상해정도
2021012700100442,2021년 1월 27일 20시,수요일,서울특별시 중구 신당동,중상사고,0,1,0,0,차대사람 - 횡단중,안전운전불이행,건조,맑음,교차로 - 교차로부근,이륜,남,47세,상해없음,보행자,여,78세,중상
2021012700100448,2021년 1월 27일 20시,수요일,서울특별시 송파구 가락동,중상사고,0,1,0,0,차대사람 - 차도통행중,안전운전불이행,건조,맑음,단일로 - 기타,이륜,남,38세,상해없음,보행자,여,78세,중상
2021012800100021,2021년 1월 28일 06시,목요일,서울특별시 성북구 돈암동,경상사고,0,0,1,0,차대사람 - 보도통행중,안전운전불이행,건조,맑음,단일로 - 기타,승용,남,72세,상해없음,보행자,여,79세,경상
2021012800100070,2021년 1월 28일 09시,목요일,서울특별시 강서구 화곡동,중상사고,0,1,0,0,차대사람 - 보도통행중,보행자보호의무위반,건조,맑음,교차로 - 교차로횡단보도내,승합,남,64세,상해없음,보행자,여,70세,중상
2021012800100101,2021년 1월 28일 10시,목요일,서울특별시 강동구 천호동,중상사고,0,1,0,0,차대사람 - 차도통행중,중앙선침범,서리/결빙,흐림,단일로 - 기타,승용,남,66세,상해없음,보행자,여,89세,중상
2021012800100271,2021년 1월 28일 15시,목요일,서울특별시 용산구 보광동,사망사고,1,0,0,0,차대사람 - 차도통행중,안전운전불이행,건조,맑음,단일로 - 기타,화물,남,47세,상해없음,보행자,남,87세,사망
2021012800100277,2021년 1월 28일 15시,목요일,서울특별시 양천구 신정동,중상사고,0,1,0,0,차대사람 - 보도통행중,기타,젖음/습기,맑음,기타 - 기타,화물,남,55세,기타불명,보행자,여,79세,중상
2021012900100029,2021년 1월 29일 05시,금요일,서울특별시 서초구 양재동,경상사고,0,0,1,0,차대사람 - 기타,안전운전불이행,건조,기타,단일로 - 기타,승용,남,60세,상해없음,보행자,남,69세,경상
2021012900100250,2021년 1월 29일 13시,금요일,서울특별시 관악구 신림동,경상사고,0,0,1,0,차대사람 - 횡단중,보행자보호의무위반,건조,맑음,교차로 - 교차로횡단보도내,승용,여,73세,상해없음,보행자,여,75세,경상
2021012900100273,2021년 1월 29일 14시,금요일,서울특별시 도봉구 방학동,중상사고,0,1,0,0,차대사람 - 기타,안전운전불이행,건조,맑음,단일로 - 기타,승용,남,60세,상해없음,보행자,여,70세,중상
2021012900100359,2021년 1월 29일 17시,금요일,서울특별시 서대문구 연희동,중상사고,0,1,0,0,차대사람 - 횡단중,안전운전불이행,건조,맑음,교차로 - 교차로안,승용,남,51세,상해없음,보행자,여,67세,중상
2021012900100459,2021년 1월 29일 19시,금요일,서울특별시 강남구 논현동,경상사고,0,0,1,0,차대사람 - 기타,안전운전불이행,건조,맑음,교차로 - 교차로안,승용,남,47세,상해없음,보행자,여,68세,경상
2021012900100461,2021년 1월 29일 19시,금요일,서울특별시 강서구 화곡동,경상사고,0,0,1,0,차대사람 - 길가장자리구역통행중,안전운전불이행,건조,맑음,기타 - 기타,승용,남,72세,상해없음,보행자,여,68세,경상
2021012900100586,2021년 1월 29일 22시,금요일,서울특별시 금천구 가산동,경상사고,0,0,1,0,차대사람 - 보도통행중,신호위반,건조,맑음,교차로 - 교차로횡단보도내,승용,남,60세,상해없음,보행자,여,71세,경상
2021013000100036,2021년 1월 30일 06시,토요일,서울특별시 동대문구 용두동,중상사고,0,1,0,0,차대사람 - 횡단중,안전운전불이행,건조,맑음,단일로 - 기타,승용,남,45세,상해없음,보행자,남,74세,중상
2021013000100247,2021년 1월 30일 15시,토요일,서울특별시 동작구 노량진동,경상사고,0,0,1,0,차대사람 - 기타,안전운전불이행,건조,맑음,단일로 - 기타,승용,여,34세,상해없음,보행자,여,69세,경상
2021013000100283,2021년 1월 30일 16시,토요일,서울특별시 영등포구 대림동,중상사고,0,1,0,0,차대사람 - 기타,안전운전불이행,건조,맑음,교차로 - 교차로안,승용,남,39세,상해없음,보행자,여,75세,중상
2021013000100329,2021년 1월 30일 17시,토요일,서울특별시 강남구 대치동,경상사고,0,0,1,0,차대사람 - 기타,보행자보호의무위반,건조,맑음,교차로 - 교차로안,자전거,남,17세,상해없음,보행자,여,66세,경상
2021013000100480,2021년 1월 30일 21시,토요일,서울특별시 중구 신당동,중상사고,0,1,0,0,차대사람 - 횡단중,안전운전불이행,건조,흐림,교차로 - 교차로횡단보도내,승용,남,74세,상해없음,보행자,여,71세,중상
2021013000100484,2021년 1월 30일 21시,토요일,서울특별시 강북구 미아동,경상사고,0,0,1,0,차대사람 - 횡단중,보행자보호의무위반,건조,맑음,교차로 - 교차로안,승용,남,64세,상해없음,보행자,여,66세,경상
2021013100100152,2021년 1월 31일 14시,일요일,서울특별시 동작구 사당동,경상사고,0,0,1,0,차대사람 - 기타,안전운전불이행,건조,맑음,교차로 - 교차로안,승용,남,62세,상해없음,보행자,여,91세,경상
2021020100100040,2021년 2월 1일 07시,월요일,서울특별시 강동구 천호동,사망사고,1,0,0,0,차대사람 - 기타,안전운전불이행,젖음/습기,흐림,단일로 - 기타,승용,남,36세,상해없음,보행자,남,66세,사망
2021020100100041,2021년 2월 1일 07시,월요일,서울특별시 송파구 석촌동,중상사고,0,1,0,0,차대사람 - 횡단중,신호위반,건조,맑음,단일로 - 기타,승합,남,65세,상해없음,보행자,여,65세,중상
2021020100100063,2021년 2월 1일 08시,월요일,서울특별시 종로구 청진동,경상사고,0,0,1,0,차대사람 - 기타,보행자보호의무위반,건조,맑음,기타 - 기타,승용,남,62세,상해없음,보행자,여,70세,경상
2021020100100098,2021년 2월 1일 09시,월요일,서울특별시 도봉구 쌍문동,중상사고,0,1,0,0,차대사람 - 횡단중,보행자보호의무위반,건조,맑음,교차로 - 교차로횡단보도내,승용,남,62세,상해없음,보행자,남,74세,중상
2021020100100381,2021년 2월 1일 19시,월요일,서울특별시 강동구 천호동,중상사고,0,1,0,0,차대사람 - 횡단중,안전운전불이행,건조,흐림,단일로 - 기타,이륜,남,16세,상해없음,보행자,남,79세,중상
2021020200100128,2021년 2월 2일 11시,화요일,서울특별시 성북구 삼선동2가,중상사고,0,1,0,0,차대사람 - 횡단중,안전운전불이행,건조,맑음,교차로 - 교차로횡단보도내,승용,남,75세,상해없음,보행자,여,72세,중상
2021020200100133,2021년 2월 2일 11시,화요일,서울특별시 송파구 잠실동,중상사고,0,1,0,0,차대사람 - 기타,기타,건조,맑음,기타 - 기타,자전거,여,59세,상해없음,보행자,여,72세,중상
2021020200100165,2021년 2월 2일 12시,화요일,서울특별시 은평구 불광동,중상사고,0,1,0,0,차대사람 - 기타,안전운전불이행,건조,맑음,교차로 - 교차로안,승용,남,58세,상해없음,보행자,여,80세,중상
2021020200100211,2021년 2월 2일 14시,화요일,서울특별시 영등포구 신길동,중상사고,0,1,0,0,차대사람 - 횡단중,보행자보호의무위반,건조,맑음,교차로 - 교차로안,화물,남,41세,기타불명,보행자,남,74세,중상
2021020200100449,2021년 2월 2일 21시,화요일,서울특별시 송파구 오금동,중상사고,0,1,0,0,차대사람 - 횡단중,안전운전불이행,건조,맑음,단일로 - 기타,승용,남,67세,상해없음,보행자,남,79세,중상
2021020300100110,2021년 2월 3일 10시,수요일,서울특별시 금천구 시흥동,중상사고,0,1,0,0,차대사람 - 기타,안전운전불이행,건조,맑음,교차로 - 교차로안,승용,남,20세,상해없음,보행자,여,72세,중상
2021020300100297,2021년 2월 3일 16시,수요일,서울특별시 관악구 신림동,중상사고,0,1,0,0,차대사람 - 횡단중,신호위반,건조,맑음,교차로 - 교차로횡단보도내,승용,여,32세,상해없음,보행자,여,73세,중상
2021020400100179,2021년 2월 4일 11시,목요일,서울특별시 서대문구 충정로2가,중상사고,0,2,0,0,차대사람 - 횡단중,신호위반,건조,맑음,단일로 - 기타,승용,여,63세,상해없음,보행자,남,79세,중상
2021020400100257,2021년 2월 4일 13시,목요일,서울특별시 관악구 남현동,경상사고,0,0,1,0,차대사람 - 기타,기타,건조,맑음,단일로 - 기타,승합,남,44세,상해없음,보행자,여,69세,경상
2021020400100260,2021년 2월 4일 13시,목요일,서울특별시 서초구 방배동,중상사고,0,1,0,0,차대사람 - 차도통행중,안전운전불이행,건조,맑음,교차로 - 교차로부근,승용,남,52세,상해없음,보행자,여,76세,중상
2021020400100414,2021년 2월 4일 17시,목요일,서울특별시 강동구 천호동,중상사고,0,1,0,0,차대사람 - 횡단중,보행자보호의무위반,건조,맑음,단일로 - 기타,승용,남,57세,상해없음,보행자,여,71세,중상
2021020400100417,2021년 2월 4일 17시,목요일,서울특별시 은평구 갈현동,중상사고,0,1,0,0,차대사람 - 기타,기타,건조,맑음,단일로 - 기타,승합,남,48세,상해없음,보행자,여,71세,중상
2021020500100053,2021년 2월 5일 08시,금요일,서울특별시 성북구 삼선동4가,경상사고,0,0,1,0,차대사람 - 횡단중,신호위반,건조,맑음,단일로 - 기타,이륜,남,26세,상해없음,보행자,여,69세,경상
2021020500100126,2021년 2월 5일 11시,금요일,서울특별시 성동구 용답동,경상사고,0,0,1,0,차대사람 - 기타,안전운전불이행,건조,맑음,단일로 - 기타,승용,여,42세,상해없음,보행자,남,65세,경상
2021020500100129,2021년 2월 5일 11시,금요일,서울특별시 강서구 화곡동,중상사고,0,1,0,0,차대사람 - 차도통행중,안전운전불이행,건조,맑음,단일로 - 기타,이륜,남,25세,상해없음,보행자,남,65세,중상
2021020500100158,2021년 2월 5일 12시,금요일,서울특별시 광진구 광장동,중상사고,0,1,0,0,차대사람 - 기타,안전운전불이행,건조,맑음,교차로 - 교차로안,승합,남,46세,상해없음,보행자,남,67세,중상
2021020500100195,2021년 2월 5일 13시,금요일,서울특별시 강북구 수유동,중상사고,0,1,0,0,차대사람 - 기타,안전운전불이행,건조,흐림,단일로 - 기타,승용,남,62세,상해없음,보행자,여,71세,중상
2021020500100201,2021년 2월 5일 13시,금요일,서울특별시 강서구 화곡동,중상사고,0,1,0,0,차대사람 - 기타,안전운전불이행,건조,맑음,단일로 - 기타,승합,남,64세,상해없음,보행자,여,70세,중상
2021020500100326,2021년 2월 5일 16시,금요일,서울특별시 중랑구 면목동,경상사고,0,0,1,0,차대사람 - 기타,안전운전불이행,건조,맑음,단일로 - 기타,승용,남,65세,상해없음,보행자,여,72세,경상
2021020500100361,2021년 2월 5일 17시,금요일,서울특별시 종로구 창신동,경상사고,0,0,1,0,차대사람 - 기타,안전운전불이행,건조,맑음,단일로 - 기타,승용,남,63세,상해없음,보행자,남,90세,경상
2021020500100531,2021년 2월 5일 20시,금요일,서울특별시 동대문구 전농동,경상사고,0,0,1,0,차대사람 - 기타,안전운전불이행,건조,맑음,단일로 - 기타,자전거,남,62세,상해없음,보행자,여,65세,경상
2021020600100030,2021년 2월 6일 06시,토요일,서울특별시 구로구 구로동,중상사고,0,1,0,0,차대사람 - 횡단중,신호위반,건조,맑음,교차로 - 교차로부근,화물,남,58세,상해없음,보행자,여,72세,중상
2021020600100133,2021년 2월 6일 12시,토요일,서울특별시 양천구 신월동,사망사고,1,0,0,0,차대사람 - 횡단중,안전운전불이행,건조,맑음,단일로 - 기타,승용,여,61세,상해없음,보행자,남,77세,사망
2021020700100001,2021년 2월 7일 00시,일요일,서울특별시 은평구 응암동,경상사고,0,0,1,0,차대사람 - 횡단중,신호위반,건조,맑음,교차로 - 교차로안,승용,남,56세,상해없음,보행자,여,74세,경상
2021020700100031,2021년 2월 7일 05시,일요일,서울특별시 강동구 성내동,경상사고,0,0,1,0,차대사람 - 길가장자리구역통행중,안전운전불이행,건조,맑음,교차로 - 교차로안,승용,남,23세,상해없음,보행자,여,67세,경상
2021020700100037,2021년 2월 7일 06시,일요일,서울특별시 용산구 보광동,중상사고,0,1,0,0,차대사람 - 기타,보행자보호의무위반,건조,맑음,교차로 - 교차로부근,기타불명,기타불명,미분류,기타불명,보행자,여,69세,중상
2021020700100071,2021년 2월 7일 10시,일요일,서울특별시 성동구 응봉동,중상사고,0,1,0,0,차대사람 - 길가장자리구역통행중,안전운전불이행,건조,맑음,단일로 - 기타,화물,남,57세,상해없음,보행자,여,76세,중상
2021020700100146,2021년 2월 7일 14시,일요일,서울특별시 광진구 자양동,경상사고,0,0,1,0,차대사람 - 차도통행중,안전운전불이행,건조,맑음,단일로 - 기타,승용,남,72세,상해없음,보행자,여,66세,경상
2021020700100247,2021년 2월 7일 17시,일요일,서울특별시 노원구 월계동,중상사고,0,2,0,0,차대사람 - 횡단중,보행자보호의무위반,건조,맑음,교차로 - 교차로안,승합,남,78세,상해없음,보행자,남,72세,중상
2021020800100040,2021년 2월 8일 07시,월요일,서울특별시 영등포구 신길동,경상사고,0,0,1,0,차대사람 - 보도통행중,보행자보호의무위반,건조,맑음,교차로 - 교차로안,승용,남,41세,상해없음,보행자,남,69세,경상
2021020800100142,2021년 2월 8일 10시,월요일,서울특별시 동대문구 용두동,중상사고,0,1,0,0,차대사람 - 횡단중,보행자보호의무위반,건조,맑음,교차로 - 교차로안,화물,남,51세,상해없음,보행자,남,83세,중상
2021020800100143,2021년 2월 8일 10시,월요일,서울특별시 중랑구 망우동,부상신고사고,0,0,0,1,차대사람 - 길가장자리구역통행중,안전운전불이행,건조,맑음,교차로 - 교차로안,승용,여,36세,상해없음,보행자,남,91세,부상신고
2021020800100205,2021년 2월 8일 12시,월요일,서울특별시 성동구 도선동,중상사고,0,1,0,0,차대사람 - 기타,안전운전불이행,건조,맑음,교차로 - 교차로안,화물,남,66세,상해없음,보행자,여,71세,중상
2021020800100299,2021년 2월 8일 14시,월요일,서울특별시 금천구 시흥동,중상사고,0,1,0,0,차대사람 - 횡단중,안전운전불이행,건조,맑음,교차로 - 교차로횡단보도내,승합,남,53세,상해없음,보행자,여,73세,중상
2021020800100334,2021년 2월 8일 15시,월요일,서울특별시 마포구 대흥동,경상사고,0,0,1,0,차대사람 - 기타,안전운전불이행,건조,맑음,단일로 - 기타,승용,남,64세,상해없음,보행자,여,75세,경상
2021020800100510,2021년 2월 8일 19시,월요일,서울특별시 강서구 외발산동,중상사고,0,1,0,0,차대사람 - 횡단중,보행자보호의무위반,건조,맑음,교차로 - 교차로횡단보도내,승용,남,43세,상해없음,보행자,여,72세,중상
2021020800100625,2021년 2월 8일 22시,월요일,서울특별시 서초구 잠원동,중상사고,0,1,0,0,차대사람 - 기타,안전운전불이행,건조,맑음,교차로 - 교차로횡단보도내,승용,남,65세,상해없음,보행자,여,68세,중상
2021020900100020,2021년 2월 9일 05시,화요일,서울특별시 은평구 갈현동,중상사고,0,1,0,0,차대사람 - 횡단중,안전운전불이행,건조,맑음,단일로 - 기타,승용,남,68세,상해없음,보행자,여,70세,중상
2021020900100042,2021년 2월 9일 07시,화요일,서울특별시 관악구 봉천동,경상사고,0,0,1,0,차대사람 - 횡단중,안전운전불이행,건조,맑음,단일로 - 기타,승용,남,57세,상해없음,보행자,남,78세,경상
2021020900100177,2021년 2월 9일 11시,화요일,서울특별시 은평구 신사동,부상신고사고,0,0,0,1,차대사람 - 기타,안전운전불이행,건조,맑음,단일로 - 기타,승용,남,59세,상해없음,보행자,남,73세,부상신고
2021020900100178,2021년 2월 9일 11시,화요일,서울특별시 영등포구 영등포동,중상사고,0,1,0,0,차대사람 - 기타,안전운전불이행,기타,맑음,기타 - 기타,승용,남,64세,상해없음,보행자,남,75세,중상
2021020900100290,2021년 2월 9일 14시,화요일,서울특별시 성북구 정릉동,경상사고,0,0,1,0,차대사람 - 횡단중,보행자보호의무위반,건조,맑음,교차로 - 교차로부근,승용,남,30세,상해없음,보행자,여,73세,경상
2021020900100478,2021년 2월 9일 18시,화요일,서울특별시 중구 신당동,중상사고,0,2,0,0,차대사람 - 횡단중,안전운전불이행,건조,흐림,단일로 - 기타,이륜,남,39세,중상,보행자,남,69세,중상
2021020900100480,2021년 2월 9일 18시,화요일,서울특별시 성북구 정릉동,중상사고,0,1,0,0,차대사람 - 기타,안전운전불이행,건조,맑음,교차로 - 교차로안,화물,남,45세,상해없음,보행자,여,78세,중상
2021021000100056,2021년 2월 10일 07시,수요일,서울특별시 서대문구 연희동,중상사고,0,1,0,0,차대사람 - 횡단중,안전운전불이행,건조,맑음,교차로 - 교차로안,승용,남,28세,상해없음,보행자,남,68세,중상
2021021000100109,2021년 2월 10일 09시,수요일,서울특별시 금천구 독산동,중상사고,0,1,0,0,차대사람 - 기타,안전운전불이행,건조,맑음,교차로 - 교차로부근,화물,남,49세,상해없음,보행자,남,68세,중상
2021021000100286,2021년 2월 10일 14시,수요일,서울특별시 은평구 응암동,경상사고,0,0,1,0,차대사람 - 기타,보행자보호의무위반,건조,맑음,교차로 - 교차로안,자전거,여,67세,상해없음,보행자,여,73세,경상
2021021000100291,2021년 2월 10일 14시,수요일,서울특별시 강서구 화곡동,중상사고,0,1,0,0,차대사람 - 기타,안전운전불이행,건조,맑음,단일로 - 기타,승용,남,68세,상해없음,보행자,여,68세,중상
2021021000100335,2021년 2월 10일 15시,수요일,서울특별시 동대문구 용두동,경상사고,0,0,1,0,차대사람 - 횡단중,보행자보호의무위반,건조,맑음,기타 - 기타,이륜,여,62세,상해없음,보행자,남,80세,경상
2021021000100470,2021년 2월 10일 18시,수요일,서울특별시 중구 신당동,중상사고,0,1,0,0,차대사람 - 횡단중,신호위반,건조,맑음,교차로 - 교차로횡단보도내,이륜,남,40세,상해없음,보행자,여,67세,중상
2021021000100535,2021년 2월 10일 19시,수요일,서울특별시 영등포구 대림동,부상신고사고,0,0,0,1,차대사람 - 기타,안전운전불이행,건조,맑음,기타 - 기타,자전거,남,64세,상해없음,보행자,여,71세,부상신고
2021021000100614,2021년 2월 10일 20시,수요일,서울특별시 노원구 공릉동,경상사고,0,0,1,0,차대사람 - 횡단중,안전운전불이행,건조,맑음,단일로 - 기타,승용,여,36세,상해없음,보행자,남,66세,경상
2021021100100075,2021년 2월 11일 10시,목요일,서울특별시 도봉구 방학동,경상사고,0,0,1,0,차대사람 - 횡단중,안전운전불이행,건조,맑음,교차로 - 교차로안,승용,남,67세,상해없음,보행자,여,78세,경상
2021021100100087,2021년 2월 11일 11시,목요일,서울특별시 중랑구 중화동,부상신고사고,0,0,0,1,차대사람 - 보도통행중,기타,건조,맑음,단일로 - 기타,승용,남,47세,상해없음,보행자,여,90세,부상신고
2021021100100104,2021년 2월 11일 12시,목요일,서울특별시 광진구 자양동,중상사고,0,1,0,0,차대사람 - 차도통행중,안전운전불이행,건조,맑음,교차로 - 교차로안,승합,남,38세,상해없음,보행자,남,67세,중상
2021021100100105,2021년 2월 11일 12시,목요일,서울특별시 송파구 석촌동,중상사고,0,1,0,0,차대사람 - 길가장자리구역통행중,안전운전불이행,건조,맑음,단일로 - 기타,승용,남,64세,상해없음,보행자,여,76세,중상
2021021100100193,2021년 2월 11일 16시,목요일,서울특별시 강북구 미아동,경상사고,0,0,1,0,차대사람 - 기타,안전운전불이행,건조,맑음,단일로 - 기타,승용,남,75세,상해없음,보행자,여,66세,경상
2021021100100196,2021년 2월 11일 16시,목요일,서울특별시 강남구 신사동,경상사고,0,0,1,0,차대사람 - 기타,기타,건조,맑음,단일로 - 기타,특수,남,36세,기타불명,보행자,남,74세,경상
2021021100100317,2021년 2월 11일 21시,목요일,서울특별시 성동구 금호동1가,중상사고,0,1,0,0,차대사람 - 횡단중,안전운전불이행,건조,맑음,교차로 - 교차로부근,승용,남,70세,상해없음,보행자,남,65세,중상
2021021300100239,2021년 2월 13일 18시,토요일,서울특별시 광진구 구의동,경상사고,0,0,1,0,차대사람 - 기타,안전운전불이행,건조,맑음,교차로 - 교차로안,승용,남,29세,상해없음,보행자,남,65세,경상
2021021400100081,2021년 2월 14일 13시,일요일,서울특별시 성북구 석관동,중상사고,0,1,0,0,차대사람 - 기타,안전운전불이행,건조,흐림,교차로 - 교차로부근,승용,남,47세,상해없음,보행자,여,82세,중상
2021021400100122,2021년 2월 14일 15시,일요일,서울특별시 도봉구 창동,중상사고,0,1,0,0,차대사람 - 보도통행중,기타,기타,맑음,기타 - 기타,승용,남,22세,상해없음,보행자,남,82세,중상
2021021400100193,2021년 2월 14일 18시,일요일,서울특별시 강서구 염창동,사망사고,1,0,0,0,차대사람 - 기타,안전운전불이행,건조,맑음,교차로 - 교차로안,승용,남,53세,상해없음,보행자,남,81세,사망
2021021500100088,2021년 2월 15일 10시,월요일,서울특별시 서대문구 홍제동,중상사고,0,1,0,0,차대사람 - 횡단중,안전운전불이행,건조,맑음,단일로 - 기타,승합,남,38세,상해없음,보행자,여,78세,중상
2021021500100223,2021년 2월 15일 15시,월요일,서울특별시 강북구 미아동,경상사고,0,0,1,0,차대사람 - 기타,안전운전불이행,건조,맑음,교차로 - 교차로안,화물,남,29세,상해없음,보행자,여,65세,경상
2021021500100294,2021년 2월 15일 17시,월요일,서울특별시 강북구 미아동,중상사고,0,1,0,0,차대사람 - 기타,안전운전불이행,건조,맑음,단일로 - 기타,승용,남,80세,상해없음,보행자,여,81세,중상
2021021500100447,2021년 2월 15일 22시,월요일,서울특별시 도봉구 방학동,경상사고,0,0,1,0,차대사람 - 차도통행중,안전운전불이행,기타,기타,교차로 - 교차로부근,승용,남,69세,상해없음,보행자,남,69세,경상
2021021600100389,2021년 2월 16일 18시,화요일,서울특별시 중랑구 면목동,중상사고,0,1,0,0,차대사람 - 횡단중,안전운전불이행,건조,맑음,단일로 - 기타,승용,남,56세,상해없음,보행자,여,81세,중상
2021021700100028,2021년 2월 17일 05시,수요일,서울특별시 서대문구 충정로2가,중상사고,0,1,0,0,차대사람 - 횡단중,안전운전불이행,건조,맑음,단일로 - 기타,승용,남,61세,상해없음,보행자,여,70세,중상
2021021700100045,2021년 2월 17일 07시,수요일,서울특별시 구로구 개봉동,경상사고,0,0,1,0,차대사람 - 기타,안전운전불이행,건조,맑음,교차로 - 교차로부근,승용,남,42세,상해없음,보행자,여,68세,경상
2021021700100101,2021년 2월 17일 09시,수요일,서울특별시 강북구 번동,중상사고,0,1,0,0,차대사람 - 횡단중,보행자보호의무위반,건조,맑음,교차로 - 교차로부근,승용,여,57세,상해없음,보행자,여,73세,중상
2021021700100390,2021년 2월 17일 18시,수요일,서울특별시 도봉구 방학동,중상사고,0,1,1,0,차대사람 - 횡단중,보행자보호의무위반,건조,맑음,교차로 - 교차로횡단보도내,승용,남,31세,기타불명,보행자,남,80세,중상
2021021700100438,2021년 2월 17일 19시,수요일,서울특별시 동대문구 전농동,경상사고,0,0,2,0,차대차 - 기타,신호위반,건조,맑음,교차로 - 교차로안,이륜,남,30세,상해없음,이륜,남,35세,경상
2021021800100028,2021년 2월 18일 06시,목요일,서울특별시 서대문구 연희동,부상신고사고,0,0,0,1,차대사람 - 차도통행중,안전운전불이행,건조,맑음,단일로 - 기타,승용,여,62세,상해없음,보행자,여,77세,부상신고
2021021800100085,2021년 2월 18일 09시,목요일,서울특별시 구로구 구로동,경상사고,0,0,1,0,차대사람 - 기타,안전운전불이행,건조,맑음,단일로 - 기타,승용,남,35세,상해없음,보행자,여,76세,경상
2021021800100108,2021년 2월 18일 10시,목요일,서울특별시 동대문구 용두동,중상사고,0,1,0,0,차대사람 - 횡단중,신호위반,건조,맑음,교차로 - 교차로횡단보도내,화물,남,53세,상해없음,보행자,여,72세,중상
2021021800100164,2021년 2월 18일 12시,목요일,서울특별시 중랑구 망우동,사망사고,1,0,0,0,차대사람 - 횡단중,안전운전불이행,건조,맑음,단일로 - 기타,승합,남,49세,기타불명,보행자,여,68세,사망
2021021800100201,2021년 2월 18일 13시,목요일,서울특별시 구로구 개봉동,중상사고,0,1,0,0,차대사람 - 기타,신호위반,건조,맑음,단일로 - 기타,이륜,남,41세,상해없음,보행자,여,72세,중상
2021021800100271,2021년 2월 18일 15시,목요일,서울특별시 은평구 불광동,중상사고,0,1,2,0,차대사람 - 횡단중,신호위반,건조,맑음,단일로 - 기타,승용,여,67세,상해없음,보행자,여,72세,중상
2021021800100455,2021년 2월 18일 20시,목요일,서울특별시 송파구 마천동,중상사고,0,1,0,0,차대사람 - 기타,보행자보호의무위반,건조,맑음,단일로 - 기타,승용,남,37세,상해없음,보행자,남,67세,중상
2021021800100482,2021년 2월 18일 21시,목요일,서울특별시 도봉구 방학동,경상사고,0,0,1,0,차대사람 - 횡단중,안전운전불이행,건조,맑음,단일로 - 기타,승용,남,68세,상해없음,보행자,남,68세,경상
2021021900100041,2021년 2월 19일 07시,금요일,서울특별시 광진구 중곡동,경상사고,0,0,1,0,차대사람 - 기타,안전운전불이행,건조,맑음,단일로 - 기타,이륜,남,58세,상해없음,보행자,남,80세,경상
2021021900100139,2021년 2월 19일 10시,금요일,서울특별시 중랑구 망우동,경상사고,0,0,1,0,차대사람 - 횡단중,안전운전불이행,건조,맑음,교차로 - 교차로부근,자전거,남,71세,상해없음,보행자,여,70세,경상
2021021900100161,2021년 2월 19일 11시,금요일,서울특별시 종로구 종로5가,중상사고,0,1,0,0,차대사람 - 보도통행중,기타,건조,맑음,단일로 - 기타,자전거,남,53세,상해없음,보행자,여,67세,중상
2021021900100338,2021년 2월 19일 15시,금요일,서울특별시 구로구 오류동,중상사고,0,1,0,0,차대사람 - 기타,안전운전불이행,건조,맑음,단일로 - 기타,승용,여,44세,상해없음,보행자,남,67세,중상
2021022000100243,2021년 2월 20일 14시,토요일,서울특별시 강동구 천호동,중상사고,0,1,0,0,차대사람 - 횡단중,안전운전불이행,건조,맑음,단일로 - 기타,자전거,여,29세,상해없음,보행자,여,76세,중상
2021022000100307,2021년 2월 20일 16시,토요일,서울특별시 동대문구 신설동,경상사고,0,0,1,0,차대사람 - 기타,안전운전불이행,건조,맑음,단일로 - 기타,승용,남,62세,상해없음,보행자,남,68세,경상
2021022000100313,2021년 2월 20일 16시,토요일,서울특별시 강서구 화곡동,중상사고,0,1,0,0,차대사람 - 기타,안전운전불이행,건조,맑음,단일로 - 기타,승합,남,74세,상해없음,보행자,여,69세,중상
2021022000100384,2021년 2월 20일 18시,토요일,서울특별시 관악구 신림동,중상사고,0,1,0,0,차대사람 - 기타,신호위반,건조,기타,기타 - 기타,승용,남,69세,상해없음,보행자,여,71세,중상
2021022100100187,2021년 2월 21일 15시,일요일,서울특별시 영등포구 대림동,중상사고,0,1,0,0,차대사람 - 차도통행중,안전운전불이행,건조,맑음,단일로 - 기타,승용,남,40세,상해없음,보행자,여,72세,중상
2021022100100188,2021년 2월 21일 15시,일요일,서울특별시 금천구 독산동,경상사고,0,0,2,0,차대사람 - 횡단중,안전운전불이행,건조,맑음,단일로 - 기타,승용,남,28세,상해없음,보행자,남,81세,경상
2021022100100265,2021년 2월 21일 17시,일요일,서울특별시 성동구 도선동,중상사고,0,1,0,0,차대사람 - 보도통행중,기타,건조,맑음,단일로 - 기타,자전거,남,31세,상해없음,보행자,여,76세,중상
2021022200100038,2021년 2월 22일 07시,월요일,서울특별시 서초구 방배동,경상사고,0,0,1,0,차대사람 - 보도통행중,기타,건조,맑음,단일로 - 기타,화물,남,54세,상해없음,보행자,여,74세,경상
2021022200100212,2021년 2월 22일 12시,월요일,서울특별시 구로구 구로동,경상사고,0,0,1,0,차대사람 - 차도통행중,안전운전불이행,건조,맑음,단일로 - 기타,승용,여,52세,상해없음,보행자,여,70세,경상