사고번호,사고일시,요일,시군구,사고내용,사망자수,중상자수,경상자수,부상신고자수,사고유형,법규위반,노면상태,기상상태,도로형태,가해운전자 차종,가해운전자 성별,가해운전자 연령,가해운전자 상해정도,피해운전자 차종,피해운전자 성별,피해운전자 연령,피해운전자 상해정도
2021102900100130,2021년 10월 29일 10시,금요일,서울특별시 송파구 장지동,사망사고,1,0,0,0,차대사람 - 횡단중,안전운전불이행,건조,맑음,교차로 - 교차로횡단보도내,승합,남,71세,상해없음,보행자,여,70세,사망
2021102900100636,2021년 10월 29일 22시,금요일,서울특별시 구로구 고척동,경상사고,0,0,1,0,차대사람 - 기타,안전운전불이행,건조,기타,기타 - 기타,승합,남,51세,상해없음,보행자,남,70세,경상
2021103000100076,2021년 10월 30일 08시,토요일,서울특별시 동대문구 청량리동,경상사고,0,0,1,0,차대사람 - 기타,안전운전불이행,건조,맑음,단일로 - 기타,화물,남,43세,상해없음,보행자,남,65세,경상
2021103000100142,2021년 10월 30일 11시,토요일,서울특별시 동대문구 장안동,중상사고,0,1,0,0,차대사람 - 횡단중,안전운전불이행,건조,맑음,교차로 - 교차로부근,화물,남,65세,상해없음,보행자,여,78세,중상
2021103000100146,2021년 10월 30일 11시,토요일,서울특별시 중랑구 면목동,중상사고,0,1,0,0,차대사람 - 보도통행중,보행자보호의무위반,건조,맑음,교차로 - 교차로횡단보도내,화물,남,53세,상해없음,보행자,여,68세,중상
2021103000100281,2021년 10월 30일 15시,토요일,서울특별시 종로구 숭인동,경상사고,0,0,1,0,차대사람 - 길가장자리구역통행중,안전운전불이행,건조,맑음,단일로 - 기타,승용,남,63세,상해없음,보행자,남,76세,경상
2021103000100393,2021년 10월 30일 18시,토요일,서울특별시 송파구 가락동,중상사고,0,1,0,0,차대사람 - 기타,안전운전불이행,건조,맑음,교차로 - 교차로부근,화물,남,68세,상해없음,보행자,여,69세,중상
2021103000100442,2021년 10월 30일 19시,토요일,서울특별시 송파구 잠실동,부상신고사고,0,0,0,1,차대사람 - 기타,안전운전불이행,건조,기타,교차로 - 교차로부근,기타불명,기타불명,미분류,기타불명,보행자,여,65세,부상신고
2021103100100054,2021년 10월 31일 08시,일요일,서울특별시 구로구 오류동,경상사고,0,0,1,0,차대사람 - 횡단중,안전운전불이행,건조,맑음,교차로 - 교차로횡단보도내,승용,남,71세,상해없음,보행자,여,73세,경상
2021110100100027,2021년 11월 1일 04시,월요일,서울특별시 광진구 중곡동,중상사고,0,1,0,0,차대사람 - 차도통행중,안전운전불이행,건조,맑음,기타 - 기타,화물,남,52세,상해없음,보행자,남,77세,중상
2021110100100119,2021년 11월 1일 09시,월요일,서울특별시 강동구 길동,경상사고,0,0,1,0,차대사람 - 기타,안전운전불이행,건조,맑음,단일로 - 기타,화물,남,69세,상해없음,보행자,여,72세,경상
2021110100100147,2021년 11월 1일 10시,월요일,서울특별시 서초구 반포동,경상사고,0,0,1,0,차대사람 - 보도통행중,기타,건조,맑음,단일로 - 기타,이륜,남,33세,상해없음,보행자,여,85세,경상
2021110100100211,2021년 11월 1일 12시,월요일,서울특별시 성북구 동소문동5가,중상사고,0,1,0,0,차대사람 - 횡단중,신호위반,건조,맑음,교차로 - 교차로횡단보도내,승용,남,52세,상해없음,보행자,여,75세,중상
2021110100100278,2021년 11월 1일 14시,월요일,서울특별시 마포구 아현동,중상사고,0,1,0,0,차대사람 - 횡단중,보행자보호의무위반,건조,맑음,교차로 - 교차로안,승용,남,37세,상해없음,보행자,여,76세,중상
2021110100100318,2021년 11월 1일 15시,월요일,서울특별시 중랑구 면목동,경상사고,0,0,1,0,차대사람 - 보도통행중,기타,건조,맑음,기타 - 기타,기타불명,기타불명,미분류,기타불명,보행자,여,70세,경상
2021110100100320,2021년 11월 1일 15시,월요일,서울특별시 강서구 가양동,중상사고,0,1,0,0,차대사람 - 기타,안전운전불이행,건조,맑음,단일로 - 기타,승용,남,57세,상해없음,보행자,남,66세,중상
2021110100100357,2021년 11월 1일 16시,월요일,서울특별시 강북구 수유동,경상사고,0,0,1,0,차대사람 - 길가장자리구역통행중,안전운전불이행,건조,맑음,교차로 - 교차로부근,승용,남,74세,상해없음,보행자,남,77세,경상
2021110100100511,2021년 11월 1일 19시,월요일,서울특별시 노원구 상계동,경상사고,0,0,1,0,차대사람 - 횡단중,안전운전불이행,건조,맑음,교차로 - 교차로부근,승합,남,74세,상해없음,보행자,남,69세,경상
2021110200100323,2021년 11월 2일 15시,화요일,서울특별시 성북구 삼선동1가,중상사고,0,1,0,0,차대사람 - 기타,안전운전불이행,건조,맑음,단일로 - 기타,승합,남,52세,기타불명,보행자,남,85세,중상
2021110200100436,2021년 11월 2일 18시,화요일,서울특별시 영등포구 영등포동7가,중상사고,0,1,0,0,차대사람 - 횡단중,보행자보호의무위반,기타,기타,단일로 - 기타,승용,남,26세,상해없음,보행자,여,75세,중상
2021110200100441,2021년 11월 2일 18시,화요일,서울특별시 은평구 구산동,중상사고,0,1,0,0,차대사람 - 기타,안전운전불이행,건조,맑음,단일로 - 기타,승용,남,70세,상해없음,보행자,여,80세,중상
2021110200100533,2021년 11월 2일 20시,화요일,서울특별시 강남구 도곡동,중상사고,0,1,0,0,차대사람 - 횡단중,보행자보호의무위반,건조,맑음,단일로 - 기타,승용,남,66세,상해없음,보행자,여,67세,중상
2021110200100599,2021년 11월 2일 23시,화요일,서울특별시 강남구 역삼동,경상사고,0,0,1,0,차대사람 - 기타,안전운전불이행,건조,맑음,단일로 - 기타,승용,여,52세,상해없음,보행자,여,65세,경상
2021110300100130,2021년 11월 3일 09시,수요일,서울특별시 중구 봉래동2가,중상사고,0,1,0,0,차대사람 - 기타,안전운전불이행,건조,맑음,단일로 - 기타,승용,남,61세,상해없음,보행자,남,72세,중상
2021110300100133,2021년 11월 3일 09시,수요일,서울특별시 동작구 사당동,경상사고,0,0,1,0,차대사람 - 기타,안전운전불이행,건조,맑음,교차로 - 교차로부근,승용,여,35세,상해없음,보행자,여,73세,경상
2021110300100238,2021년 11월 3일 12시,수요일,서울특별시 중구 주교동,경상사고,0,0,1,0,차대사람 - 횡단중,안전운전불이행,건조,맑음,교차로 - 교차로횡단보도내,화물,남,64세,상해없음,보행자,남,78세,경상
2021110300100243,2021년 11월 3일 12시,수요일,서울특별시 양천구 신정동,중상사고,0,1,1,0,차대사람 - 횡단중,신호위반,건조,맑음,교차로 - 교차로횡단보도내,승용,남,64세,상해없음,보행자,여,73세,경상
2021110300100301,2021년 11월 3일 14시,수요일,서울특별시 마포구 신공덕동,중상사고,0,1,0,0,차대사람 - 기타,안전운전불이행,건조,맑음,단일로 - 기타,승용,여,66세,상해없음,보행자,여,83세,중상
2021110300100369,2021년 11월 3일 16시,수요일,서울특별시 성북구 하월곡동,경상사고,0,0,1,0,차대사람 - 기타,안전운전불이행,건조,맑음,교차로 - 교차로안,승용,여,36세,상해없음,보행자,여,66세,경상
2021110400100055,2021년 11월 4일 06시,목요일,서울특별시 종로구 숭인동,경상사고,0,0,1,0,차대사람 - 횡단중,신호위반,건조,맑음,교차로 - 교차로횡단보도내,이륜,남,19세,상해없음,보행자,남,82세,경상
2021110400100162,2021년 11월 4일 10시,목요일,서울특별시 중구 황학동,경상사고,0,0,1,0,차대사람 - 횡단중,안전운전불이행,건조,맑음,단일로 - 기타,승용,남,62세,상해없음,보행자,여,67세,경상
2021110400100163,2021년 11월 4일 10시,목요일,서울특별시 동작구 사당동,중상사고,0,1,0,0,차대사람 - 횡단중,안전운전불이행,건조,맑음,단일로 - 기타,승용,여,32세,상해없음,보행자,여,81세,중상
2021110400100165,2021년 11월 4일 10시,목요일,서울특별시 도봉구 방학동,중상사고,0,1,0,0,차대사람 - 보도통행중,기타,건조,맑음,단일로 - 기타,승용,남,29세,상해없음,보행자,여,80세,중상
2021110400100516,2021년 11월 4일 19시,목요일,서울특별시 동대문구 전농동,경상사고,0,0,1,0,차대사람 - 기타,안전운전불이행,건조,기타,교차로 - 교차로부근,승용,남,26세,상해없음,보행자,남,75세,경상
2021110400100555,2021년 11월 4일 20시,목요일,서울특별시 구로구 고척동,경상사고,0,0,1,0,차대사람 - 기타,안전운전불이행,건조,맑음,단일로 - 기타,승합,남,49세,상해없음,보행자,남,66세,경상
2021110500100043,2021년 11월 5일 05시,금요일,서울특별시 서대문구 연희동,부상신고사고,0,0,0,1,차대사람 - 차도통행중,안전운전불이행,건조,맑음,교차로 - 교차로안,화물,남,51세,상해없음,보행자,남,74세,부상신고
2021110500100055,2021년 11월 5일 06시,금요일,서울특별시 도봉구 창동,중상사고,0,1,0,0,차대사람 - 차도통행중,안전운전불이행,건조,맑음,단일로 - 기타,승용,남,57세,상해없음,보행자,남,80세,중상
2021110500100139,2021년 11월 5일 09시,금요일,서울특별시 동작구 상도동,중상사고,0,1,0,0,차대사람 - 횡단중,안전운전불이행,건조,맑음,교차로 - 교차로안,승용,남,67세,상해없음,보행자,여,85세,중상
2021110500100223,2021년 11월 5일 12시,금요일,서울특별시 영등포구 당산동2가,중상사고,0,1,0,0,차대사람 - 횡단중,안전운전불이행,건조,맑음,단일로 - 기타,이륜,남,42세,기타불명,보행자,여,74세,중상
2021110500100265,2021년 11월 5일 13시,금요일,서울특별시 영등포구 영등포동2가,중상사고,0,1,0,0,차대사람 - 기타,안전운전불이행,건조,맑음,단일로 - 기타,승용,여,25세,상해없음,보행자,남,66세,중상
2021110500100298,2021년 11월 5일 14시,금요일,서울특별시 강북구 수유동,중상사고,0,2,0,0,차대사람 - 횡단중,신호위반,건조,맑음,단일로 - 기타,개인형이동수단(PM),남,41세,상해없음,보행자,여,60세,중상
2021110500100411,2021년 11월 5일 17시,금요일,서울특별시 동대문구 전농동,중상사고,0,1,0,0,차대사람 - 기타,안전운전불이행,건조,맑음,단일로 - 기타,화물,남,58세,상해없음,보행자,여,74세,중상
2021110500100415,2021년 11월 5일 17시,금요일,서울특별시 송파구 방이동,경상사고,0,0,1,0,차대사람 - 기타,기타,건조,맑음,단일로 - 기타,승용,여,56세,상해없음,보행자,남,73세,경상
2021110700100047,2021년 11월 7일 05시,일요일,서울특별시 동대문구 장안동,사망사고,1,0,0,0,차대사람 - 차도통행중,안전운전불이행,건조,흐림,교차로 - 교차로횡단보도내,승용,남,63세,상해없음,보행자,여,86세,사망
2021110700100086,2021년 11월 7일 10시,일요일,서울특별시 도봉구 쌍문동,중상사고,0,1,0,0,차대사람 - 횡단중,보행자보호의무위반,건조,맑음,교차로 - 교차로횡단보도내,승용,여,48세,상해없음,보행자,여,70세,중상
2021110700100087,2021년 11월 7일 10시,일요일,서울특별시 서초구 방배동,사망사고,1,1,1,0,차대차 - 측면충돌,기타,건조,맑음,교차로 - 교차로안,승용,남,70세,중상,승용,남,20세,경상
2021110700100171,2021년 11월 7일 13시,일요일,서울특별시 동대문구 신설동,중상사고,0,1,0,0,차대사람 - 길가장자리구역통행중,안전운전불이행,건조,맑음,기타 - 기타,승용,남,66세,상해없음,보행자,남,80세,중상
2021110700100207,2021년 11월 7일 14시,일요일,서울특별시 중랑구 망우동,경상사고,0,0,1,0,차대사람 - 기타,안전운전불이행,건조,맑음,교차로 - 교차로안,승용,남,35세,상해없음,보행자,여,85세,경상
2021110700100350,2021년 11월 7일 18시,일요일,서울특별시 관악구 봉천동,경상사고,0,0,2,0,차대사람 - 기타,안전운전불이행,건조,맑음,기타 - 기타,이륜,남,52세,상해없음,보행자,남,74세,경상
2021110700100415,2021년 11월 7일 20시,일요일,서울특별시 영등포구 영등포동5가,중상사고,0,1,0,0,차대사람 - 횡단중,기타,건조,맑음,단일로 - 기타,승용,남,28세,상해없음,보행자,남,77세,중상
2021110800100043,2021년 11월 8일 06시,월요일,서울특별시 은평구 역촌동,중상사고,0,1,0,0,차대사람 - 횡단중,기타,젖음/습기,비,단일로 - 기타,승용,남,62세,상해없음,보행자,여,79세,중상
2021110800100064,2021년 11월 8일 07시,월요일,서울특별시 강동구 천호동,사망사고,1,0,0,0,차대사람 - 차도통행중,안전운전불이행,젖음/습기,비,교차로 - 교차로횡단보도내,승용,남,64세,상해없음,보행자,여,72세,사망
2021110800100142,2021년 11월 8일 09시,월요일,서울특별시 중랑구 망우동,경상사고,0,0,1,0,차대사람 - 기타,안전운전불이행,젖음/습기,비,단일로 - 기타,화물,남,35세,상해없음,보행자,여,79세,경상
2021110800100253,2021년 11월 8일 12시,월요일,서울특별시 강동구 성내동,경상사고,0,0,1,0,차대사람 - 횡단중,안전운전불이행,젖음/습기,비,교차로 - 교차로안,화물,남,64세,상해없음,보행자,여,67세,경상
2021110800100482,2021년 11월 8일 18시,월요일,서울특별시 강서구 화곡동,중상사고,0,1,0,0,차대사람 - 보도통행중,안전운전불이행,건조,맑음,단일로 - 기타,승용,남,55세,상해없음,보행자,여,72세,중상
2021110900100080,2021년 11월 9일 08시,화요일,서울특별시 성북구 장위동,중상사고,0,1,0,0,차대사람 - 횡단중,기타,젖음/습기,비,단일로 - 기타,이륜,남,36세,상해없음,보행자,여,69세,중상
2021110900100151,2021년 11월 9일 10시,화요일,서울특별시 동대문구 용두동,중상사고,0,1,0,0,차대사람 - 차도통행중,안전운전불이행,젖음/습기,흐림,교차로 - 교차로안,자전거,남,71세,상해없음,보행자,여,80세,중상
2021110900100154,2021년 11월 9일 10시,화요일,서울특별시 송파구 풍납동,경상사고,0,0,1,0,차대사람 - 기타,안전운전불이행,건조,맑음,교차로 - 교차로부근,승용,남,80세,상해없음,보행자,남,65세,경상
2021110900100189,2021년 11월 9일 11시,화요일,서울특별시 구로구 온수동,중상사고,0,2,0,0,차대사람 - 기타,안전운전불이행,젖음/습기,비,기타 - 기타,화물,남,46세,상해없음,보행자,여,75세,중상
2021110900100355,2021년 11월 9일 16시,화요일,서울특별시 영등포구 양평동2가,경상사고,0,0,1,0,차대사람 - 기타,안전운전불이행,젖음/습기,흐림,단일로 - 기타,승용,남,49세,상해없음,보행자,여,90세,경상
2021110900100357,2021년 11월 9일 16시,화요일,서울특별시 구로구 개봉동,중상사고,0,1,0,0,차대사람 - 길가장자리구역통행중,안전운전불이행,젖음/습기,흐림,교차로 - 교차로안,화물,남,34세,상해없음,보행자,여,83세,중상
2021110900100360,2021년 11월 9일 16시,화요일,서울특별시 은평구 불광동,중상사고,0,1,0,0,차대사람 - 횡단중,보행자보호의무위반,건조,맑음,교차로 - 교차로횡단보도내,화물,남,75세,상해없음,보행자,여,71세,중상
2021111000100153,2021년 11월 10일 09시,수요일,서울특별시 서대문구 냉천동,경상사고,0,0,1,0,차대사람 - 기타,안전운전불이행,건조,맑음,단일로 - 기타,승합,남,51세,상해없음,보행자,여,66세,경상
2021111000100158,2021년 11월 10일 09시,수요일,서울특별시 강동구 암사동,경상사고,0,0,1,0,차대사람 - 기타,안전운전불이행,건조,맑음,기타 - 기타,기타불명,기타불명,미분류,기타불명,보행자,여,86세,경상
2021111000100159,2021년 11월 10일 09시,수요일,서울특별시 양천구 신정동,경상사고,0,0,1,0,차대사람 - 횡단중,안전운전불이행,건조,맑음,교차로 - 교차로부근,승용,남,38세,상해없음,보행자,여,65세,경상
2021111000100223,2021년 11월 10일 12시,수요일,서울특별시 동대문구 이문동,경상사고,0,0,1,0,차대사람 - 기타,안전운전불이행,젖음/습기,흐림,기타 - 기타,건설기계,남,68세,상해없음,보행자,남,67세,경상
2021111000100352,2021년 11월 10일 16시,수요일,서울특별시 중구 신당동,부상신고사고,0,0,0,1,차대사람 - 차도통행중,안전운전불이행,건조,맑음,단일로 - 기타,승용,여,29세,상해없음,보행자,여,77세,부상신고
2021111000100529,2021년 11월 10일 20시,수요일,서울특별시 성동구 성수동1가,중상사고,0,1,0,0,차대사람 - 차도통행중,안전운전불이행,건조,맑음,단일로 - 터널,승용,남,49세,상해없음,보행자,여,83세,중상
2021111100100069,2021년 11월 11일 07시,목요일,서울특별시 양천구 신월동,중상사고,0,1,0,0,차대사람 - 보도통행중,안전운전불이행,건조,맑음,기타 - 기타,자전거,남,37세,상해없음,보행자,여,68세,중상
2021111100100183,2021년 11월 11일 10시,목요일,서울특별시 강북구 미아동,중상사고,0,1,0,0,차대사람 - 기타,안전운전불이행,건조,맑음,단일로 - 기타,승합,남,48세,상해없음,보행자,남,72세,중상
2021111100100186,2021년 11월 11일 10시,목요일,서울특별시 관악구 봉천동,중상사고,0,1,0,0,차대사람 - 횡단중,안전운전불이행,건조,맑음,단일로 - 기타,승용,남,28세,상해없음,보행자,남,75세,중상
2021111200100005,2021년 11월 12일 00시,금요일,서울특별시 강남구 수서동,경상사고,0,0,1,0,차대차 - 기타,안전운전불이행,건조,기타,단일로 - 기타,승용,남,29세,상해없음,화물,남,57세,기타불명
2021111200100164,2021년 11월 12일 10시,금요일,서울특별시 강남구 율현동,중상사고,0,1,0,0,차대사람 - 기타,안전운전불이행,건조,맑음,단일로 - 기타,승용,여,30세,상해없음,보행자,여,81세,중상
2021111200100196,2021년 11월 12일 11시,금요일,서울특별시 강서구 등촌동,경상사고,0,0,1,0,차대사람 - 차도통행중,안전운전불이행,건조,맑음,교차로 - 교차로안,승용,남,65세,상해없음,보행자,남,79세,경상
2021111200100232,2021년 11월 12일 12시,금요일,서울특별시 노원구 상계동,중상사고,0,1,0,0,차대사람 - 길가장자리구역통행중,안전운전불이행,건조,맑음,교차로 - 교차로부근,승용,여,67세,상해없음,보행자,여,82세,중상
2021111200100235,2021년 11월 12일 12시,금요일,서울특별시 도봉구 방학동,경상사고,0,0,1,0,차대사람 - 기타,안전운전불이행,건조,맑음,교차로 - 교차로안,승합,남,51세,상해없음,보행자,여,67세,경상
2021111200100236,2021년 11월 12일 12시,금요일,서울특별시 서초구 방배동,경상사고,0,0,1,0,차대사람 - 길가장자리구역통행중,안전운전불이행,건조,맑음,단일로 - 기타,승용,남,73세,상해없음,보행자,여,82세,경상
2021111200100305,2021년 11월 12일 14시,금요일,서울특별시 강동구 고덕동,사망사고,1,0,0,0,차대사람 - 횡단중,보행자보호의무위반,건조,맑음,교차로 - 교차로횡단보도내,건설기계,남,62세,상해없음,보행자,여,77세,사망
2021111200100335,2021년 11월 12일 15시,금요일,서울특별시 동작구 본동,중상사고,0,1,0,0,차대사람 - 기타,안전운전불이행,건조,맑음,단일로 - 기타,자전거,남,49세,상해없음,보행자,남,70세,중상
2021111200100345,2021년 11월 12일 15시,금요일,서울특별시 은평구 대조동,중상사고,0,2,0,0,차대사람 - 횡단중,신호위반,건조,맑음,단일로 - 기타,승용,남,78세,상해없음,보행자,여,39세,중상
2021111200100462,2021년 11월 12일 18시,금요일,서울특별시 동대문구 장안동,경상사고,0,0,1,0,차대사람 - 기타,안전운전불이행,건조,맑음,교차로 - 교차로안,이륜,남,53세,상해없음,보행자,남,65세,경상
2021111200100463,2021년 11월 12일 18시,금요일,서울특별시 광진구 광장동,중상사고,0,1,0,0,차대사람 - 기타,안전운전불이행,건조,맑음,기타 - 기타,자전거,남,32세,상해없음,보행자,남,77세,중상
2021111200100464,2021년 11월 12일 18시,금요일,서울특별시 마포구 서교동,중상사고,0,1,0,1,차대사람 - 횡단중,보행자보호의무위반,건조,맑음,교차로 - 교차로횡단보도내,승용,남,67세,기타불명,보행자,남,66세,중상
2021111200100469,2021년 11월 12일 18시,금요일,서울특별시 강서구 화곡동,경상사고,0,0,1,0,차대사람 - 기타,안전운전불이행,건조,맑음,교차로 - 교차로안,승용,남,55세,상해없음,보행자,여,79세,경상
2021111200100524,2021년 11월 12일 19시,금요일,서울특별시 중구 장충동1가,중상사고,0,1,0,0,차대사람 - 횡단중,보행자보호의무위반,건조,맑음,교차로 - 교차로횡단보도내,승용,남,49세,기타불명,보행자,여,65세,중상
2021111200100579,2021년 11월 12일 20시,금요일,서울특별시 노원구 상계동,중상사고,0,1,0,0,차대사람 - 기타,기타,건조,맑음,기타 - 기타,자전거,남,14세,상해없음,보행자,여,68세,중상
2021111200100639,2021년 11월 12일 22시,금요일,서울특별시 성동구 송정동,사망사고,1,0,0,0,차대사람 - 기타,안전운전불이행,건조,맑음,단일로 - 기타,승용,남,53세,상해없음,보행자,남,65세,사망
2021111300100128,2021년 11월 13일 09시,토요일,서울특별시 강남구 대치동,중상사고,0,1,0,0,차대사람 - 기타,안전운전불이행,건조,맑음,교차로 - 교차로안,승용,남,64세,상해없음,보행자,남,79세,중상
2021111300100351,2021년 11월 13일 15시,토요일,서울특별시 동대문구 휘경동,중상사고,0,1,0,0,차대사람 - 기타,안전운전불이행,기타,맑음,단일로 - 기타,화물,남,59세,상해없음,보행자,여,69세,중상
2021111300100352,2021년 11월 13일 15시,토요일,서울특별시 동대문구 용두동,중상사고,0,1,0,0,차대사람 - 차도통행중,안전운전불이행,건조,흐림,교차로 - 교차로부근,승용,여,54세,상해없음,보행자,남,76세,중상
2021111400100108,2021년 11월 14일 10시,일요일,서울특별시 영등포구 여의도동,경상사고,0,0,1,0,차대사람 - 보도통행중,기타,건조,맑음,단일로 - 기타,개인형이동수단(PM),여,23세,상해없음,보행자,여,65세,경상
2021111400100350,2021년 11월 14일 18시,일요일,서울특별시 중랑구 상봉동,경상사고,0,0,1,0,차대사람 - 기타,안전운전불이행,건조,맑음,교차로 - 교차로안,화물,남,41세,상해없음,보행자,남,67세,경상
2021111500100065,2021년 11월 15일 07시,월요일,서울특별시 서초구 양재동,사망사고,1,0,0,1,차대사람 - 기타,안전운전불이행,건조,맑음,단일로 - 기타,화물,남,53세,부상신고,보행자,남,66세,사망
2021111500100087,2021년 11월 15일 08시,월요일,서울특별시 마포구 용강동,부상신고사고,0,0,0,1,차대사람 - 횡단중,보행자보호의무위반,건조,맑음,단일로 - 기타,개인형이동수단(PM),남,44세,상해없음,보행자,여,74세,부상신고
2021111500100357,2021년 11월 15일 16시,월요일,서울특별시 은평구 응암동,경상사고,0,0,1,0,차대사람 - 보도통행중,보행자보호의무위반,건조,맑음,교차로 - 교차로안,승합,남,71세,상해없음,보행자,여,69세,경상
2021111500100365,2021년 11월 15일 16시,월요일,서울특별시 구로구 구로동,중상사고,0,1,0,0,차대사람 - 기타,안전운전불이행,건조,맑음,교차로 - 교차로안,승용,여,32세,상해없음,보행자,남,78세,중상
2021111500100584,2021년 11월 15일 21시,월요일,서울특별시 중구 을지로1가,중상사고,0,1,0,0,차대사람 - 차도통행중,안전운전불이행,건조,맑음,단일로 - 기타,승용,남,61세,상해없음,보행자,여,74세,중상
2021111600100030,2021년 11월 16일 03시,화요일,서울특별시 성동구 마장동,경상사고,0,0,1,0,차대사람 - 횡단중,신호위반,건조,맑음,교차로 - 교차로횡단보도내,승용,남,58세,상해없음,보행자,여,69세,경상
2021111600100072,2021년 11월 16일 07시,화요일,서울특별시 금천구 시흥동,중상사고,0,1,0,0,차대사람 - 기타,안전운전불이행,건조,맑음,교차로 - 교차로안,화물,남,56세,상해없음,보행자,남,67세,중상
2021111600100075,2021년 11월 16일 07시,화요일,서울특별시 관악구 봉천동,경상사고,0,0,1,0,차대사람 - 기타,기타,건조,맑음,단일로 - 기타,승합,남,49세,상해없음,보행자,여,71세,경상
2021111600100184,2021년 11월 16일 10시,화요일,서울특별시 강동구 천호동,경상사고,0,0,1,0,차대사람 - 횡단중,보행자보호의무위반,건조,맑음,단일로 - 기타,건설기계,남,46세,상해없음,보행자,여,77세,경상
2021111600100220,2021년 11월 16일 11시,화요일,서울특별시 강서구 방화동,경상사고,0,0,1,0,차대사람 - 횡단중,신호위반,건조,맑음,교차로 - 교차로횡단보도내,승용,남,80세,상해없음,보행자,여,78세,경상
2021111600100292,2021년 11월 16일 13시,화요일,서울특별시 영등포구 대림동,중상사고,0,1,0,0,차대사람 - 기타,안전운전불이행,건조,맑음,기타 - 기타,승용,여,57세,상해없음,보행자,여,75세,중상
2021111600100358,2021년 11월 16일 15시,화요일,서울특별시 성북구 장위동,경상사고,0,0,1,0,차대사람 - 기타,안전운전불이행,건조,맑음,단일로 - 기타,승합,남,37세,상해없음,보행자,여,66세,경상
2021111600100531,2021년 11월 16일 19시,화요일,서울특별시 성동구 행당동,중상사고,0,1,0,0,차대사람 - 기타,안전운전불이행,건조,맑음,교차로 - 교차로안,승용,남,58세,상해없음,보행자,남,69세,중상
2021111600100532,2021년 11월 16일 19시,화요일,서울특별시 금천구 독산동,사망사고,1,0,0,0,차대사람 - 차도통행중,기타,건조,맑음,단일로 - 기타,승용,남,44세,상해없음,보행자,남,80세,사망
2021111700100039,2021년 11월 17일 06시,수요일,서울특별시 서대문구 남가좌동,경상사고,0,0,1,0,차대사람 - 횡단중,보행자보호의무위반,건조,맑음,교차로 - 교차로안,승용,여,28세,상해없음,보행자,남,66세,경상
2021111700100077,2021년 11월 17일 08시,수요일,서울특별시 강서구 방화동,중상사고,0,1,0,0,차대사람 - 길가장자리구역통행중,보행자보호의무위반,건조,맑음,교차로 - 교차로횡단보도내,화물,남,29세,상해없음,보행자,여,74세,중상
2021111700100078,2021년 11월 17일 08시,수요일,서울특별시 송파구 방이동,중상사고,0,1,0,0,차대사람 - 횡단중,보행자보호의무위반,건조,기타,단일로 - 기타,승용,여,43세,상해없음,보행자,남,83세,중상
2021111700100243,2021년 11월 17일 12시,수요일,서울특별시 동작구 흑석동,중상사고,0,1,0,0,차대사람 - 기타,안전운전불이행,건조,맑음,단일로 - 기타,승용,남,34세,상해없음,보행자,여,72세,중상
2021111700100393,2021년 11월 17일 16시,수요일,서울특별시 용산구 청파동3가,중상사고,0,1,1,0,차대사람 - 기타,신호위반,건조,맑음,교차로 - 교차로부근,승용,남,51세,경상,보행자,여,65세,중상
2021111700100637,2021년 11월 17일 21시,수요일,서울특별시 동대문구 휘경동,경상사고,0,0,1,0,차대사람 - 보도통행중,보행자보호의무위반,건조,맑음,교차로 - 교차로횡단보도내,승용,남,18세,상해없음,보행자,여,69세,경상
2021111800100086,2021년 11월 18일 08시,목요일,서울특별시 도봉구 도봉동,중상사고,0,1,0,0,차대사람 - 횡단중,안전운전불이행,건조,맑음,단일로 - 기타,승용,남,59세,상해없음,보행자,여,73세,중상
2021111800100347,2021년 11월 18일 16시,목요일,서울특별시 성북구 석관동,부상신고사고,0,0,0,1,차대사람 - 횡단중,기타,기타,맑음,단일로 - 기타,자전거,남,59세,상해없음,보행자,여,79세,부상신고
2021111800100554,2021년 11월 18일 21시,목요일,서울특별시 성북구 보문동7가,중상사고,0,1,0,0,차대사람 - 횡단중,안전운전불이행,건조,맑음,교차로 - 교차로횡단보도내,승용,남,35세,상해없음,보행자,남,66세,중상
2021111900100052,2021년 11월 19일 05시,금요일,서울특별시 중랑구 면목동,중상사고,0,1,0,0,차대사람 - 횡단중,안전운전불이행,건조,흐림,교차로 - 교차로횡단보도내,화물,남,63세,상해없음,보행자,남,78세,중상
2021111900100058,2021년 11월 19일 06시,금요일,서울특별시 금천구 가산동,중상사고,0,1,0,0,차대사람 - 기타,안전운전불이행,건조,맑음,교차로 - 교차로안,화물,남,63세,상해없음,보행자,여,76세,중상
2021111900100061,2021년 11월 19일 06시,금요일,서울특별시 강서구 가양동,중상사고,0,1,0,0,차대사람 - 횡단중,보행자보호의무위반,건조,맑음,교차로 - 교차로횡단보도내,승용,남,66세,상해없음,보행자,여,73세,중상