사고번호,사고일시,요일,시군구,사고내용,사망자수,중상자수,경상자수,부상신고자수,사고유형,법규위반,노면상태,기상상태,도로형태,가해운전자 차종,가해운전자 성별,가해운전자 연령,가해운전자 상해정도,피해운전자 차종,피해운전자 성별,피해운전자 연령,피해운전자 상해정도
2021121700100090,2021년 12월 17일 08시,금요일,서울특별시 강북구 미아동,중상사고,0,1,0,0,차대사람 - 기타,안전운전불이행,건조,맑음,교차로 - 교차로안,승용,남,42세,상해없음,보행자,남,71세,중상
2021121700100205,2021년 12월 17일 12시,금요일,서울특별시 동대문구 신설동,중상사고,0,1,0,0,차대사람 - 기타,안전운전불이행,건조,맑음,단일로 - 기타,승합,남,66세,상해없음,보행자,남,72세,중상
2021121700100241,2021년 12월 17일 13시,금요일,서울특별시 서대문구 홍은동,경상사고,0,0,1,0,차대사람 - 횡단중,중앙선침범,건조,맑음,교차로 - 교차로안,이륜,남,42세,상해없음,보행자,여,69세,경상
2021121700100274,2021년 12월 17일 14시,금요일,서울특별시 송파구 문정동,경상사고,0,0,1,0,차대사람 - 기타,안전운전불이행,건조,맑음,기타 - 기타,승용,남,74세,기타불명,보행자,여,89세,경상
2021121700100348,2021년 12월 17일 16시,금요일,서울특별시 성북구 삼선동5가,경상사고,0,0,1,0,차대사람 - 기타,안전운전불이행,건조,맑음,단일로 - 기타,자전거,여,49세,상해없음,보행자,여,68세,경상
2021121700100545,2021년 12월 17일 19시,금요일,서울특별시 강서구 화곡동,경상사고,0,0,1,0,차대사람 - 횡단중,안전운전불이행,건조,맑음,단일로 - 기타,이륜,남,42세,상해없음,보행자,여,70세,경상
2021121700100680,2021년 12월 17일 23시,금요일,서울특별시 강남구 신사동,경상사고,0,0,1,0,차대사람 - 기타,안전운전불이행,건조,맑음,단일로 - 기타,승용,남,64세,상해없음,보행자,여,66세,경상
2021121800100071,2021년 12월 18일 05시,토요일,서울특별시 영등포구 신길동,경상사고,0,0,1,0,차대사람 - 기타,안전운전불이행,건조,흐림,기타 - 기타,자전거,남,59세,상해없음,보행자,여,68세,경상
2021121800100219,2021년 12월 18일 13시,토요일,서울특별시 도봉구 도봉동,중상사고,0,1,0,0,차대사람 - 기타,안전운전불이행,건조,흐림,단일로 - 기타,승용,남,34세,상해없음,보행자,여,71세,중상
2021121800100310,2021년 12월 18일 15시,토요일,서울특별시 관악구 신림동,중상사고,0,1,0,0,차대사람 - 횡단중,신호위반,적설,눈,교차로 - 교차로부근,승용,여,63세,상해없음,보행자,여,70세,중상
2021121900100038,2021년 12월 19일 06시,일요일,서울특별시 관악구 신림동,사망사고,1,0,0,0,차대사람 - 기타,안전운전불이행,서리/결빙,흐림,단일로 - 기타,승용,남,72세,상해없음,보행자,남,83세,사망
2021121900100185,2021년 12월 19일 15시,일요일,서울특별시 강남구 수서동,부상신고사고,0,0,0,1,차대사람 - 기타,안전운전불이행,건조,맑음,단일로 - 기타,승용,남,38세,상해없음,보행자,남,66세,부상신고
2021121900100295,2021년 12월 19일 20시,일요일,서울특별시 강북구 수유동,경상사고,0,0,2,0,차대사람 - 기타,신호위반,건조,맑음,교차로 - 교차로안,개인형이동수단(PM),남,21세,상해없음,보행자,남,65세,경상
2021121900100357,2021년 12월 19일 23시,일요일,서울특별시 영등포구 여의도동,중상사고,0,1,0,0,차대사람 - 기타,신호위반,젖음/습기,맑음,교차로 - 교차로안,승용,여,26세,상해없음,보행자,남,65세,중상
2021122000100007,2021년 12월 20일 03시,월요일,서울특별시 강북구 수유동,경상사고,0,0,1,0,차대사람 - 횡단중,안전운전불이행,건조,맑음,단일로 - 기타,승용,여,64세,상해없음,보행자,남,74세,경상
2021122000100248,2021년 12월 20일 14시,월요일,서울특별시 서대문구 옥천동,중상사고,0,1,0,0,차대사람 - 횡단중,보행자보호의무위반,건조,맑음,단일로 - 기타,승용,여,42세,상해없음,보행자,여,98세 이상,중상
2021122000100254,2021년 12월 20일 14시,월요일,서울특별시 양천구 신정동,경상사고,0,0,1,0,차대사람 - 횡단중,보행자보호의무위반,건조,맑음,교차로 - 교차로횡단보도내,승용,여,48세,상해없음,보행자,여,72세,경상
2021122000100379,2021년 12월 20일 17시,월요일,서울특별시 강서구 등촌동,중상사고,0,1,0,0,차대사람 - 횡단중,보행자보호의무위반,건조,맑음,교차로 - 교차로안,승용,남,63세,상해없음,보행자,여,82세,중상
2021122000100505,2021년 12월 20일 19시,월요일,서울특별시 구로구 개봉동,경상사고,0,0,1,0,차대사람 - 횡단중,안전운전불이행,건조,맑음,교차로 - 교차로횡단보도내,승용,남,52세,상해없음,보행자,남,66세,경상
2021122000100507,2021년 12월 20일 19시,월요일,서울특별시 강남구 개포동,경상사고,0,0,1,1,차대사람 - 기타,신호위반,건조,맑음,교차로 - 교차로횡단보도내,이륜,남,30세,부상신고,보행자,남,67세,경상
2021122100100020,2021년 12월 21일 06시,화요일,서울특별시 광진구 중곡동,중상사고,0,1,0,0,차대사람 - 횡단중,안전운전불이행,건조,맑음,단일로 - 기타,승용,남,71세,상해없음,보행자,여,66세,중상
2021122100100072,2021년 12월 21일 08시,화요일,서울특별시 중구 쌍림동,중상사고,0,1,0,0,차대사람 - 기타,안전운전불이행,건조,맑음,교차로 - 교차로부근,승용,남,73세,상해없음,보행자,여,73세,중상
2021122100100164,2021년 12월 21일 11시,화요일,서울특별시 송파구 장지동,중상사고,0,1,0,0,차대사람 - 횡단중,안전운전불이행,건조,맑음,교차로 - 교차로부근,승용,남,59세,상해없음,보행자,여,66세,중상
2021122100100275,2021년 12월 21일 15시,화요일,서울특별시 중랑구 망우동,중상사고,0,1,0,0,차대사람 - 차도통행중,안전운전불이행,건조,맑음,교차로 - 교차로안,승용,여,53세,상해없음,보행자,남,82세,중상
2021122100100308,2021년 12월 21일 16시,화요일,서울특별시 강남구 논현동,경상사고,0,0,1,1,차대사람 - 기타,교차로운행방법위반,기타,기타,기타 - 기타,화물,남,45세,부상신고,보행자,여,65세,경상
2021122100100320,2021년 12월 21일 17시,화요일,서울특별시 종로구 소격동,중상사고,0,1,0,0,차대사람 - 차도통행중,안전운전불이행,기타,맑음,기타 - 기타,이륜,남,53세,상해없음,보행자,남,65세,중상
2021122100100364,2021년 12월 21일 18시,화요일,서울특별시 광진구 능동,중상사고,0,1,0,0,차대사람 - 기타,안전운전불이행,건조,흐림,교차로 - 교차로안,승용,남,54세,기타불명,보행자,여,69세,중상
2021122100100431,2021년 12월 21일 19시,화요일,서울특별시 송파구 삼전동,중상사고,0,1,0,0,차대사람 - 횡단중,보행자보호의무위반,건조,맑음,교차로 - 교차로횡단보도내,승용,남,26세,상해없음,보행자,여,69세,중상
2021122100100435,2021년 12월 21일 19시,화요일,서울특별시 서초구 서초동,경상사고,0,0,1,0,차대사람 - 기타,기타,건조,맑음,단일로 - 기타,승용,남,43세,상해없음,보행자,남,66세,경상
2021122200100270,2021년 12월 22일 14시,수요일,서울특별시 성북구 길음동,중상사고,0,1,0,0,차대사람 - 보도통행중,보행자보호의무위반,건조,맑음,단일로 - 기타,승합,남,73세,상해없음,보행자,여,72세,중상
2021122200100342,2021년 12월 22일 16시,수요일,서울특별시 서대문구 연희동,부상신고사고,0,0,0,1,차대사람 - 차도통행중,안전운전불이행,건조,맑음,교차로 - 교차로부근,승용,여,42세,상해없음,보행자,여,74세,부상신고
2021122200100385,2021년 12월 22일 17시,수요일,서울특별시 강동구 천호동,중상사고,0,1,0,0,차대사람 - 차도통행중,안전운전불이행,건조,맑음,단일로 - 기타,승용,남,45세,상해없음,보행자,남,68세,중상
2021122300100022,2021년 12월 23일 06시,목요일,서울특별시 동대문구 용두동,경상사고,0,0,1,0,차대사람 - 차도통행중,안전운전불이행,건조,맑음,단일로 - 기타,화물,남,56세,상해없음,보행자,여,67세,경상
2021122300100044,2021년 12월 23일 07시,목요일,서울특별시 중구 회현동1가,중상사고,0,1,0,0,차대사람 - 기타,기타,건조,맑음,기타 - 기타,승용,남,65세,상해없음,보행자,여,76세,중상
2021122300100482,2021년 12월 23일 20시,목요일,서울특별시 강북구 미아동,중상사고,0,1,0,0,차대사람 - 횡단중,안전운전불이행,건조,맑음,단일로 - 기타,승용,남,52세,상해없음,보행자,여,79세,중상
2021122300100513,2021년 12월 23일 21시,목요일,서울특별시 용산구 이촌동,중상사고,0,1,0,0,차대사람 - 횡단중,안전운전불이행,건조,맑음,교차로 - 교차로안,승용,남,59세,상해없음,보행자,여,66세,중상
2021122300100521,2021년 12월 23일 21시,목요일,서울특별시 송파구 방이동,중상사고,0,1,0,0,차대사람 - 차도통행중,안전운전불이행,건조,맑음,단일로 - 기타,승용,남,50세,상해없음,보행자,남,69세,중상
2021122400100032,2021년 12월 24일 06시,금요일,서울특별시 중랑구 면목동,중상사고,0,1,0,0,차대사람 - 기타,안전운전불이행,건조,맑음,단일로 - 지하차도(도로)내,이륜,남,28세,상해없음,보행자,여,66세,중상
2021122400100152,2021년 12월 24일 11시,금요일,서울특별시 송파구 방이동,경상사고,0,0,1,0,차대사람 - 횡단중,안전운전불이행,건조,맑음,교차로 - 교차로안,승용,남,69세,상해없음,보행자,남,68세,경상
2021122400100395,2021년 12월 24일 18시,금요일,서울특별시 송파구 삼전동,경상사고,0,0,1,0,차대사람 - 기타,중앙선침범,건조,맑음,단일로 - 기타,승합,여,58세,상해없음,보행자,남,69세,경상
2021122600100095,2021년 12월 26일 13시,일요일,서울특별시 송파구 잠실동,중상사고,0,1,0,0,차대사람 - 기타,안전운전불이행,건조,맑음,단일로 - 기타,화물,남,68세,상해없음,보행자,남,78세,중상
2021122600100123,2021년 12월 26일 14시,일요일,서울특별시 중랑구 면목동,경상사고,0,0,1,0,차대사람 - 횡단중,중앙선침범,건조,맑음,교차로 - 교차로횡단보도내,이륜,남,39세,상해없음,보행자,여,69세,경상
2021122700100180,2021년 12월 27일 12시,월요일,서울특별시 강북구 미아동,부상신고사고,0,0,0,1,차대사람 - 기타,안전운전불이행,건조,맑음,교차로 - 교차로안,승합,남,65세,상해없음,보행자,여,85세,부상신고
2021122700100182,2021년 12월 27일 12시,월요일,서울특별시 중랑구 상봉동,경상사고,0,0,1,0,차대사람 - 기타,기타,건조,맑음,단일로 - 기타,자전거,남,23세,상해없음,보행자,여,70세,경상
2021122700100393,2021년 12월 27일 18시,월요일,서울특별시 강북구 우이동,경상사고,0,0,1,0,차대사람 - 기타,안전운전불이행,건조,맑음,단일로 - 기타,승용,남,63세,상해없음,보행자,여,69세,경상
2021122700100472,2021년 12월 27일 20시,월요일,서울특별시 성동구 하왕십리동,경상사고,0,0,1,0,차대사람 - 길가장자리구역통행중,중앙선침범,건조,맑음,단일로 - 기타,승용,남,62세,상해없음,보행자,여,66세,경상
2021122700100512,2021년 12월 27일 21시,월요일,서울특별시 서초구 우면동,경상사고,0,0,1,0,차대사람 - 횡단중,보행자보호의무위반,건조,맑음,교차로 - 교차로안,승용,여,34세,상해없음,보행자,남,69세,경상
2021122800100019,2021년 12월 28일 03시,화요일,서울특별시 강남구 역삼동,중상사고,0,1,0,0,차대사람 - 횡단중,신호위반,건조,맑음,교차로 - 교차로횡단보도내,승용,남,63세,상해없음,보행자,여,66세,중상
2021122800100171,2021년 12월 28일 11시,화요일,서울특별시 중랑구 면목동,중상사고,0,1,0,0,차대사람 - 차도통행중,안전운전불이행,건조,맑음,단일로 - 기타,승용,남,68세,상해없음,보행자,여,79세,중상
2021122800100197,2021년 12월 28일 12시,화요일,서울특별시 성북구 하월곡동,경상사고,0,0,1,0,차대사람 - 횡단중,보행자보호의무위반,건조,맑음,교차로 - 교차로부근,승용,남,74세,상해없음,보행자,남,67세,경상
2021122900100140,2021년 12월 29일 11시,수요일,서울특별시 구로구 개봉동,경상사고,0,0,1,0,차대사람 - 차도통행중,안전운전불이행,건조,맑음,교차로 - 교차로안,화물,남,59세,상해없음,보행자,남,77세,경상
2021122900100143,2021년 12월 29일 11시,수요일,서울특별시 노원구 공릉동,경상사고,0,0,1,0,차대사람 - 보도통행중,기타,건조,맑음,기타 - 기타,화물,남,54세,상해없음,보행자,여,85세,경상
2021123000100058,2021년 12월 30일 08시,목요일,서울특별시 종로구 안국동,경상사고,0,0,1,0,차대사람 - 횡단중,보행자보호의무위반,건조,맑음,교차로 - 교차로횡단보도내,승용,여,51세,상해없음,보행자,남,65세,경상
2021123000100135,2021년 12월 30일 11시,목요일,서울특별시 동대문구 장안동,경상사고,0,0,1,0,차대사람 - 기타,안전운전불이행,건조,맑음,단일로 - 기타,승합,남,55세,상해없음,보행자,남,69세,경상
2021123000100136,2021년 12월 30일 11시,목요일,서울특별시 금천구 시흥동,경상사고,0,0,1,0,차대사람 - 횡단중,보행자보호의무위반,건조,맑음,교차로 - 교차로횡단보도내,승용,남,43세,상해없음,보행자,남,68세,경상
2021123000100209,2021년 12월 30일 13시,목요일,서울특별시 강남구 신사동,중상사고,0,1,0,0,차대사람 - 횡단중,보행자보호의무위반,건조,맑음,교차로 - 교차로횡단보도내,화물,남,46세,상해없음,보행자,여,69세,중상
2021123000100337,2021년 12월 30일 17시,목요일,서울특별시 관악구 봉천동,경상사고,0,0,1,0,차대사람 - 횡단중,안전운전불이행,건조,맑음,단일로 - 기타,승용,여,35세,상해없음,보행자,남,76세,경상
2021123100100117,2021년 12월 31일 11시,금요일,서울특별시 성북구 정릉동,중상사고,0,1,0,0,차대사람 - 기타,안전운전불이행,건조,맑음,교차로 - 교차로부근,승용,여,28세,상해없음,보행자,여,84세,중상
2021123100100146,2021년 12월 31일 12시,금요일,서울특별시 동대문구 제기동,경상사고,0,0,1,0,차대사람 - 기타,안전운전불이행,건조,맑음,단일로 - 기타,승용,남,74세,상해없음,보행자,남,82세,경상
2021123100100151,2021년 12월 31일 12시,금요일,서울특별시 도봉구 방학동,경상사고,0,0,1,0,차대사람 - 기타,기타,건조,맑음,단일로 - 기타,승합,남,77세,상해없음,보행자,여,81세,경상
2021123100100276,2021년 12월 31일 15시,금요일,서울특별시 영등포구 여의도동,경상사고,0,0,1,0,차대사람 - 횡단중,보행자보호의무위반,기타,기타,교차로 - 교차로부근,승용,여,51세,상해없음,보행자,여,83세,경상
2021123100100426,2021년 12월 31일 18시,금요일,서울특별시 강동구 천호동,경상사고,0,0,1,0,차대사람 - 횡단중,보행자보호의무위반,건조,맑음,교차로 - 교차로횡단보도내,승용,남,73세,상해없음,보행자,남,72세,경상
2021123100100533,2021년 12월 31일 20시,금요일,서울특별시 중구 충무로4가,중상사고,0,1,0,0,차대사람 - 횡단중,보행자보호의무위반,건조,맑음,교차로 - 교차로횡단보도내,승용,남,74세,상해없음,보행자,여,77세,중상
2022010100100249,2022년 1월 1일 18시,토요일,서울특별시 도봉구 도봉동,중상사고,0,1,0,0,차대사람 - 길가장자리구역통행중,안전운전불이행,건조,맑음,단일로 - 기타,이륜,남,28세,상해없음,보행자,남,67세,중상
2022010200100023,2022년 1월 2일 06시,일요일,서울특별시 서대문구 연희동,사망사고,1,0,0,0,차대사람 - 횡단중,안전운전불이행,젖음/습기,눈,단일로 - 기타,승합,남,67세,상해없음,보행자,남,74세,사망
2022010200100099,2022년 1월 2일 13시,일요일,서울특별시 영등포구 대림동,중상사고,0,1,0,0,차대사람 - 기타,안전운전불이행,건조,맑음,교차로 - 교차로안,승용,남,31세,상해없음,보행자,여,69세,중상
2022010200100100,2022년 1월 2일 13시,일요일,서울특별시 강서구 가양동,중상사고,0,1,0,0,차대사람 - 횡단중,보행자보호의무위반,건조,맑음,기타 - 기타,승용,남,46세,상해없음,보행자,남,68세,중상
2022010200100220,2022년 1월 2일 17시,일요일,서울특별시 영등포구 신길동,중상사고,0,1,0,0,차대사람 - 횡단중,신호위반,건조,맑음,교차로 - 교차로안,승용,남,52세,상해없음,보행자,남,69세,중상
2022010200100223,2022년 1월 2일 17시,일요일,서울특별시 구로구 고척동,중상사고,0,1,0,0,차대사람 - 보도통행중,안전운전불이행,건조,맑음,단일로 - 기타,승용,남,68세,상해없음,보행자,남,71세,중상
2022010200100357,2022년 1월 2일 21시,일요일,서울특별시 노원구 하계동,부상신고사고,0,0,0,1,차대사람 - 기타,불법유턴,건조,맑음,기타 - 기타,승용,남,44세,상해없음,보행자,남,76세,부상신고
2022010200100383,2022년 1월 2일 22시,일요일,서울특별시 노원구 월계동,중상사고,0,1,0,0,차대사람 - 횡단중,보행자보호의무위반,건조,맑음,교차로 - 교차로안,승용,남,23세,상해없음,보행자,남,65세,중상
2022010300100019,2022년 1월 3일 05시,월요일,서울특별시 중랑구 신내동,중상사고,0,1,0,0,차대사람 - 횡단중,안전운전불이행,건조,맑음,교차로 - 교차로횡단보도내,승용,남,70세,상해없음,보행자,남,72세,중상
2022010300100254,2022년 1월 3일 13시,월요일,서울특별시 서초구 방배동,중상사고,0,1,0,0,차대사람 - 기타,안전운전불이행,건조,맑음,단일로 - 기타,화물,남,62세,상해없음,보행자,여,69세,중상
2022010300100325,2022년 1월 3일 15시,월요일,서울특별시 구로구 오류동,중상사고,0,1,0,0,차대사람 - 기타,안전운전불이행,건조,맑음,단일로 - 기타,화물,남,42세,상해없음,보행자,남,68세,중상
2022010300100443,2022년 1월 3일 18시,월요일,서울특별시 영등포구 도림동,사망사고,1,0,0,0,차대사람 - 횡단중,안전운전불이행,건조,맑음,단일로 - 기타,승용,남,60세,상해없음,보행자,여,80세,사망
2022010300100586,2022년 1월 3일 21시,월요일,서울특별시 금천구 독산동,중상사고,0,1,0,0,차대사람 - 기타,안전운전불이행,건조,맑음,단일로 - 기타,승합,남,40세,상해없음,보행자,남,71세,중상
2022010400100011,2022년 1월 4일 05시,화요일,서울특별시 노원구 공릉동,중상사고,0,1,0,0,차대사람 - 기타,안전운전불이행,건조,맑음,교차로 - 교차로안,승합,남,66세,상해없음,보행자,여,72세,중상
2022010400100037,2022년 1월 4일 07시,화요일,서울특별시 동대문구 장안동,중상사고,0,1,0,0,차대사람 - 기타,안전운전불이행,건조,맑음,교차로 - 교차로안,화물,남,67세,상해없음,보행자,남,75세,중상
2022010400100104,2022년 1월 4일 09시,화요일,서울특별시 영등포구 양평동3가,중상사고,0,1,0,0,차대사람 - 횡단중,보행자보호의무위반,건조,맑음,단일로 - 기타,승용,남,23세,상해없음,보행자,남,73세,중상
2022010400100106,2022년 1월 4일 09시,화요일,서울특별시 동작구 본동,중상사고,0,1,0,0,차대사람 - 기타,안전운전불이행,건조,맑음,교차로 - 교차로부근,승합,남,52세,상해없음,보행자,여,71세,중상
2022010400100195,2022년 1월 4일 12시,화요일,서울특별시 구로구 개봉동,중상사고,0,1,0,0,차대사람 - 기타,안전운전불이행,건조,맑음,교차로 - 교차로안,화물,남,30세,상해없음,보행자,여,83세,중상
2022010400100430,2022년 1월 4일 19시,화요일,서울특별시 강북구 미아동,중상사고,0,1,0,0,차대사람 - 횡단중,안전운전불이행,건조,맑음,단일로 - 기타,승용,남,48세,상해없음,보행자,여,75세,중상
2022010500100011,2022년 1월 5일 04시,수요일,서울특별시 동작구 사당동,사망사고,1,0,0,0,차대사람 - 차도통행중,안전운전불이행,건조,맑음,교차로 - 교차로안,승용,남,54세,상해없음,보행자,남,92세,사망
2022010500100019,2022년 1월 5일 06시,수요일,서울특별시 동작구 사당동,사망사고,1,0,0,0,차대사람 - 횡단중,보행자보호의무위반,건조,맑음,단일로 - 기타,건설기계,남,50세,상해없음,보행자,남,75세,사망
2022010500100023,2022년 1월 5일 06시,수요일,서울특별시 노원구 중계동,중상사고,0,1,0,0,차대사람 - 횡단중,안전운전불이행,건조,맑음,단일로 - 기타,승용,여,39세,상해없음,보행자,남,79세,중상
2022010500100176,2022년 1월 5일 13시,수요일,서울특별시 노원구 월계동,경상사고,0,0,1,0,차대사람 - 횡단중,보행자보호의무위반,건조,맑음,교차로 - 교차로안,화물,남,56세,상해없음,보행자,여,73세,경상
2022010600100105,2022년 1월 6일 09시,목요일,서울특별시 서대문구 홍은동,경상사고,0,0,1,0,차대사람 - 기타,기타,건조,맑음,단일로 - 기타,승용,남,66세,상해없음,보행자,여,73세,경상
2022010600100106,2022년 1월 6일 09시,목요일,서울특별시 동대문구 제기동,중상사고,0,1,0,0,차대사람 - 횡단중,신호위반,건조,맑음,교차로 - 교차로안,화물,남,54세,상해없음,보행자,여,87세,중상
2022010600100196,2022년 1월 6일 12시,목요일,서울특별시 강동구 성내동,중상사고,0,1,0,0,차대사람 - 기타,안전운전불이행,건조,맑음,단일로 - 기타,승용,여,54세,상해없음,보행자,여,66세,중상
2022010600100244,2022년 1월 6일 14시,목요일,서울특별시 강서구 방화동,중상사고,0,1,0,0,차대사람 - 차도통행중,안전운전불이행,건조,맑음,교차로 - 교차로안,승용,여,44세,상해없음,보행자,여,72세,중상
2022010600100286,2022년 1월 6일 15시,목요일,서울특별시 송파구 잠실동,중상사고,0,1,0,0,차대사람 - 기타,안전운전불이행,건조,맑음,교차로 - 교차로안,승용,여,59세,상해없음,보행자,남,74세,중상
2022010600100323,2022년 1월 6일 16시,목요일,서울특별시 양천구 신정동,경상사고,0,0,1,0,차대사람 - 기타,안전운전불이행,건조,맑음,기타 - 기타,자전거,남,13세,상해없음,보행자,여,76세,경상
2022010600100350,2022년 1월 6일 17시,목요일,서울특별시 동작구 상도동,경상사고,0,0,1,0,차대사람 - 기타,안전운전불이행,건조,맑음,주차장 - 주차장,기타불명,기타불명,미분류,기타불명,보행자,여,88세,경상
2022010700100125,2022년 1월 7일 10시,금요일,서울특별시 송파구 송파동,중상사고,0,1,0,0,차대사람 - 횡단중,보행자보호의무위반,건조,맑음,교차로 - 교차로안,화물,남,75세,상해없음,보행자,여,70세,중상
2022010700100182,2022년 1월 7일 12시,금요일,서울특별시 중랑구 면목동,경상사고,0,0,1,0,차대사람 - 기타,안전운전불이행,건조,맑음,교차로 - 교차로안,화물,남,57세,상해없음,보행자,여,69세,경상
2022010700100293,2022년 1월 7일 15시,금요일,서울특별시 동작구 상도동,부상신고사고,0,0,0,1,차대사람 - 횡단중,신호위반,건조,맑음,단일로 - 기타,이륜,남,44세,상해없음,보행자,남,83세,부상신고
2022010700100330,2022년 1월 7일 16시,금요일,서울특별시 송파구 잠실동,경상사고,0,0,1,0,차대사람 - 기타,안전운전불이행,건조,기타,기타 - 기타,기타불명,기타불명,미분류,기타불명,보행자,남,67세,경상
2022010700100402,2022년 1월 7일 18시,금요일,서울특별시 동작구 상도동,경상사고,0,0,1,0,차대사람 - 보도통행중,보행자보호의무위반,건조,맑음,교차로 - 교차로횡단보도내,승용,여,43세,상해없음,보행자,남,68세,경상
2022010800100073,2022년 1월 8일 08시,토요일,서울특별시 서초구 반포동,중상사고,0,1,0,0,차대사람 - 횡단중,보행자보호의무위반,건조,맑음,교차로 - 교차로횡단보도내,화물,남,47세,상해없음,보행자,남,75세,중상
2022010800100190,2022년 1월 8일 13시,토요일,서울특별시 구로구 구로동,중상사고,0,1,1,0,차대사람 - 횡단중,신호위반,건조,맑음,단일로 - 기타,이륜,남,45세,상해없음,보행자,여,52세,경상
2022010800100192,2022년 1월 8일 13시,토요일,서울특별시 은평구 갈현동,중상사고,0,1,0,0,차대사람 - 기타,안전운전불이행,건조,맑음,교차로 - 교차로안,승용,남,29세,상해없음,보행자,남,86세,중상
2022010800100234,2022년 1월 8일 14시,토요일,서울특별시 강북구 미아동,경상사고,0,0,1,0,차대사람 - 횡단중,신호위반,건조,맑음,교차로 - 교차로부근,이륜,남,37세,상해없음,보행자,여,68세,경상
2022010800100238,2022년 1월 8일 14시,토요일,서울특별시 강남구 역삼동,중상사고,0,1,0,0,차대사람 - 차도통행중,안전운전불이행,건조,맑음,교차로 - 교차로안,승용,남,60세,상해없음,보행자,여,68세,중상
2022010800100295,2022년 1월 8일 16시,토요일,서울특별시 성북구 정릉동,중상사고,0,1,0,0,차대사람 - 기타,안전운전불이행,건조,맑음,단일로 - 기타,승용,남,32세,상해없음,보행자,여,78세,중상
2022010900100107,2022년 1월 9일 13시,일요일,서울특별시 중랑구 중화동,중상사고,0,1,0,0,차대사람 - 횡단중,보행자보호의무위반,건조,맑음,교차로 - 교차로부근,승용,여,42세,상해없음,보행자,여,73세,중상
2022010900100180,2022년 1월 9일 17시,일요일,서울특별시 동대문구 제기동,경상사고,0,0,1,0,차대사람 - 기타,안전운전불이행,건조,맑음,단일로 - 기타,화물,남,45세,상해없음,보행자,남,73세,경상
2022010900100183,2022년 1월 9일 17시,일요일,서울특별시 관악구 신림동,경상사고,0,0,1,0,차대사람 - 차도통행중,안전운전불이행,건조,맑음,단일로 - 기타,화물,남,35세,상해없음,보행자,남,65세,경상
2022011000100242,2022년 1월 10일 13시,월요일,서울특별시 강동구 성내동,부상신고사고,0,0,0,1,차대사람 - 기타,안전운전불이행,건조,맑음,교차로 - 교차로부근,자전거,여,69세,상해없음,보행자,여,67세,부상신고
2022011000100298,2022년 1월 10일 15시,월요일,서울특별시 강동구 천호동,부상신고사고,0,0,0,1,차대사람 - 기타,안전운전불이행,건조,맑음,단일로 - 기타,승합,남,33세,상해없음,보행자,여,74세,부상신고
2022011000100395,2022년 1월 10일 18시,월요일,서울특별시 관악구 봉천동,중상사고,0,1,0,0,차대사람 - 차도통행중,교차로운행방법위반,건조,맑음,교차로 - 교차로안,화물,남,47세,상해없음,보행자,남,81세,중상
2022011000100465,2022년 1월 10일 20시,월요일,서울특별시 은평구 응암동,중상사고,0,1,0,0,차대사람 - 차도통행중,안전운전불이행,건조,흐림,교차로 - 교차로부근,이륜,남,38세,상해없음,보행자,여,81세,중상
2022011100100072,2022년 1월 11일 08시,화요일,서울특별시 중구 인현동1가,부상신고사고,0,0,0,1,차대사람 - 기타,안전운전불이행,건조,맑음,교차로 - 교차로안,건설기계,남,38세,상해없음,보행자,남,92세,부상신고
2022011100100130,2022년 1월 11일 10시,화요일,서울특별시 서대문구 홍제동,중상사고,0,1,0,0,차대사람 - 기타,안전운전불이행,건조,맑음,단일로 - 기타,승용,남,44세,상해없음,보행자,남,77세,중상
2022011100100131,2022년 1월 11일 10시,화요일,서울특별시 강북구 수유동,중상사고,0,1,0,0,차대사람 - 횡단중,보행자보호의무위반,건조,맑음,교차로 - 교차로안,화물,남,34세,상해없음,보행자,여,79세,중상
2022011100100132,2022년 1월 11일 10시,화요일,서울특별시 영등포구 영등포동7가,중상사고,0,1,0,0,차대사람 - 길가장자리구역통행중,안전운전불이행,적설,맑음,단일로 - 기타,승용,여,28세,상해없음,보행자,여,65세,중상
2022011100100388,2022년 1월 11일 18시,화요일,서울특별시 강서구 화곡동,중상사고,0,1,0,0,차대사람 - 기타,안전운전불이행,건조,맑음,단일로 - 기타,화물,남,61세,상해없음,보행자,여,87세,중상
2022011100100486,2022년 1월 11일 20시,화요일,서울특별시 송파구 풍납동,경상사고,0,0,1,0,차대사람 - 기타,안전운전불이행,젖음/습기,맑음,단일로 - 기타,이륜,남,52세,상해없음,보행자,여,67세,경상
2022011200100035,2022년 1월 12일 07시,수요일,서울특별시 종로구 숭인동,중상사고,0,1,0,0,차대사람 - 길가장자리구역통행중,안전운전불이행,건조,맑음,단일로 - 기타,승용,남,73세,상해없음,보행자,남,68세,중상
2022011200100108,2022년 1월 12일 09시,수요일,서울특별시 강서구 가양동,사망사고,1,0,0,0,차대사람 - 횡단중,안전운전불이행,건조,맑음,교차로 - 교차로안,승용,남,32세,기타불명,보행자,여,86세,사망