사고번호,사고일시,요일,시군구,사고내용,사망자수,중상자수,경상자수,부상신고자수,사고유형,법규위반,노면상태,기상상태,도로형태,가해운전자 차종,가해운전자 성별,가해운전자 연령,가해운전자 상해정도,피해운전자 차종,피해운전자 성별,피해운전자 연령,피해운전자 상해정도
2022011200100184,2022년 1월 12일 12시,수요일,서울특별시 서대문구 북아현동,경상사고,0,0,1,0,차대사람 - 기타,안전운전불이행,서리/결빙,흐림,단일로 - 기타,이륜,남,53세,상해없음,보행자,여,81세,경상
2022011200100233,2022년 1월 12일 13시,수요일,서울특별시 양천구 신월동,사망사고,1,0,0,0,차대사람 - 횡단중,신호위반,건조,맑음,교차로 - 교차로부근,건설기계,남,64세,상해없음,보행자,남,76세,사망
2022011200100262,2022년 1월 12일 14시,수요일,서울특별시 강동구 성내동,경상사고,0,0,1,0,차대사람 - 횡단중,안전운전불이행,건조,맑음,단일로 - 기타,승용,남,63세,상해없음,보행자,남,66세,경상
2022011200100290,2022년 1월 12일 15시,수요일,서울특별시 동작구 상도동,경상사고,0,0,1,0,차대차 - 측면충돌,안전운전불이행,건조,맑음,단일로 - 기타,승용,남,57세,상해없음,이륜,남,26세,기타불명
2022011200100325,2022년 1월 12일 16시,수요일,서울특별시 도봉구 쌍문동,중상사고,0,1,0,0,차대사람 - 길가장자리구역통행중,안전운전불이행,건조,맑음,교차로 - 교차로안,승용,여,42세,상해없음,보행자,여,74세,중상
2022011200100455,2022년 1월 12일 19시,수요일,서울특별시 성북구 삼선동3가,중상사고,0,1,0,0,차대사람 - 횡단중,안전운전불이행,건조,맑음,단일로 - 기타,이륜,남,30세,상해없음,보행자,여,65세,중상
2022011300100017,2022년 1월 13일 05시,목요일,서울특별시 관악구 신림동,중상사고,0,1,0,0,차대사람 - 차도통행중,안전운전불이행,건조,맑음,교차로 - 교차로안,승용,남,63세,상해없음,보행자,여,69세,중상
2022011300100069,2022년 1월 13일 08시,목요일,서울특별시 서초구 서초동,중상사고,0,1,0,0,차대사람 - 기타,안전운전불이행,건조,맑음,교차로 - 교차로부근,승용,남,66세,상해없음,보행자,남,97세,중상
2022011300100121,2022년 1월 13일 10시,목요일,서울특별시 서대문구 남가좌동,중상사고,0,1,0,0,차대사람 - 기타,기타,건조,맑음,단일로 - 기타,화물,남,32세,상해없음,보행자,남,67세,중상
2022011300100128,2022년 1월 13일 10시,목요일,서울특별시 강서구 화곡동,중상사고,0,1,0,0,차대사람 - 기타,안전운전불이행,건조,맑음,단일로 - 기타,승용,여,70세,상해없음,보행자,남,66세,중상
2022011300100236,2022년 1월 13일 13시,목요일,서울특별시 용산구 이태원동,경상사고,0,0,1,0,차대사람 - 기타,안전운전불이행,건조,맑음,교차로 - 교차로안,승용,여,66세,상해없음,보행자,여,67세,경상
2022011300100273,2022년 1월 13일 14시,목요일,서울특별시 구로구 개봉동,경상사고,0,0,1,0,차대사람 - 횡단중,보행자보호의무위반,건조,맑음,교차로 - 교차로횡단보도내,승용,여,58세,상해없음,보행자,남,70세,경상
2022011300100307,2022년 1월 13일 15시,목요일,서울특별시 강동구 성내동,중상사고,0,1,0,0,차대사람 - 기타,안전운전불이행,건조,맑음,교차로 - 교차로안,화물,남,52세,상해없음,보행자,여,94세,중상
2022011400100207,2022년 1월 14일 12시,금요일,서울특별시 영등포구 당산동3가,경상사고,0,0,1,0,차대사람 - 차도통행중,안전운전불이행,건조,맑음,단일로 - 기타,승용,여,68세,상해없음,보행자,남,68세,경상
2022011400100240,2022년 1월 14일 13시,금요일,서울특별시 동작구 노량진동,경상사고,0,0,1,0,차대사람 - 횡단중,보행자보호의무위반,건조,맑음,교차로 - 교차로횡단보도내,이륜,남,37세,상해없음,보행자,여,80세,경상
2022011400100241,2022년 1월 14일 13시,금요일,서울특별시 중랑구 면목동,경상사고,0,0,1,0,차대사람 - 기타,불법유턴,건조,맑음,단일로 - 기타,승용,여,62세,상해없음,보행자,여,70세,경상
2022011400100383,2022년 1월 14일 17시,금요일,서울특별시 동대문구 전농동,경상사고,0,0,1,0,차대사람 - 기타,안전운전불이행,건조,기타,교차로 - 교차로안,승용,남,35세,상해없음,보행자,여,68세,경상
2022011400100496,2022년 1월 14일 19시,금요일,서울특별시 광진구 중곡동,중상사고,0,1,0,0,차대사람 - 횡단중,안전운전불이행,건조,맑음,단일로 - 기타,이륜,남,32세,상해없음,보행자,남,75세,중상
2022011500100118,2022년 1월 15일 11시,토요일,서울특별시 강북구 미아동,중상사고,0,1,0,0,차대사람 - 차도통행중,안전운전불이행,건조,맑음,단일로 - 기타,자전거,여,56세,상해없음,보행자,여,85세,중상
2022011600100152,2022년 1월 16일 14시,일요일,서울특별시 종로구 숭인동,경상사고,0,0,1,0,차대사람 - 기타,안전운전불이행,건조,맑음,단일로 - 기타,승용,남,80세,상해없음,보행자,남,65세,경상
2022011700100011,2022년 1월 17일 04시,월요일,서울특별시 관악구 신림동,중상사고,0,1,2,0,차대사람 - 기타,안전운전불이행,건조,맑음,기타 - 기타,승용,남,53세,상해없음,보행자,남,65세,경상
2022011700100019,2022년 1월 17일 06시,월요일,서울특별시 노원구 공릉동,경상사고,0,0,1,0,차대사람 - 횡단중,보행자보호의무위반,건조,맑음,교차로 - 교차로횡단보도내,승합,남,68세,상해없음,보행자,남,78세,경상
2022011700100058,2022년 1월 17일 08시,월요일,서울특별시 성북구 정릉동,중상사고,0,1,0,0,차대사람 - 횡단중,안전운전불이행,건조,기타,단일로 - 기타,승용,남,65세,상해없음,보행자,여,77세,중상
2022011700100140,2022년 1월 17일 11시,월요일,서울특별시 강동구 둔촌동,중상사고,0,1,0,0,차대사람 - 기타,안전운전불이행,건조,맑음,단일로 - 기타,승용,남,63세,상해없음,보행자,여,82세,중상
2022011700100159,2022년 1월 17일 12시,월요일,서울특별시 중랑구 망우동,경상사고,0,0,1,0,차대사람 - 횡단중,안전운전불이행,건조,맑음,단일로 - 기타,승용,여,59세,상해없음,보행자,남,82세,경상
2022011700100183,2022년 1월 17일 13시,월요일,서울특별시 서대문구 북가좌동,중상사고,0,1,0,0,차대사람 - 횡단중,안전운전불이행,건조,맑음,단일로 - 기타,승용,여,37세,상해없음,보행자,여,65세,중상
2022011700100259,2022년 1월 17일 15시,월요일,서울특별시 강남구 역삼동,중상사고,0,1,0,0,차대사람 - 기타,안전운전불이행,기타,기타,교차로 - 교차로안,승용,여,30세,상해없음,보행자,남,82세,중상
2022011700100363,2022년 1월 17일 18시,월요일,서울특별시 강서구 화곡동,중상사고,0,1,0,0,차대사람 - 보도통행중,안전운전불이행,적설,눈,단일로 - 기타,자전거,기타불명,미분류,기타불명,보행자,남,81세,중상
2022011700100368,2022년 1월 17일 18시,월요일,서울특별시 노원구 공릉동,경상사고,0,0,1,0,차대사람 - 보도통행중,안전운전불이행,젖음/습기,눈,단일로 - 기타,승용,남,54세,상해없음,보행자,남,66세,경상
2022011700100407,2022년 1월 17일 19시,월요일,서울특별시 도봉구 방학동,중상사고,0,1,0,0,차대사람 - 횡단중,보행자보호의무위반,건조,맑음,교차로 - 교차로횡단보도내,승용,여,67세,상해없음,보행자,여,66세,중상
2022011700100433,2022년 1월 17일 20시,월요일,서울특별시 성동구 금호동4가,중상사고,0,1,0,0,차대사람 - 기타,안전운전불이행,서리/결빙,눈,단일로 - 기타,승용,남,62세,상해없음,보행자,여,72세,중상
2022011800100115,2022년 1월 18일 09시,화요일,서울특별시 강서구 방화동,중상사고,0,1,0,0,차대사람 - 횡단중,안전운전불이행,건조,맑음,교차로 - 교차로안,화물,남,50세,상해없음,보행자,여,73세,중상
2022011800100116,2022년 1월 18일 09시,화요일,서울특별시 구로구 고척동,경상사고,0,0,1,0,차대사람 - 차도통행중,안전운전불이행,건조,맑음,교차로 - 교차로안,승용,여,40세,상해없음,보행자,여,70세,경상
2022011800100168,2022년 1월 18일 11시,화요일,서울특별시 성북구 석관동,중상사고,0,1,0,0,차대사람 - 보도통행중,보행자보호의무위반,건조,맑음,교차로 - 교차로횡단보도내,승용,남,32세,상해없음,보행자,여,70세,중상
2022011800100227,2022년 1월 18일 13시,화요일,서울특별시 서대문구 북가좌동,중상사고,0,1,0,0,차대사람 - 횡단중,보행자보호의무위반,건조,맑음,교차로 - 교차로횡단보도내,승용,여,27세,상해없음,보행자,여,79세,중상
2022011800100316,2022년 1월 18일 15시,화요일,서울특별시 동대문구 휘경동,경상사고,0,0,1,0,차대사람 - 횡단중,안전운전불이행,건조,맑음,기타 - 기타,승용,남,61세,상해없음,보행자,여,77세,경상
2022011800100355,2022년 1월 18일 16시,화요일,서울특별시 동대문구 이문동,경상사고,0,0,1,0,차대사람 - 기타,안전운전불이행,건조,맑음,단일로 - 기타,승용,여,46세,상해없음,보행자,남,81세,경상
2022011800100427,2022년 1월 18일 18시,화요일,서울특별시 종로구 와룡동,중상사고,0,1,0,0,차대사람 - 횡단중,보행자보호의무위반,건조,맑음,단일로 - 기타,원동기,남,54세,상해없음,보행자,여,91세,중상
2022011800100438,2022년 1월 18일 18시,화요일,서울특별시 송파구 가락동,중상사고,0,1,0,0,차대사람 - 길가장자리구역통행중,안전운전불이행,건조,맑음,교차로 - 교차로안,승용,남,55세,상해없음,보행자,남,68세,중상
2022011800100503,2022년 1월 18일 19시,화요일,서울특별시 강북구 미아동,경상사고,0,0,1,0,차대사람 - 기타,안전운전불이행,건조,맑음,단일로 - 기타,이륜,남,43세,상해없음,보행자,남,75세,경상
2022011800100546,2022년 1월 18일 20시,화요일,서울특별시 관악구 신림동,중상사고,0,1,0,0,차대사람 - 차도통행중,안전운전불이행,건조,맑음,교차로 - 교차로부근,이륜,남,31세,상해없음,보행자,여,70세,중상
2022011900100029,2022년 1월 19일 06시,수요일,서울특별시 양천구 신정동,중상사고,0,1,0,0,차대사람 - 차도통행중,신호위반,건조,맑음,단일로 - 기타,승용,남,75세,상해없음,보행자,여,75세,중상
2022011900100131,2022년 1월 19일 10시,수요일,서울특별시 구로구 구로동,중상사고,0,1,0,0,차대사람 - 횡단중,안전운전불이행,젖음/습기,흐림,교차로 - 교차로안,이륜,남,45세,상해없음,보행자,여,74세,중상
2022011900100216,2022년 1월 19일 13시,수요일,서울특별시 성동구 홍익동,경상사고,0,0,1,0,차대사람 - 길가장자리구역통행중,안전운전불이행,건조,맑음,단일로 - 기타,화물,남,28세,상해없음,보행자,여,67세,경상
2022012000100004,2022년 1월 20일 01시,목요일,서울특별시 관악구 신림동,중상사고,0,1,0,0,차대사람 - 횡단중,기타,건조,맑음,단일로 - 기타,승용,남,43세,상해없음,보행자,여,76세,중상
2022012000100020,2022년 1월 20일 05시,목요일,서울특별시 관악구 신림동,중상사고,0,1,0,0,차대사람 - 횡단중,안전운전불이행,건조,맑음,단일로 - 기타,승용,남,29세,상해없음,보행자,여,79세,중상
2022012000100113,2022년 1월 20일 10시,목요일,서울특별시 서초구 방배동,중상사고,0,1,0,0,차대사람 - 차도통행중,기타,건조,맑음,기타 - 기타,승합,남,62세,상해없음,보행자,여,76세,중상
2022012000100210,2022년 1월 20일 13시,목요일,서울특별시 구로구 오류동,경상사고,0,0,1,0,차대사람 - 기타,안전운전불이행,건조,맑음,단일로 - 기타,승용,여,57세,상해없음,보행자,여,88세,경상
2022012000100233,2022년 1월 20일 14시,목요일,서울특별시 서대문구 연희동,중상사고,0,1,0,0,차대사람 - 횡단중,보행자보호의무위반,건조,흐림,교차로 - 교차로안,승합,남,31세,상해없음,보행자,여,80세,중상
2022012000100265,2022년 1월 20일 15시,목요일,서울특별시 관악구 봉천동,중상사고,0,1,0,0,차대사람 - 차도통행중,신호위반,건조,맑음,교차로 - 교차로부근,승용,남,59세,상해없음,보행자,여,73세,중상
2022012000100301,2022년 1월 20일 16시,목요일,서울특별시 동작구 대방동,부상신고사고,0,0,0,1,차대사람 - 기타,안전운전불이행,건조,맑음,단일로 - 기타,승합,남,47세,상해없음,보행자,여,68세,부상신고
2022012000100375,2022년 1월 20일 18시,목요일,서울특별시 동작구 노량진동,중상사고,0,1,0,0,차대사람 - 기타,안전운전불이행,건조,맑음,교차로 - 교차로부근,승용,여,38세,상해없음,보행자,여,72세,중상
2022012100100026,2022년 1월 21일 05시,금요일,서울특별시 강서구 화곡동,중상사고,0,1,1,0,차대사람 - 길가장자리구역통행중,안전운전불이행,건조,맑음,교차로 - 교차로부근,승용,남,53세,상해없음,보행자,남,62세,중상
2022012100100035,2022년 1월 21일 06시,금요일,서울특별시 은평구 응암동,경상사고,0,0,1,0,차대사람 - 횡단중,보행자보호의무위반,건조,맑음,교차로 - 교차로안,화물,남,52세,상해없음,보행자,여,67세,경상
2022012100100038,2022년 1월 21일 06시,금요일,서울특별시 은평구 불광동,중상사고,0,1,0,0,차대사람 - 횡단중,보행자보호의무위반,건조,흐림,교차로 - 교차로횡단보도내,승용,남,40세,상해없음,보행자,남,73세,중상
2022012100100320,2022년 1월 21일 14시,금요일,서울특별시 강서구 방화동,경상사고,0,0,1,0,차대사람 - 기타,안전운전불이행,건조,맑음,기타 - 기타,승용,남,28세,상해없음,보행자,남,68세,경상
2022012100100647,2022년 1월 21일 21시,금요일,서울특별시 성북구 장위동,중상사고,0,1,0,0,차대사람 - 차도통행중,안전운전불이행,건조,맑음,교차로 - 교차로부근,이륜,남,45세,상해없음,보행자,여,71세,중상
2022012200100071,2022년 1월 22일 09시,토요일,서울특별시 강동구 성내동,중상사고,0,1,0,0,차대사람 - 횡단중,보행자보호의무위반,건조,흐림,교차로 - 교차로횡단보도내,화물,남,50세,상해없음,보행자,남,80세,중상
2022012200100089,2022년 1월 22일 10시,토요일,서울특별시 강동구 고덕동,경상사고,0,0,1,0,차대사람 - 기타,안전운전불이행,젖음/습기,맑음,교차로 - 교차로안,화물,남,57세,상해없음,보행자,남,66세,경상
2022012200100159,2022년 1월 22일 12시,토요일,서울특별시 영등포구 영등포동2가,중상사고,0,1,0,0,차대사람 - 기타,안전운전불이행,건조,맑음,교차로 - 교차로부근,승용,여,61세,상해없음,보행자,남,69세,중상
2022012200100192,2022년 1월 22일 13시,토요일,서울특별시 영등포구 신길동,중상사고,0,1,0,0,차대사람 - 차도통행중,안전운전불이행,건조,맑음,교차로 - 교차로안,승용,남,61세,상해없음,보행자,남,93세,중상
2022012200100234,2022년 1월 22일 14시,토요일,서울특별시 마포구 성산동,중상사고,0,1,0,0,차대사람 - 차도통행중,안전운전불이행,젖음/습기,맑음,교차로 - 교차로부근,원동기,여,63세,상해없음,보행자,여,74세,중상
2022012200100393,2022년 1월 22일 19시,토요일,서울특별시 영등포구 신길동,중상사고,0,1,0,0,차대사람 - 횡단중,안전운전불이행,건조,맑음,교차로 - 교차로부근,승용,남,56세,상해없음,보행자,여,77세,중상
2022012300100046,2022년 1월 23일 10시,일요일,서울특별시 광진구 군자동,중상사고,0,1,0,0,차대사람 - 기타,안전운전불이행,건조,맑음,단일로 - 기타,원동기,남,50세,상해없음,보행자,여,81세,중상
2022012300100231,2022년 1월 23일 17시,일요일,서울특별시 도봉구 도봉동,경상사고,0,0,1,0,차대사람 - 기타,안전운전불이행,건조,맑음,단일로 - 기타,승용,남,45세,상해없음,보행자,여,87세,경상
2022012400100024,2022년 1월 24일 06시,월요일,서울특별시 영등포구 영등포동6가,경상사고,0,0,1,0,차대사람 - 기타,안전운전불이행,건조,맑음,교차로 - 교차로부근,화물,남,45세,상해없음,보행자,남,65세,경상
2022012400100216,2022년 1월 24일 12시,월요일,서울특별시 강북구 번동,경상사고,0,0,1,0,차대사람 - 기타,안전운전불이행,건조,맑음,교차로 - 교차로부근,승합,남,55세,상해없음,보행자,여,79세,경상
2022012400100221,2022년 1월 24일 12시,월요일,서울특별시 송파구 마천동,중상사고,0,1,0,0,차대사람 - 횡단중,보행자보호의무위반,건조,맑음,교차로 - 교차로부근,화물,남,48세,상해없음,보행자,여,73세,중상
2022012400100224,2022년 1월 24일 12시,월요일,서울특별시 서초구 서초동,부상신고사고,0,0,0,1,차대사람 - 횡단중,안전운전불이행,건조,맑음,단일로 - 기타,승용,남,59세,상해없음,보행자,여,69세,부상신고
2022012400100332,2022년 1월 24일 16시,월요일,서울특별시 송파구 석촌동,경상사고,0,0,2,0,차대사람 - 횡단중,보행자보호의무위반,건조,맑음,교차로 - 교차로안,승용,남,56세,상해없음,보행자,여,78세,경상
2022012400100446,2022년 1월 24일 19시,월요일,서울특별시 중랑구 면목동,중상사고,0,1,0,0,차대사람 - 기타,안전운전불이행,기타,맑음,교차로 - 교차로안,화물,남,27세,상해없음,보행자,남,72세,중상
2022012500100213,2022년 1월 25일 13시,화요일,서울특별시 성동구 성수동2가,경상사고,0,0,1,0,차대사람 - 기타,안전운전불이행,건조,맑음,단일로 - 기타,승용,남,53세,기타불명,보행자,여,77세,경상
2022012500100242,2022년 1월 25일 14시,화요일,서울특별시 중랑구 면목동,중상사고,0,1,0,0,차대사람 - 기타,안전운전불이행,건조,맑음,단일로 - 기타,승용,남,45세,상해없음,보행자,여,70세,중상
2022012500100271,2022년 1월 25일 15시,화요일,서울특별시 중랑구 망우동,경상사고,0,0,1,0,차대사람 - 기타,안전운전불이행,건조,맑음,단일로 - 기타,승합,남,67세,상해없음,보행자,남,69세,경상
2022012500100487,2022년 1월 25일 21시,화요일,서울특별시 송파구 거여동,중상사고,0,1,0,0,차대사람 - 차도통행중,안전운전불이행,건조,맑음,단일로 - 기타,승용,남,49세,상해없음,보행자,남,79세,중상
2022012500100524,2022년 1월 25일 22시,화요일,서울특별시 중구 신당동,중상사고,0,1,0,0,차대사람 - 횡단중,안전운전불이행,기타,기타,단일로 - 기타,승용,남,39세,기타불명,보행자,여,75세,중상
2022012600100037,2022년 1월 26일 06시,수요일,서울특별시 동대문구 장안동,중상사고,0,1,0,0,차대사람 - 횡단중,안전운전불이행,건조,맑음,단일로 - 기타,이륜,남,24세,기타불명,보행자,남,70세,중상
2022012600100078,2022년 1월 26일 08시,수요일,서울특별시 강동구 고덕동,중상사고,0,1,0,0,차대사람 - 횡단중,신호위반,건조,맑음,교차로 - 교차로안,승용,여,36세,상해없음,보행자,남,74세,중상
2022012600100079,2022년 1월 26일 08시,수요일,서울특별시 양천구 신월동,경상사고,0,0,1,0,차대사람 - 기타,안전운전불이행,건조,맑음,단일로 - 기타,승용,여,69세,상해없음,보행자,남,84세,경상
2022012600100135,2022년 1월 26일 10시,수요일,서울특별시 강북구 미아동,중상사고,0,1,0,0,차대사람 - 횡단중,보행자보호의무위반,건조,맑음,단일로 - 기타,화물,남,50세,상해없음,보행자,여,78세,중상
2022012600100195,2022년 1월 26일 12시,수요일,서울특별시 동작구 신대방동,중상사고,0,1,0,0,차대사람 - 기타,안전운전불이행,건조,맑음,단일로 - 기타,승합,남,47세,상해없음,보행자,여,71세,중상
2022012600100326,2022년 1월 26일 16시,수요일,서울특별시 관악구 봉천동,경상사고,0,0,1,0,차대사람 - 기타,보행자보호의무위반,건조,맑음,단일로 - 기타,승합,여,70세,상해없음,보행자,여,80세,경상
2022012600100327,2022년 1월 26일 16시,수요일,서울특별시 도봉구 도봉동,경상사고,0,0,1,0,차대사람 - 길가장자리구역통행중,안전운전불이행,건조,맑음,교차로 - 교차로부근,승용,여,59세,상해없음,보행자,남,70세,경상
2022012600100363,2022년 1월 26일 17시,수요일,서울특별시 구로구 구로동,중상사고,0,1,0,0,차대사람 - 횡단중,안전운전불이행,건조,맑음,단일로 - 기타,승용,남,71세,상해없음,보행자,여,66세,중상
2022012600100388,2022년 1월 26일 18시,수요일,서울특별시 은평구 녹번동,중상사고,0,1,0,0,차대사람 - 횡단중,안전운전불이행,건조,맑음,교차로 - 교차로부근,이륜,남,27세,상해없음,보행자,여,88세,중상
2022012700100119,2022년 1월 27일 10시,목요일,서울특별시 금천구 독산동,경상사고,0,0,1,0,차대사람 - 기타,안전운전불이행,건조,맑음,교차로 - 교차로안,승용,남,67세,상해없음,보행자,여,74세,경상
2022012700100435,2022년 1월 27일 19시,목요일,서울특별시 마포구 신공덕동,중상사고,0,1,0,0,차대사람 - 차도통행중,신호위반,건조,흐림,단일로 - 기타,승용,남,70세,상해없음,보행자,여,80세,중상
2022012700100530,2022년 1월 27일 22시,목요일,서울특별시 강남구 개포동,중상사고,0,1,0,0,차대사람 - 횡단중,보행자보호의무위반,건조,맑음,교차로 - 교차로부근,승용,남,32세,상해없음,보행자,여,75세,중상
2022012800100053,2022년 1월 28일 08시,금요일,서울특별시 구로구 구로동,중상사고,0,1,0,0,차대사람 - 기타,안전운전불이행,건조,맑음,교차로 - 교차로안,화물,남,56세,상해없음,보행자,남,83세,중상
2022012800100176,2022년 1월 28일 12시,금요일,서울특별시 강북구 미아동,중상사고,0,1,0,0,차대사람 - 횡단중,안전운전불이행,건조,맑음,단일로 - 기타,이륜,남,26세,상해없음,보행자,여,70세,중상
2022012800100306,2022년 1월 28일 15시,금요일,서울특별시 노원구 상계동,중상사고,0,1,0,0,차대사람 - 횡단중,보행자보호의무위반,건조,맑음,기타 - 기타,자전거,여,26세,상해없음,보행자,여,91세,중상
2022012800100386,2022년 1월 28일 17시,금요일,서울특별시 강북구 미아동,경상사고,0,0,1,0,차대사람 - 횡단중,보행자보호의무위반,건조,맑음,교차로 - 교차로안,화물,남,56세,상해없음,보행자,여,66세,경상
2022012800100432,2022년 1월 28일 18시,금요일,서울특별시 성북구 종암동,중상사고,0,1,0,0,차대사람 - 횡단중,보행자보호의무위반,건조,맑음,교차로 - 교차로횡단보도내,승용,남,51세,상해없음,보행자,남,73세,중상
2022012900100047,2022년 1월 29일 08시,토요일,서울특별시 강북구 우이동,중상사고,0,1,0,0,차대사람 - 횡단중,안전운전불이행,건조,맑음,교차로 - 교차로부근,건설기계,남,45세,상해없음,보행자,여,81세,중상
2022012900100198,2022년 1월 29일 14시,토요일,서울특별시 마포구 공덕동,경상사고,0,0,1,0,차대사람 - 기타,안전운전불이행,건조,맑음,단일로 - 기타,기타불명,기타불명,미분류,기타불명,보행자,여,76세,경상
2022012900100226,2022년 1월 29일 15시,토요일,서울특별시 서대문구 홍제동,중상사고,0,1,0,0,차대사람 - 기타,보행자보호의무위반,건조,맑음,교차로 - 교차로부근,승용,남,47세,상해없음,보행자,여,68세,중상
2022013000100108,2022년 1월 30일 13시,일요일,서울특별시 용산구 이태원동,경상사고,0,0,1,0,차대사람 - 기타,안전운전불이행,건조,맑음,단일로 - 기타,승용,남,67세,상해없음,보행자,남,74세,경상
2022013000100138,2022년 1월 30일 14시,일요일,서울특별시 구로구 오류동,중상사고,0,1,0,0,차대사람 - 횡단중,안전운전불이행,건조,맑음,교차로 - 교차로안,승용,여,22세,상해없음,보행자,여,65세,중상
2022013000100277,2022년 1월 30일 19시,일요일,서울특별시 서초구 염곡동,중상사고,0,1,0,0,차대사람 - 기타,기타,건조,맑음,단일로 - 기타,승용,남,53세,상해없음,보행자,여,85세,중상
2022013100100027,2022년 1월 31일 07시,월요일,서울특별시 강남구 신사동,경상사고,0,0,1,0,차대사람 - 길가장자리구역통행중,안전운전불이행,건조,맑음,기타 - 기타,기타불명,기타불명,미분류,기타불명,보행자,여,68세,경상
2022013100100214,2022년 1월 31일 18시,월요일,서울특별시 서대문구 남가좌동,중상사고,0,1,2,0,차대사람 - 기타,안전운전불이행,건조,맑음,단일로 - 기타,승용,여,54세,상해없음,보행자,여,74세,중상
2022020100100092,2022년 2월 1일 13시,화요일,서울특별시 구로구 구로동,경상사고,0,0,1,0,차대사람 - 기타,안전운전불이행,건조,맑음,단일로 - 기타,승용,여,52세,상해없음,보행자,남,67세,경상
2022020100100125,2022년 2월 1일 15시,화요일,서울특별시 강남구 대치동,부상신고사고,0,0,0,1,차대사람 - 기타,보행자보호의무위반,건조,맑음,교차로 - 교차로횡단보도내,승용,남,30세,상해없음,보행자,남,71세,부상신고
2022020100100183,2022년 2월 1일 19시,화요일,서울특별시 종로구 청운동,경상사고,0,0,1,0,차대사람 - 횡단중,신호위반,젖음/습기,맑음,교차로 - 교차로횡단보도내,원동기,남,28세,상해없음,보행자,여,80세,경상
2022020200100197,2022년 2월 2일 18시,수요일,서울특별시 중랑구 면목동,중상사고,0,1,0,0,차대사람 - 횡단중,보행자보호의무위반,건조,맑음,교차로 - 교차로안,승용,여,45세,상해없음,보행자,남,79세,중상
2022020200100225,2022년 2월 2일 19시,수요일,서울특별시 강서구 내발산동,중상사고,0,1,0,0,차대사람 - 차도통행중,안전운전불이행,건조,흐림,단일로 - 기타,이륜,남,62세,기타불명,보행자,여,85세,중상
2022020300100189,2022년 2월 3일 13시,목요일,서울특별시 중구 신당동,중상사고,0,1,0,0,차대사람 - 횡단중,안전운전불이행,건조,맑음,교차로 - 교차로부근,원동기,남,21세,기타불명,보행자,여,66세,중상
2022020300100218,2022년 2월 3일 14시,목요일,서울특별시 강북구 수유동,경상사고,0,0,1,0,차대사람 - 횡단중,안전운전불이행,건조,맑음,교차로 - 교차로안,승합,남,60세,상해없음,보행자,여,91세,경상
2022020300100219,2022년 2월 3일 14시,목요일,서울특별시 영등포구 대림동,중상사고,0,1,0,0,차대사람 - 기타,안전운전불이행,건조,맑음,교차로 - 교차로부근,승용,여,62세,상해없음,보행자,여,80세,중상
2022020300100245,2022년 2월 3일 15시,목요일,서울특별시 광진구 자양동,경상사고,0,0,1,0,차대사람 - 횡단중,보행자보호의무위반,건조,맑음,교차로 - 교차로부근,승용,여,31세,상해없음,보행자,여,72세,경상
2022020300100364,2022년 2월 3일 19시,목요일,서울특별시 중랑구 망우동,중상사고,0,1,0,0,차대사람 - 길가장자리구역통행중,안전운전불이행,건조,맑음,단일로 - 기타,승용,남,61세,상해없음,보행자,여,71세,중상
2022020300100414,2022년 2월 3일 21시,목요일,서울특별시 관악구 봉천동,경상사고,0,0,1,0,차대사람 - 횡단중,안전운전불이행,건조,맑음,교차로 - 교차로안,이륜,남,30세,상해없음,보행자,여,82세,경상
2022020400100022,2022년 2월 4일 06시,금요일,서울특별시 양천구 신정동,사망사고,1,0,0,0,차대사람 - 횡단중,안전운전불이행,건조,맑음,교차로 - 교차로횡단보도내,승용,남,35세,상해없음,보행자,남,73세,사망
2022020400100053,2022년 2월 4일 08시,금요일,서울특별시 도봉구 방학동,중상사고,0,1,0,0,차대사람 - 기타,안전운전불이행,건조,맑음,교차로 - 교차로안,승용,여,63세,상해없음,보행자,남,67세,중상
2022020400100074,2022년 2월 4일 09시,금요일,서울특별시 금천구 독산동,부상신고사고,0,0,0,1,차대사람 - 보도통행중,안전운전불이행,건조,맑음,기타 - 기타,기타불명,기타불명,미분류,기타불명,보행자,여,85세,부상신고
2022020400100076,2022년 2월 4일 09시,금요일,서울특별시 노원구 상계동,중상사고,0,1,0,0,차대사람 - 기타,안전운전불이행,건조,맑음,단일로 - 기타,승합,남,65세,상해없음,보행자,여,85세,중상
2022020400100216,2022년 2월 4일 14시,금요일,서울특별시 은평구 응암동,경상사고,0,0,1,0,차대사람 - 횡단중,안전운전불이행,건조,맑음,교차로 - 교차로부근,승용,여,42세,상해없음,보행자,여,85세,경상
2022020500100036,2022년 2월 5일 08시,토요일,서울특별시 성동구 도선동,중상사고,0,1,0,0,차대사람 - 횡단중,안전운전불이행,건조,맑음,단일로 - 기타,승용,남,44세,상해없음,보행자,여,76세,중상
2022020500100127,2022년 2월 5일 13시,토요일,서울특별시 은평구 역촌동,중상사고,0,1,0,0,차대사람 - 기타,안전운전불이행,건조,맑음,교차로 - 교차로부근,이륜,남,27세,상해없음,보행자,여,86세,중상