사고번호,사고일시,요일,시군구,사고내용,사망자수,중상자수,경상자수,부상신고자수,사고유형,법규위반,노면상태,기상상태,도로형태,가해운전자 차종,가해운전자 성별,가해운전자 연령,가해운전자 상해정도,피해운전자 차종,피해운전자 성별,피해운전자 연령,피해운전자 상해정도
2022042800100154,2022년 4월 28일 10시,목요일,서울특별시 동대문구 청량리동,중상사고,0,1,0,0,차대사람 - 횡단중,안전운전불이행,건조,맑음,단일로 - 기타,승용,남,75세,상해없음,보행자,남,72세,중상
2022042800100328,2022년 4월 28일 15시,목요일,서울특별시 은평구 갈현동,중상사고,0,1,0,0,차대사람 - 기타,안전운전불이행,건조,맑음,교차로 - 교차로횡단보도내,화물,남,50세,상해없음,보행자,남,74세,중상
2022042800100402,2022년 4월 28일 17시,목요일,서울특별시 강남구 역삼동,중상사고,0,1,0,0,차대사람 - 기타,안전운전불이행,건조,맑음,기타 - 기타,화물,남,32세,상해없음,보행자,여,74세,중상
2022042800100585,2022년 4월 28일 23시,목요일,서울특별시 종로구 숭인동,경상사고,0,0,1,0,차대사람 - 차도통행중,안전운전불이행,건조,맑음,단일로 - 기타,이륜,남,51세,상해없음,보행자,여,65세,경상
2022042900100194,2022년 4월 29일 10시,금요일,서울특별시 관악구 봉천동,중상사고,0,1,0,0,차대사람 - 횡단중,보행자보호의무위반,건조,맑음,교차로 - 교차로안,특수,남,64세,상해없음,보행자,여,83세,중상
2022042900100197,2022년 4월 29일 10시,금요일,서울특별시 강남구 개포동,중상사고,0,1,0,0,차대사람 - 기타,안전운전불이행,건조,맑음,교차로 - 교차로부근,승용,남,82세,상해없음,보행자,여,88세,중상
2022042900100261,2022년 4월 29일 12시,금요일,서울특별시 노원구 월계동,경상사고,0,0,1,1,차대사람 - 차도통행중,안전운전불이행,건조,흐림,단일로 - 기타,원동기,남,46세,경상,보행자,남,72세,부상신고
2022042900100327,2022년 4월 29일 14시,금요일,서울특별시 종로구 숭인동,경상사고,0,0,1,0,차대사람 - 기타,안전운전불이행,건조,맑음,단일로 - 기타,자전거,남,31세,기타불명,보행자,여,68세,경상
2022042900100330,2022년 4월 29일 14시,금요일,서울특별시 동대문구 전농동,중상사고,0,1,0,0,차대사람 - 기타,안전운전불이행,건조,맑음,단일로 - 기타,승용,남,73세,상해없음,보행자,여,79세,중상
2022042900100364,2022년 4월 29일 15시,금요일,서울특별시 성북구 동선동4가,중상사고,0,1,0,0,차대사람 - 보도통행중,기타,건조,흐림,단일로 - 기타,화물,남,70세,상해없음,보행자,남,74세,중상
2022042900100517,2022년 4월 29일 19시,금요일,서울특별시 강동구 명일동,중상사고,0,1,0,0,차대사람 - 보도통행중,안전운전불이행,건조,맑음,단일로 - 기타,자전거,남,31세,상해없음,보행자,여,75세,중상
2022042900100518,2022년 4월 29일 19시,금요일,서울특별시 성북구 석관동,경상사고,0,0,1,0,차대사람 - 차도통행중,안전운전불이행,건조,맑음,단일로 - 기타,승용,남,58세,상해없음,보행자,남,70세,경상
2022042900100551,2022년 4월 29일 20시,금요일,서울특별시 중구 황학동,중상사고,0,1,0,0,차대사람 - 기타,안전운전불이행,건조,맑음,단일로 - 기타,이륜,남,39세,상해없음,보행자,여,76세,중상
2022042900100589,2022년 4월 29일 21시,금요일,서울특별시 성동구 성수동2가,사망사고,1,0,0,0,차대사람 - 기타,안전운전불이행,건조,맑음,기타 - 기타,자전거,남,17세,상해없음,보행자,여,67세,사망
2022043000100171,2022년 4월 30일 12시,토요일,서울특별시 금천구 독산동,사망사고,1,0,0,0,차대사람 - 보도통행중,기타,건조,맑음,단일로 - 기타,건설기계,남,68세,상해없음,보행자,여,67세,사망
2022043000100213,2022년 4월 30일 13시,토요일,서울특별시 영등포구 대림동,경상사고,0,0,1,0,차대사람 - 길가장자리구역통행중,안전운전불이행,기타,기타,단일로 - 기타,승용,남,30세,상해없음,보행자,남,71세,경상
2022043000100263,2022년 4월 30일 14시,토요일,서울특별시 중랑구 묵동,중상사고,0,2,0,0,차대사람 - 기타,보행자보호의무위반,건조,맑음,교차로 - 교차로횡단보도내,승용,남,45세,상해없음,보행자,남,79세,중상
2022050100100213,2022년 5월 1일 14시,일요일,서울특별시 동대문구 제기동,경상사고,0,0,2,0,차대사람 - 횡단중,안전운전불이행,건조,맑음,단일로 - 기타,자전거,남,64세,상해없음,보행자,여,69세,경상
2022050100100214,2022년 5월 1일 14시,일요일,서울특별시 성동구 옥수동,경상사고,0,0,1,0,차대사람 - 횡단중,보행자보호의무위반,건조,맑음,기타 - 기타,승용,여,16세,상해없음,보행자,여,74세,경상
2022050100100281,2022년 5월 1일 16시,일요일,서울특별시 마포구 서교동,중상사고,0,1,0,0,차대사람 - 기타,안전운전불이행,건조,맑음,단일로 - 기타,승용,여,46세,상해없음,보행자,남,67세,중상
2022050100100283,2022년 5월 1일 16시,일요일,서울특별시 강서구 방화동,중상사고,0,1,0,0,차대사람 - 횡단중,안전운전불이행,건조,맑음,교차로 - 교차로횡단보도내,자전거,남,11세,상해없음,보행자,여,68세,중상
2022050100100285,2022년 5월 1일 16시,일요일,서울특별시 강서구 등촌동,경상사고,0,0,1,0,차대사람 - 보도통행중,안전운전불이행,건조,맑음,단일로 - 기타,이륜,남,62세,상해없음,보행자,여,69세,경상
2022050100100317,2022년 5월 1일 17시,일요일,서울특별시 영등포구 당산동3가,중상사고,0,1,0,0,차대사람 - 보도통행중,보행자보호의무위반,건조,맑음,교차로 - 교차로안,자전거,남,73세,상해없음,보행자,여,68세,중상
2022050200100023,2022년 5월 2일 04시,월요일,서울특별시 마포구 공덕동,중상사고,0,1,0,0,차대사람 - 기타,안전운전불이행,건조,맑음,단일로 - 기타,승용,남,72세,상해없음,보행자,남,85세,중상
2022050200100028,2022년 5월 2일 05시,월요일,서울특별시 구로구 구로동,부상신고사고,0,0,0,1,차대사람 - 횡단중,안전운전불이행,젖음/습기,흐림,단일로 - 기타,승용,남,39세,상해없음,보행자,여,81세,부상신고
2022050200100080,2022년 5월 2일 08시,월요일,서울특별시 노원구 중계동,경상사고,0,0,1,0,차대사람 - 횡단중,안전운전불이행,건조,맑음,교차로 - 교차로부근,화물,남,72세,상해없음,보행자,남,72세,경상
2022050200100261,2022년 5월 2일 13시,월요일,서울특별시 마포구 창전동,사망사고,1,0,0,0,차대사람 - 차도통행중,안전운전불이행,건조,맑음,교차로 - 교차로안,화물,남,55세,상해없음,보행자,남,83세,사망
2022050200100266,2022년 5월 2일 13시,월요일,서울특별시 노원구 월계동,경상사고,0,0,2,0,차대사람 - 기타,안전운전불이행,건조,맑음,단일로 - 기타,승용,여,65세,상해없음,보행자,여,79세,경상
2022050200100287,2022년 5월 2일 14시,월요일,서울특별시 동대문구 제기동,경상사고,0,0,1,0,차대사람 - 기타,안전운전불이행,건조,맑음,단일로 - 기타,승용,남,51세,상해없음,보행자,남,69세,경상
2022050200100372,2022년 5월 2일 16시,월요일,서울특별시 서대문구 북아현동,중상사고,0,1,0,0,차대사람 - 횡단중,안전운전불이행,건조,맑음,교차로 - 교차로안,승용,남,43세,상해없음,보행자,남,77세,중상
2022050200100412,2022년 5월 2일 17시,월요일,서울특별시 강서구 화곡동,중상사고,0,1,0,0,차대사람 - 횡단중,안전운전불이행,건조,맑음,교차로 - 교차로부근,이륜,남,29세,상해없음,보행자,여,81세,중상
2022050300100128,2022년 5월 3일 09시,화요일,서울특별시 강남구 신사동,중상사고,0,1,0,0,차대사람 - 기타,안전운전불이행,건조,맑음,단일로 - 기타,화물,남,48세,상해없음,보행자,남,66세,중상
2022050300100130,2022년 5월 3일 09시,화요일,서울특별시 양천구 목동,중상사고,0,1,0,0,차대사람 - 횡단중,안전운전불이행,건조,맑음,단일로 - 기타,승합,남,61세,상해없음,보행자,여,78세,중상
2022050300100230,2022년 5월 3일 12시,화요일,서울특별시 노원구 상계동,중상사고,0,1,0,0,차대사람 - 기타,보행자보호의무위반,건조,맑음,교차로 - 교차로횡단보도내,화물,남,42세,상해없음,보행자,여,79세,중상
2022050300100231,2022년 5월 3일 12시,화요일,서울특별시 도봉구 쌍문동,중상사고,0,1,0,0,차대사람 - 기타,안전운전불이행,건조,맑음,교차로 - 교차로안,승용,남,21세,상해없음,보행자,여,67세,중상
2022050300100233,2022년 5월 3일 12시,화요일,서울특별시 강남구 역삼동,중상사고,0,1,0,0,차대사람 - 기타,안전운전불이행,건조,맑음,단일로 - 기타,승용,여,62세,상해없음,보행자,여,68세,중상
2022050300100262,2022년 5월 3일 13시,화요일,서울특별시 서초구 양재동,중상사고,0,1,0,0,차대사람 - 기타,안전운전불이행,건조,흐림,단일로 - 기타,승용,남,46세,상해없음,보행자,여,75세,중상
2022050300100413,2022년 5월 3일 17시,화요일,서울특별시 강서구 화곡동,중상사고,0,1,0,0,차대사람 - 기타,안전운전불이행,건조,맑음,단일로 - 기타,승용,남,44세,상해없음,보행자,여,68세,중상
2022050400100250,2022년 5월 4일 11시,수요일,서울특별시 양천구 신정동,경상사고,0,0,1,0,차대사람 - 기타,안전운전불이행,건조,맑음,단일로 - 기타,화물,남,69세,상해없음,보행자,여,82세,경상
2022050400100282,2022년 5월 4일 12시,수요일,서울특별시 동대문구 용두동,경상사고,0,0,1,0,차대사람 - 기타,안전운전불이행,건조,맑음,단일로 - 기타,승합,남,58세,상해없음,보행자,여,65세,경상
2022050400100283,2022년 5월 4일 12시,수요일,서울특별시 관악구 봉천동,경상사고,0,0,1,0,차대사람 - 기타,안전운전불이행,건조,맑음,단일로 - 기타,승합,남,66세,상해없음,보행자,여,67세,경상
2022050400100317,2022년 5월 4일 13시,수요일,서울특별시 강남구 수서동,중상사고,0,1,0,0,차대사람 - 기타,안전운전불이행,건조,맑음,기타 - 기타,승용,여,64세,상해없음,보행자,여,75세,중상
2022050400100341,2022년 5월 4일 14시,수요일,서울특별시 종로구 창신동,경상사고,0,0,1,0,차대사람 - 기타,기타,건조,맑음,단일로 - 기타,이륜,남,66세,상해없음,보행자,여,80세,경상
2022050400100590,2022년 5월 4일 19시,수요일,서울특별시 구로구 오류동,중상사고,0,1,0,0,차대사람 - 기타,안전운전불이행,건조,맑음,교차로 - 교차로부근,승용,남,59세,상해없음,보행자,남,68세,중상
2022050400100626,2022년 5월 4일 20시,수요일,서울특별시 서초구 방배동,경상사고,0,0,1,0,차대사람 - 횡단중,안전운전불이행,건조,맑음,단일로 - 기타,승용,남,32세,상해없음,보행자,남,77세,경상
2022050500100019,2022년 5월 5일 01시,목요일,서울특별시 중구 을지로2가,경상사고,0,0,1,0,차대사람 - 기타,안전운전불이행,건조,맑음,단일로 - 기타,기타불명,기타불명,미분류,기타불명,보행자,남,65세,경상
2022050500100021,2022년 5월 5일 01시,목요일,서울특별시 중랑구 중화동,중상사고,0,1,0,0,차대사람 - 기타,안전운전불이행,건조,맑음,교차로 - 교차로부근,승용,남,42세,상해없음,보행자,남,67세,중상
2022050500100048,2022년 5월 5일 04시,목요일,서울특별시 금천구 독산동,경상사고,0,0,1,0,차대사람 - 기타,안전운전불이행,건조,맑음,단일로 - 기타,승용,남,37세,상해없음,보행자,여,65세,경상
2022050500100094,2022년 5월 5일 09시,목요일,서울특별시 중랑구 망우동,중상사고,0,1,0,0,차대사람 - 길가장자리구역통행중,안전운전불이행,건조,맑음,단일로 - 기타,승용,남,54세,상해없음,보행자,남,73세,중상
2022050500100136,2022년 5월 5일 11시,목요일,서울특별시 양천구 신정동,경상사고,0,0,1,0,차대사람 - 기타,안전운전불이행,건조,맑음,단일로 - 기타,화물,남,62세,상해없음,보행자,여,76세,경상
2022050500100283,2022년 5월 5일 15시,목요일,서울특별시 강남구 압구정동,경상사고,0,0,1,0,차대사람 - 기타,안전운전불이행,건조,맑음,교차로 - 교차로부근,승용,여,24세,상해없음,보행자,남,68세,경상
2022050500100463,2022년 5월 5일 20시,목요일,서울특별시 서초구 반포동,경상사고,0,0,1,0,차대사람 - 기타,안전운전불이행,건조,맑음,단일로 - 기타,승합,남,69세,상해없음,보행자,여,70세,경상
2022050600100069,2022년 5월 6일 08시,금요일,서울특별시 광진구 중곡동,경상사고,0,0,1,0,차대사람 - 기타,안전운전불이행,건조,맑음,주차장 - 주차장,승용,남,45세,상해없음,보행자,남,75세,경상
2022050600100103,2022년 5월 6일 09시,금요일,서울특별시 동작구 신대방동,중상사고,0,1,0,0,차대사람 - 기타,안전운전불이행,건조,기타,단일로 - 기타,화물,남,30세,상해없음,보행자,남,79세,중상
2022050600100104,2022년 5월 6일 09시,금요일,서울특별시 송파구 장지동,중상사고,0,1,0,0,차대사람 - 횡단중,안전운전불이행,건조,맑음,교차로 - 교차로부근,승용,남,83세,상해없음,보행자,여,82세,중상
2022050600100167,2022년 5월 6일 11시,금요일,서울특별시 은평구 신사동,중상사고,0,1,0,0,차대사람 - 기타,안전운전불이행,건조,맑음,단일로 - 기타,승용,남,19세,상해없음,보행자,여,91세,중상
2022050600100258,2022년 5월 6일 13시,금요일,서울특별시 광진구 구의동,경상사고,0,0,1,0,차대사람 - 기타,안전운전불이행,건조,맑음,기타 - 기타,화물,남,55세,상해없음,보행자,여,75세,경상
2022050600100259,2022년 5월 6일 13시,금요일,서울특별시 성동구 금호동2가,중상사고,0,1,0,0,차대사람 - 차도통행중,안전운전불이행,건조,맑음,단일로 - 기타,승용,여,50세,상해없음,보행자,여,75세,중상
2022050600100348,2022년 5월 6일 15시,금요일,서울특별시 동대문구 장안동,경상사고,0,0,1,0,차대사람 - 기타,안전운전불이행,건조,맑음,단일로 - 기타,화물,남,68세,상해없음,보행자,남,71세,경상
2022050600100581,2022년 5월 6일 20시,금요일,서울특별시 구로구 고척동,중상사고,0,1,0,0,차대사람 - 횡단중,안전운전불이행,건조,맑음,교차로 - 교차로안,승용,남,50세,상해없음,보행자,여,83세,중상
2022050700100057,2022년 5월 7일 07시,토요일,서울특별시 관악구 신림동,사망사고,1,0,0,0,차대사람 - 횡단중,교차로운행방법위반,건조,맑음,교차로 - 교차로횡단보도내,화물,남,55세,상해없음,보행자,여,80세,사망
2022050700100125,2022년 5월 7일 11시,토요일,서울특별시 관악구 봉천동,경상사고,0,0,1,0,차대사람 - 길가장자리구역통행중,안전운전불이행,건조,맑음,단일로 - 기타,승용,남,67세,상해없음,보행자,남,67세,경상
2022050700100404,2022년 5월 7일 18시,토요일,서울특별시 강동구 천호동,경상사고,0,0,1,0,차대사람 - 기타,신호위반,건조,맑음,단일로 - 기타,이륜,남,69세,상해없음,보행자,남,67세,경상
2022050800100048,2022년 5월 8일 06시,일요일,서울특별시 노원구 상계동,중상사고,0,1,0,0,차대사람 - 기타,안전운전불이행,건조,맑음,단일로 - 기타,승용,남,68세,상해없음,보행자,여,76세,중상
2022050800100245,2022년 5월 8일 15시,일요일,서울특별시 동대문구 이문동,경상사고,0,0,1,0,차대사람 - 기타,기타,건조,맑음,단일로 - 기타,승합,남,53세,기타불명,보행자,남,65세,경상
2022050800100425,2022년 5월 8일 21시,일요일,서울특별시 송파구 석촌동,경상사고,0,0,1,1,차대사람 - 횡단중,보행자보호의무위반,젖음/습기,비,단일로 - 기타,원동기,남,31세,부상신고,보행자,남,71세,경상
2022050900100127,2022년 5월 9일 09시,월요일,서울특별시 양천구 신정동,부상신고사고,0,0,0,1,차대사람 - 기타,안전운전불이행,건조,맑음,기타 - 기타,승용,여,31세,기타불명,보행자,여,74세,부상신고
2022050900100231,2022년 5월 9일 12시,월요일,서울특별시 중랑구 망우동,경상사고,0,0,1,0,차대사람 - 기타,안전운전불이행,건조,맑음,교차로 - 교차로부근,승용,남,46세,상해없음,보행자,여,71세,경상
2022050900100305,2022년 5월 9일 14시,월요일,서울특별시 강북구 미아동,중상사고,0,1,0,0,차대사람 - 횡단중,안전운전불이행,건조,맑음,교차로 - 교차로안,승용,남,54세,상해없음,보행자,여,71세,중상
2022050900100339,2022년 5월 9일 15시,월요일,서울특별시 서대문구 남가좌동,경상사고,0,0,1,0,차대사람 - 기타,신호위반,건조,맑음,교차로 - 교차로횡단보도내,승합,남,56세,상해없음,보행자,여,68세,경상
2022050900100340,2022년 5월 9일 15시,월요일,서울특별시 서대문구 연희동,중상사고,0,1,0,0,차대사람 - 차도통행중,안전운전불이행,건조,맑음,단일로 - 기타,화물,남,52세,상해없음,보행자,남,76세,중상
2022050900100550,2022년 5월 9일 20시,월요일,서울특별시 노원구 상계동,경상사고,0,0,1,0,차대사람 - 보도통행중,기타,건조,맑음,단일로 - 기타,이륜,여,55세,상해없음,보행자,여,69세,경상
2022051000100247,2022년 5월 10일 12시,화요일,서울특별시 노원구 월계동,중상사고,0,1,0,0,차대사람 - 기타,신호위반,건조,맑음,교차로 - 교차로안,승용,남,67세,상해없음,보행자,남,77세,중상
2022051000100347,2022년 5월 10일 15시,화요일,서울특별시 동대문구 제기동,중상사고,0,1,0,0,차대사람 - 기타,중앙선침범,건조,맑음,단일로 - 기타,이륜,남,73세,상해없음,보행자,남,65세,중상
2022051000100348,2022년 5월 10일 15시,화요일,서울특별시 동대문구 장안동,경상사고,0,0,1,0,차대사람 - 횡단중,보행자보호의무위반,건조,맑음,교차로 - 교차로안,승합,남,64세,상해없음,보행자,남,75세,경상
2022051000100439,2022년 5월 10일 17시,화요일,서울특별시 서초구 방배동,경상사고,0,0,1,0,차대사람 - 길가장자리구역통행중,안전운전불이행,건조,맑음,단일로 - 기타,승용,남,39세,상해없음,보행자,여,65세,경상
2022051000100511,2022년 5월 10일 19시,화요일,서울특별시 은평구 응암동,중상사고,0,1,0,0,차대사람 - 차도통행중,안전운전불이행,건조,맑음,단일로 - 기타,승용,남,39세,상해없음,보행자,여,84세,중상
2022051000100590,2022년 5월 10일 22시,화요일,서울특별시 강북구 미아동,부상신고사고,0,0,0,1,차대사람 - 기타,안전운전불이행,건조,맑음,단일로 - 기타,승용,남,55세,상해없음,보행자,남,77세,부상신고
2022051100100072,2022년 5월 11일 08시,수요일,서울특별시 광진구 중곡동,중상사고,0,1,0,0,차대사람 - 기타,안전운전불이행,건조,맑음,기타 - 기타,승용,여,33세,상해없음,보행자,여,65세,중상
2022051100100119,2022년 5월 11일 09시,수요일,서울특별시 송파구 석촌동,사망사고,1,0,0,0,차대사람 - 횡단중,안전운전불이행,건조,맑음,단일로 - 기타,승합,남,57세,상해없음,보행자,여,82세,사망
2022051100100148,2022년 5월 11일 10시,수요일,서울특별시 강북구 미아동,중상사고,0,1,0,0,차대사람 - 기타,안전운전불이행,건조,맑음,단일로 - 기타,자전거,남,68세,상해없음,보행자,여,80세,중상
2022051100100224,2022년 5월 11일 13시,수요일,서울특별시 서대문구 북가좌동,부상신고사고,0,0,0,1,차대사람 - 기타,안전운전불이행,건조,맑음,단일로 - 기타,승용,남,40세,상해없음,보행자,남,75세,부상신고
2022051100100229,2022년 5월 11일 13시,수요일,서울특별시 노원구 공릉동,중상사고,0,1,0,0,차대사람 - 기타,안전운전불이행,건조,맑음,단일로 - 기타,이륜,여,43세,상해없음,보행자,남,67세,중상
2022051100100260,2022년 5월 11일 14시,수요일,서울특별시 강서구 화곡동,경상사고,0,0,1,0,차대사람 - 기타,안전운전불이행,건조,맑음,단일로 - 기타,이륜,남,38세,상해없음,보행자,여,73세,경상
2022051100100331,2022년 5월 11일 16시,수요일,서울특별시 중랑구 중화동,경상사고,0,0,1,0,차대사람 - 기타,안전운전불이행,건조,맑음,단일로 - 지하차도(도로)내,화물,남,47세,상해없음,보행자,남,69세,경상
2022051100100383,2022년 5월 11일 17시,수요일,서울특별시 중랑구 중화동,중상사고,0,1,0,0,차대사람 - 보도통행중,안전운전불이행,건조,맑음,단일로 - 기타,자전거,여,12세,상해없음,보행자,여,82세,중상
2022051100100542,2022년 5월 11일 22시,수요일,서울특별시 서대문구 충정로3가,중상사고,0,1,0,0,차대사람 - 횡단중,안전운전불이행,건조,맑음,단일로 - 기타,이륜,남,54세,상해없음,보행자,남,85세,중상
2022051200100066,2022년 5월 12일 07시,목요일,서울특별시 강서구 내발산동,경상사고,0,0,1,0,차대사람 - 기타,안전운전불이행,건조,맑음,미분류 - 미분류,화물,남,52세,상해없음,보행자,남,72세,경상
2022051200100130,2022년 5월 12일 09시,목요일,서울특별시 강북구 미아동,경상사고,0,0,1,0,차대사람 - 기타,보행자보호의무위반,건조,맑음,단일로 - 기타,승용,남,57세,상해없음,보행자,여,68세,경상
2022051200100134,2022년 5월 12일 09시,목요일,서울특별시 금천구 시흥동,경상사고,0,0,1,0,차대사람 - 기타,안전운전불이행,건조,맑음,교차로 - 교차로부근,화물,남,67세,상해없음,보행자,남,83세,경상
2022051300100080,2022년 5월 13일 08시,금요일,서울특별시 동작구 상도동,경상사고,0,0,1,0,차대사람 - 기타,안전운전불이행,건조,맑음,주차장 - 주차장,승용,여,51세,상해없음,보행자,여,72세,경상
2022051300100194,2022년 5월 13일 11시,금요일,서울특별시 동작구 신대방동,중상사고,0,1,0,0,차대사람 - 차도통행중,안전운전불이행,건조,맑음,교차로 - 교차로부근,화물,남,52세,상해없음,보행자,남,69세,중상
2022051300100196,2022년 5월 13일 11시,금요일,서울특별시 송파구 마천동,경상사고,0,0,1,0,차대사람 - 보도통행중,신호위반,건조,맑음,교차로 - 교차로안,화물,남,66세,상해없음,보행자,여,76세,경상
2022051300100639,2022년 5월 13일 22시,금요일,서울특별시 송파구 잠실동,경상사고,0,0,1,0,차대사람 - 보도통행중,기타,건조,맑음,단일로 - 기타,자전거,남,14세,상해없음,보행자,남,78세,경상
2022051400100056,2022년 5월 14일 04시,토요일,서울특별시 구로구 개봉동,중상사고,0,1,0,0,차대사람 - 보도통행중,기타,건조,맑음,기타 - 기타,화물,남,37세,상해없음,보행자,여,72세,중상
2022051400100118,2022년 5월 14일 09시,토요일,서울특별시 관악구 신림동,경상사고,0,0,1,0,차대사람 - 기타,안전운전불이행,건조,맑음,기타 - 기타,승용,남,52세,상해없음,보행자,여,66세,경상
2022051400100220,2022년 5월 14일 12시,토요일,서울특별시 영등포구 신길동,중상사고,0,1,0,0,차대사람 - 보도통행중,보행자보호의무위반,건조,맑음,단일로 - 기타,승용,여,34세,상해없음,보행자,여,75세,중상
2022051400100554,2022년 5월 14일 20시,토요일,서울특별시 중랑구 면목동,중상사고,0,1,0,0,차대사람 - 횡단중,안전운전불이행,건조,맑음,단일로 - 기타,이륜,남,20세,상해없음,보행자,여,77세,중상
2022051500100001,2022년 5월 15일 00시,일요일,서울특별시 종로구 종로2가,중상사고,0,1,0,0,차대사람 - 횡단중,안전운전불이행,건조,맑음,단일로 - 기타,승용,남,67세,상해없음,보행자,남,65세,중상
2022051500100127,2022년 5월 15일 10시,일요일,서울특별시 중랑구 면목동,경상사고,0,0,1,0,차대사람 - 보도통행중,기타,건조,맑음,기타 - 기타,이륜,남,47세,상해없음,보행자,여,74세,경상
2022051500100181,2022년 5월 15일 12시,일요일,서울특별시 강북구 미아동,중상사고,0,1,0,0,차대사람 - 차도통행중,안전운전불이행,건조,맑음,단일로 - 기타,이륜,남,38세,상해없음,보행자,여,77세,중상
2022051500100244,2022년 5월 15일 14시,일요일,서울특별시 강북구 수유동,경상사고,0,0,1,0,차대사람 - 차도통행중,안전운전불이행,건조,맑음,단일로 - 기타,승합,남,47세,상해없음,보행자,남,66세,경상
2022051500100346,2022년 5월 15일 17시,일요일,서울특별시 동대문구 휘경동,중상사고,0,1,0,0,차대사람 - 기타,안전운전불이행,건조,맑음,단일로 - 기타,자전거,남,63세,상해없음,보행자,여,77세,중상
2022051500100349,2022년 5월 15일 17시,일요일,서울특별시 동작구 사당동,중상사고,0,1,0,0,차대사람 - 기타,안전운전불이행,건조,맑음,단일로 - 기타,자전거,남,15세,기타불명,보행자,남,81세,중상
2022051500100390,2022년 5월 15일 18시,일요일,서울특별시 금천구 시흥동,중상사고,0,1,0,0,차대사람 - 기타,안전운전불이행,건조,맑음,단일로 - 기타,이륜,남,21세,상해없음,보행자,남,71세,중상
2022051600100180,2022년 5월 16일 10시,월요일,서울특별시 강남구 대치동,부상신고사고,0,0,0,1,차대사람 - 횡단중,안전운전불이행,건조,맑음,단일로 - 기타,승용,여,52세,상해없음,보행자,남,78세,부상신고
2022051600100202,2022년 5월 16일 11시,월요일,서울특별시 동작구 사당동,경상사고,0,0,1,0,차대사람 - 길가장자리구역통행중,안전운전불이행,건조,맑음,단일로 - 기타,승용,남,80세,상해없음,보행자,남,65세,경상
2022051600100205,2022년 5월 16일 11시,월요일,서울특별시 송파구 송파동,경상사고,0,0,1,0,차대사람 - 보도통행중,기타,건조,맑음,단일로 - 기타,승용,남,67세,상해없음,보행자,여,67세,경상
2022051600100336,2022년 5월 16일 15시,월요일,서울특별시 송파구 마천동,중상사고,0,1,0,0,차대사람 - 차도통행중,안전운전불이행,건조,맑음,단일로 - 기타,개인형이동수단(PM),남,31세,상해없음,보행자,여,83세,중상
2022051600100418,2022년 5월 16일 17시,월요일,서울특별시 강남구 신사동,중상사고,0,1,0,0,차대사람 - 기타,안전운전불이행,건조,맑음,교차로 - 교차로안,승용,남,52세,상해없음,보행자,여,75세,중상
2022051700100153,2022년 5월 17일 10시,화요일,서울특별시 송파구 방이동,중상사고,0,1,0,0,차대사람 - 기타,보행자보호의무위반,건조,맑음,단일로 - 기타,화물,남,66세,상해없음,보행자,남,76세,중상
2022051700100258,2022년 5월 17일 13시,화요일,서울특별시 은평구 갈현동,중상사고,0,1,0,0,차대사람 - 기타,안전운전불이행,건조,맑음,기타 - 기타,자전거,남,20세,상해없음,보행자,여,80세,중상
2022051700100322,2022년 5월 17일 15시,화요일,서울특별시 금천구 독산동,경상사고,0,0,1,0,차대사람 - 기타,안전운전불이행,건조,맑음,단일로 - 기타,승합,남,43세,상해없음,보행자,남,75세,경상
2022051700100359,2022년 5월 17일 16시,화요일,서울특별시 중구 신당동,부상신고사고,0,0,0,1,차대사람 - 기타,안전운전불이행,건조,맑음,단일로 - 기타,승용,남,68세,상해없음,보행자,남,68세,부상신고
2022051700100391,2022년 5월 17일 17시,화요일,서울특별시 은평구 응암동,중상사고,0,1,0,0,차대사람 - 횡단중,안전운전불이행,건조,맑음,교차로 - 교차로안,화물,남,27세,상해없음,보행자,여,65세,중상
2022051700100457,2022년 5월 17일 18시,화요일,서울특별시 관악구 신림동,중상사고,0,1,0,0,차대사람 - 기타,안전운전불이행,건조,맑음,미분류 - 미분류,승용,남,45세,기타불명,보행자,남,73세,중상
2022051700100459,2022년 5월 17일 18시,화요일,서울특별시 노원구 하계동,중상사고,0,1,1,0,차대사람 - 횡단중,안전운전불이행,건조,맑음,단일로 - 기타,자전거,남,47세,경상,보행자,여,69세,중상
2022051800100092,2022년 5월 18일 08시,수요일,서울특별시 노원구 상계동,부상신고사고,0,0,0,1,차대사람 - 기타,안전운전불이행,건조,맑음,교차로 - 교차로안,승용,여,55세,상해없음,보행자,여,80세,부상신고
2022051800100140,2022년 5월 18일 09시,수요일,서울특별시 도봉구 쌍문동,중상사고,0,1,0,0,차대사람 - 횡단중,안전운전불이행,젖음/습기,비,교차로 - 교차로부근,승용,남,41세,상해없음,보행자,남,83세,중상
2022051800100269,2022년 5월 18일 14시,수요일,서울특별시 광진구 자양동,중상사고,0,1,0,0,차대사람 - 횡단중,안전운전불이행,건조,맑음,교차로 - 교차로안,이륜,남,33세,상해없음,보행자,여,69세,중상
2022051800100406,2022년 5월 18일 17시,수요일,서울특별시 동대문구 휘경동,중상사고,0,1,0,0,차대사람 - 기타,안전운전불이행,건조,맑음,단일로 - 기타,자전거,남,33세,상해없음,보행자,여,65세,중상