사고번호,사고일시,요일,시군구,사고내용,사망자수,중상자수,경상자수,부상신고자수,사고유형,법규위반,노면상태,기상상태,도로형태,가해운전자 차종,가해운전자 성별,가해운전자 연령,가해운전자 상해정도,피해운전자 차종,피해운전자 성별,피해운전자 연령,피해운전자 상해정도
2022051800100509,2022년 5월 18일 19시,수요일,서울특별시 중랑구 망우동,중상사고,0,1,0,0,차대사람 - 기타,신호위반,건조,맑음,교차로 - 교차로부근,화물,남,51세,상해없음,보행자,여,74세,중상
2022051800100583,2022년 5월 18일 22시,수요일,서울특별시 강북구 미아동,중상사고,0,1,0,0,차대사람 - 횡단중,안전운전불이행,건조,맑음,단일로 - 기타,이륜,남,47세,상해없음,보행자,남,69세,중상
2022051900100145,2022년 5월 19일 09시,목요일,서울특별시 강동구 명일동,중상사고,0,1,0,0,차대사람 - 보도통행중,안전운전불이행,건조,맑음,기타 - 기타,자전거,기타불명,미분류,기타불명,보행자,여,74세,중상
2022051900100372,2022년 5월 19일 17시,목요일,서울특별시 용산구 문배동,중상사고,0,1,0,0,차대사람 - 차도통행중,안전운전불이행,건조,맑음,기타 - 기타,승용,여,25세,기타불명,보행자,남,76세,중상
2022052000100093,2022년 5월 20일 08시,금요일,서울특별시 강북구 수유동,중상사고,0,1,0,0,차대사람 - 횡단중,안전운전불이행,건조,맑음,교차로 - 교차로부근,특수,남,69세,상해없음,보행자,남,71세,중상
2022052000100096,2022년 5월 20일 08시,금요일,서울특별시 마포구 망원동,경상사고,0,0,1,0,차대사람 - 기타,기타,건조,맑음,단일로 - 기타,자전거,남,52세,상해없음,보행자,여,83세,경상
2022052000100173,2022년 5월 20일 10시,금요일,서울특별시 광진구 광장동,경상사고,0,0,1,0,차대사람 - 기타,안전운전불이행,건조,맑음,단일로 - 교량,승용,남,64세,상해없음,보행자,여,71세,경상
2022052000100296,2022년 5월 20일 14시,금요일,서울특별시 도봉구 도봉동,경상사고,0,0,1,0,차대사람 - 횡단중,보행자보호의무위반,건조,맑음,교차로 - 교차로횡단보도내,승용,남,55세,상해없음,보행자,여,69세,경상
2022052000100327,2022년 5월 20일 15시,금요일,서울특별시 동대문구 전농동,중상사고,0,1,0,0,차대사람 - 기타,안전운전불이행,건조,맑음,단일로 - 기타,승합,남,55세,상해없음,보행자,여,77세,중상
2022052000100370,2022년 5월 20일 16시,금요일,서울특별시 동대문구 용두동,중상사고,0,1,0,0,차대사람 - 기타,안전운전불이행,건조,맑음,교차로 - 교차로안,승용,여,59세,상해없음,보행자,여,71세,중상
2022052000100476,2022년 5월 20일 18시,금요일,서울특별시 용산구 용산동5가,중상사고,0,1,0,0,차대사람 - 횡단중,보행자보호의무위반,건조,맑음,기타 - 기타,화물,남,80세,기타불명,보행자,남,74세,중상
2022052000100543,2022년 5월 20일 19시,금요일,서울특별시 금천구 시흥동,경상사고,0,0,1,0,차대사람 - 기타,기타,건조,맑음,단일로 - 기타,승합,남,59세,상해없음,보행자,남,87세,경상
2022052000100637,2022년 5월 20일 22시,금요일,서울특별시 마포구 도화동,중상사고,0,1,0,0,차대사람 - 횡단중,안전운전불이행,건조,맑음,기타 - 기타,승용,남,66세,상해없음,보행자,남,65세,중상
2022052100100084,2022년 5월 21일 08시,토요일,서울특별시 동대문구 휘경동,경상사고,0,0,1,0,차대사람 - 기타,안전운전불이행,건조,맑음,교차로 - 교차로안,화물,남,57세,상해없음,보행자,남,80세,경상
2022052100100085,2022년 5월 21일 08시,토요일,서울특별시 성동구 금호동4가,경상사고,0,0,1,0,차대사람 - 기타,안전운전불이행,건조,맑음,단일로 - 기타,승합,여,66세,상해없음,보행자,여,72세,경상
2022052100100468,2022년 5월 21일 18시,토요일,서울특별시 송파구 신천동,경상사고,0,0,1,0,차대사람 - 기타,안전운전불이행,건조,맑음,교차로 - 교차로안,자전거,남,14세,상해없음,보행자,남,83세,경상
2022052100100495,2022년 5월 21일 19시,토요일,서울특별시 동대문구 청량리동,경상사고,0,0,1,0,차대사람 - 기타,안전운전불이행,건조,맑음,교차로 - 교차로부근,승용,남,64세,상해없음,보행자,남,66세,경상
2022052200100116,2022년 5월 22일 11시,일요일,서울특별시 금천구 시흥동,부상신고사고,0,0,0,1,차대사람 - 기타,안전운전불이행,건조,맑음,단일로 - 기타,승용,남,63세,상해없음,보행자,남,66세,부상신고
2022052200100221,2022년 5월 22일 14시,일요일,서울특별시 강남구 수서동,부상신고사고,0,0,0,1,차대사람 - 기타,안전운전불이행,건조,맑음,기타 - 기타,자전거,남,46세,상해없음,보행자,남,71세,부상신고
2022052200100253,2022년 5월 22일 15시,일요일,서울특별시 중랑구 면목동,부상신고사고,0,0,0,1,차대사람 - 횡단중,안전운전불이행,건조,맑음,기타 - 기타,자전거,남,54세,상해없음,보행자,여,79세,부상신고
2022052200100281,2022년 5월 22일 16시,일요일,서울특별시 종로구 종로5가,부상신고사고,0,0,0,1,차대사람 - 기타,안전운전불이행,건조,맑음,단일로 - 기타,승용,남,54세,상해없음,보행자,남,68세,부상신고
2022052200100285,2022년 5월 22일 16시,일요일,서울특별시 동작구 노량진동,경상사고,0,0,1,0,차대사람 - 기타,안전운전불이행,건조,맑음,단일로 - 기타,승용,남,57세,상해없음,보행자,여,74세,경상
2022052200100370,2022년 5월 22일 18시,일요일,서울특별시 중랑구 중화동,중상사고,0,1,0,0,차대사람 - 기타,보행자보호의무위반,건조,맑음,교차로 - 교차로횡단보도내,승용,남,64세,상해없음,보행자,여,69세,중상
2022052300100135,2022년 5월 23일 09시,월요일,서울특별시 도봉구 방학동,경상사고,0,0,1,0,차대사람 - 기타,안전운전불이행,건조,맑음,기타 - 기타,승용,남,27세,상해없음,보행자,남,79세,경상
2022052300100377,2022년 5월 23일 16시,월요일,서울특별시 중구 남창동,경상사고,0,0,1,0,차대사람 - 기타,안전운전불이행,건조,맑음,단일로 - 기타,승합,남,59세,상해없음,보행자,여,74세,경상
2022052400100067,2022년 5월 24일 08시,화요일,서울특별시 동대문구 용두동,중상사고,0,1,0,0,차대사람 - 보도통행중,보행자보호의무위반,건조,맑음,교차로 - 교차로횡단보도내,화물,남,35세,상해없음,보행자,여,74세,중상
2022052400100230,2022년 5월 24일 12시,화요일,서울특별시 중랑구 면목동,중상사고,0,1,0,0,차대사람 - 기타,안전운전불이행,건조,맑음,교차로 - 교차로안,화물,남,52세,상해없음,보행자,여,76세,중상
2022052400100327,2022년 5월 24일 15시,화요일,서울특별시 은평구 응암동,중상사고,0,1,0,0,차대사람 - 차도통행중,안전운전불이행,건조,맑음,단일로 - 기타,승용,남,51세,상해없음,보행자,여,86세,중상
2022052400100329,2022년 5월 24일 15시,화요일,서울특별시 성동구 금호동3가,중상사고,0,1,0,0,차대사람 - 횡단중,보행자보호의무위반,건조,맑음,교차로 - 교차로횡단보도내,승용,남,23세,상해없음,보행자,여,71세,중상
2022052400100331,2022년 5월 24일 15시,화요일,서울특별시 강동구 길동,중상사고,0,1,0,0,차대사람 - 횡단중,안전운전불이행,건조,맑음,교차로 - 교차로부근,승용,남,44세,상해없음,보행자,여,83세,중상
2022052500100162,2022년 5월 25일 10시,수요일,서울특별시 성동구 행당동,부상신고사고,0,0,0,1,차대사람 - 보도통행중,안전운전불이행,건조,맑음,단일로 - 기타,승용,여,62세,상해없음,보행자,여,68세,부상신고
2022052500100346,2022년 5월 25일 15시,수요일,서울특별시 중구 신당동,중상사고,0,1,0,0,차대사람 - 기타,보행자보호의무위반,건조,맑음,단일로 - 기타,승용,여,73세,상해없음,보행자,여,65세,중상
2022052500100388,2022년 5월 25일 16시,수요일,서울특별시 금천구 시흥동,중상사고,0,1,0,0,차대사람 - 기타,안전운전불이행,건조,흐림,단일로 - 기타,승용,남,64세,상해없음,보행자,남,67세,중상
2022052500100523,2022년 5월 25일 19시,수요일,서울특별시 중랑구 면목동,중상사고,0,1,0,0,차대사람 - 차도통행중,안전운전불이행,건조,맑음,단일로 - 기타,이륜,남,24세,기타불명,보행자,여,73세,중상
2022052500100559,2022년 5월 25일 20시,수요일,서울특별시 양천구 신월동,중상사고,0,1,0,0,차대사람 - 기타,보행자보호의무위반,젖음/습기,비,교차로 - 교차로횡단보도내,승용,남,19세,상해없음,보행자,여,67세,중상
2022052500100596,2022년 5월 25일 21시,수요일,서울특별시 동작구 노량진동,경상사고,0,0,1,0,차대사람 - 기타,안전운전불이행,건조,기타,단일로 - 기타,승용,남,20세,상해없음,보행자,남,70세,경상
2022052600100155,2022년 5월 26일 09시,목요일,서울특별시 성북구 종암동,중상사고,0,1,0,0,차대사람 - 기타,안전운전불이행,건조,맑음,단일로 - 기타,승용,여,44세,상해없음,보행자,남,75세,중상
2022052600100213,2022년 5월 26일 11시,목요일,서울특별시 영등포구 영등포동4가,경상사고,0,0,1,0,차대사람 - 차도통행중,안전운전불이행,건조,맑음,단일로 - 기타,승용,남,39세,상해없음,보행자,남,68세,경상
2022052600100303,2022년 5월 26일 14시,목요일,서울특별시 동대문구 장안동,경상사고,0,0,1,0,차대사람 - 기타,안전운전불이행,건조,맑음,단일로 - 기타,승합,남,36세,상해없음,보행자,여,69세,경상
2022052600100420,2022년 5월 26일 17시,목요일,서울특별시 서대문구 북가좌동,부상신고사고,0,0,0,1,차대사람 - 기타,안전운전불이행,건조,기타,단일로 - 기타,개인형이동수단(PM),남,24세,상해없음,보행자,남,69세,부상신고
2022052600100428,2022년 5월 26일 17시,목요일,서울특별시 도봉구 쌍문동,경상사고,0,0,1,0,차대사람 - 보도통행중,기타,건조,맑음,단일로 - 기타,승용,남,45세,상해없음,보행자,남,71세,경상
2022052700100096,2022년 5월 27일 08시,금요일,서울특별시 강서구 내발산동,부상신고사고,0,0,0,1,차대사람 - 기타,안전운전불이행,건조,맑음,단일로 - 기타,승합,남,34세,상해없음,보행자,여,79세,부상신고
2022052700100100,2022년 5월 27일 08시,금요일,서울특별시 강남구 역삼동,경상사고,0,0,1,0,차대사람 - 기타,안전운전불이행,건조,맑음,단일로 - 기타,화물,여,65세,상해없음,보행자,남,72세,경상
2022052700100172,2022년 5월 27일 10시,금요일,서울특별시 구로구 구로동,경상사고,0,0,1,0,차대사람 - 기타,안전운전불이행,건조,맑음,단일로 - 기타,승용,남,66세,상해없음,보행자,여,79세,경상
2022052700100324,2022년 5월 27일 15시,금요일,서울특별시 은평구 녹번동,경상사고,0,0,1,0,차대사람 - 횡단중,안전운전불이행,건조,맑음,단일로 - 기타,승용,여,45세,상해없음,보행자,여,82세,경상
2022052700100327,2022년 5월 27일 15시,금요일,서울특별시 성동구 하왕십리동,경상사고,0,0,1,0,차대사람 - 기타,신호위반,건조,맑음,교차로 - 교차로부근,승용,남,50세,상해없음,보행자,남,79세,경상
2022052700100513,2022년 5월 27일 18시,금요일,서울특별시 동작구 사당동,경상사고,0,0,1,0,차대사람 - 차도통행중,안전운전불이행,건조,맑음,단일로 - 기타,승용,남,60세,상해없음,보행자,여,76세,경상
2022052700100517,2022년 5월 27일 18시,금요일,서울특별시 강서구 내발산동,부상신고사고,0,0,0,1,차대사람 - 보도통행중,안전운전불이행,건조,맑음,교차로 - 교차로부근,이륜,기타불명,미분류,기타불명,보행자,여,73세,부상신고
2022052700100558,2022년 5월 27일 19시,금요일,서울특별시 광진구 자양동,경상사고,0,0,1,0,차대사람 - 기타,기타,건조,맑음,기타 - 기타,자전거,남,58세,상해없음,보행자,여,83세,경상
2022052700100601,2022년 5월 27일 20시,금요일,서울특별시 관악구 봉천동,경상사고,0,0,1,0,차대사람 - 기타,안전운전불이행,건조,맑음,교차로 - 교차로부근,승용,남,68세,상해없음,보행자,남,67세,경상
2022052700100654,2022년 5월 27일 22시,금요일,서울특별시 중랑구 상봉동,중상사고,0,1,0,0,차대사람 - 차도통행중,안전운전불이행,건조,맑음,교차로 - 교차로안,승용,남,49세,상해없음,보행자,여,74세,중상
2022052800100097,2022년 5월 28일 09시,토요일,서울특별시 서대문구 북가좌동,중상사고,0,1,0,0,차대사람 - 횡단중,안전운전불이행,건조,맑음,교차로 - 교차로부근,화물,남,51세,상해없음,보행자,여,75세,중상
2022052800100212,2022년 5월 28일 12시,토요일,서울특별시 중구 봉래동2가,중상사고,0,1,0,0,차대사람 - 기타,안전운전불이행,건조,맑음,단일로 - 기타,승용,남,77세,상해없음,보행자,남,70세,중상
2022052800100490,2022년 5월 28일 19시,토요일,서울특별시 영등포구 영등포동3가,중상사고,0,1,0,0,차대사람 - 횡단중,안전운전불이행,건조,맑음,교차로 - 교차로횡단보도내,승용,남,59세,상해없음,보행자,여,65세,중상
2022052800100521,2022년 5월 28일 20시,토요일,서울특별시 종로구 재동,중상사고,0,1,0,0,차대사람 - 차도통행중,안전운전불이행,건조,흐림,교차로 - 교차로부근,승용,남,71세,상해없음,보행자,남,83세,중상
2022052900100133,2022년 5월 29일 11시,일요일,서울특별시 광진구 구의동,경상사고,0,0,1,0,차대사람 - 차도통행중,안전운전불이행,건조,맑음,단일로 - 기타,원동기,남,21세,상해없음,보행자,여,75세,경상
2022052900100135,2022년 5월 29일 11시,일요일,서울특별시 도봉구 도봉동,중상사고,0,1,0,1,차대사람 - 횡단중,안전운전불이행,건조,맑음,기타 - 기타,자전거,남,51세,부상신고,보행자,여,72세,중상
2022052900100411,2022년 5월 29일 20시,일요일,서울특별시 마포구 중동,경상사고,0,0,1,0,차대사람 - 횡단중,안전운전불이행,건조,맑음,단일로 - 기타,자전거,남,34세,상해없음,보행자,여,74세,경상
2022053000100154,2022년 5월 30일 11시,월요일,서울특별시 강서구 마곡동,경상사고,0,0,1,0,차대사람 - 차도통행중,안전운전불이행,건조,맑음,기타 - 기타,승용,여,42세,상해없음,보행자,남,69세,경상
2022053000100181,2022년 5월 30일 12시,월요일,서울특별시 서대문구 창천동,경상사고,0,0,1,0,차대사람 - 횡단중,보행자보호의무위반,건조,맑음,교차로 - 교차로횡단보도내,승용,남,41세,상해없음,보행자,여,72세,경상
2022053100100024,2022년 5월 31일 04시,화요일,서울특별시 송파구 가락동,사망사고,1,0,0,0,차대사람 - 횡단중,안전운전불이행,건조,맑음,단일로 - 기타,승용,여,56세,상해없음,보행자,여,80세,사망
2022053100100041,2022년 5월 31일 06시,화요일,서울특별시 구로구 구로동,중상사고,0,3,1,0,차대사람 - 보도통행중,기타,건조,맑음,기타 - 기타,화물,남,72세,중상,보행자,남,67세,중상
2022053100100180,2022년 5월 31일 10시,화요일,서울특별시 용산구 한남동,중상사고,0,1,0,0,차대사람 - 기타,안전운전불이행,건조,맑음,단일로 - 기타,승용,여,56세,상해없음,보행자,여,67세,중상
2022053100100258,2022년 5월 31일 12시,화요일,서울특별시 노원구 공릉동,경상사고,0,0,1,0,차대사람 - 기타,안전운전불이행,건조,맑음,단일로 - 기타,개인형이동수단(PM),여,18세,상해없음,보행자,여,66세,경상
2022053100100289,2022년 5월 31일 13시,화요일,서울특별시 금천구 시흥동,중상사고,0,1,0,0,차대사람 - 차도통행중,안전운전불이행,건조,맑음,단일로 - 기타,승용,여,66세,상해없음,보행자,여,79세,중상
2022053100100366,2022년 5월 31일 15시,화요일,서울특별시 강서구 화곡동,부상신고사고,0,0,0,1,차대사람 - 기타,안전운전불이행,건조,맑음,기타 - 기타,승합,남,57세,상해없음,보행자,여,80세,부상신고
2022053100100609,2022년 5월 31일 20시,화요일,서울특별시 성동구 상왕십리동,경상사고,0,0,1,0,차대사람 - 횡단중,안전운전불이행,건조,맑음,단일로 - 기타,승용,남,47세,상해없음,보행자,남,66세,경상
2022060100100075,2022년 6월 1일 05시,수요일,서울특별시 강서구 화곡동,경상사고,0,0,2,0,차대사람 - 기타,안전운전불이행,건조,맑음,교차로 - 교차로안,승용,남,61세,상해없음,보행자,남,74세,경상
2022060100100360,2022년 6월 1일 16시,수요일,서울특별시 송파구 삼전동,경상사고,0,0,1,0,차대사람 - 기타,안전운전불이행,건조,맑음,단일로 - 기타,승용,남,64세,상해없음,보행자,남,74세,경상
2022060100100400,2022년 6월 1일 17시,수요일,서울특별시 송파구 방이동,중상사고,0,1,0,0,차대사람 - 기타,안전운전불이행,건조,맑음,단일로 - 기타,승용,남,49세,상해없음,보행자,여,77세,중상
2022060100100544,2022년 6월 1일 22시,수요일,서울특별시 성북구 동소문동1가,중상사고,0,1,0,0,차대사람 - 횡단중,안전운전불이행,건조,맑음,단일로 - 기타,이륜,남,29세,상해없음,보행자,남,78세,중상
2022060200100068,2022년 6월 2일 08시,목요일,서울특별시 동대문구 제기동,경상사고,0,0,1,0,차대사람 - 보도통행중,기타,건조,맑음,기타 - 기타,자전거,남,74세,상해없음,보행자,여,77세,경상
2022060200100139,2022년 6월 2일 10시,목요일,서울특별시 양천구 목동,사망사고,1,0,0,0,차대사람 - 기타,안전운전불이행,건조,맑음,단일로 - 기타,승합,남,57세,상해없음,보행자,여,84세,사망
2022060200100332,2022년 6월 2일 16시,목요일,서울특별시 중랑구 망우동,경상사고,0,0,1,0,차대사람 - 길가장자리구역통행중,안전운전불이행,건조,맑음,교차로 - 교차로부근,승용,여,63세,상해없음,보행자,남,65세,경상
2022060200100379,2022년 6월 2일 17시,목요일,서울특별시 강북구 번동,중상사고,0,1,0,0,차대사람 - 기타,안전운전불이행,건조,맑음,단일로 - 기타,이륜,남,19세,기타불명,보행자,남,74세,중상
2022060200100489,2022년 6월 2일 19시,목요일,서울특별시 송파구 송파동,중상사고,0,1,0,0,차대사람 - 차도통행중,안전운전불이행,건조,기타,교차로 - 교차로안,화물,여,57세,상해없음,보행자,여,77세,중상
2022060200100572,2022년 6월 2일 22시,목요일,서울특별시 강북구 미아동,경상사고,0,0,1,0,차대사람 - 횡단중,보행자보호의무위반,건조,맑음,교차로 - 교차로횡단보도내,승합,남,55세,상해없음,보행자,여,72세,경상
2022060300100004,2022년 6월 3일 00시,금요일,서울특별시 강동구 명일동,중상사고,0,1,0,0,차대사람 - 기타,안전운전불이행,건조,맑음,단일로 - 기타,승합,남,49세,상해없음,보행자,여,73세,중상
2022060300100055,2022년 6월 3일 07시,금요일,서울특별시 강서구 화곡동,경상사고,0,0,1,0,차대사람 - 보도통행중,기타,건조,맑음,단일로 - 기타,이륜,남,53세,상해없음,보행자,여,71세,경상
2022060300100076,2022년 6월 3일 08시,금요일,서울특별시 성북구 돈암동,중상사고,0,1,0,0,차대사람 - 기타,안전운전불이행,건조,맑음,단일로 - 기타,승용,남,63세,상해없음,보행자,여,86세,중상
2022060300100078,2022년 6월 3일 08시,금요일,서울특별시 성동구 사근동,중상사고,0,1,0,0,차대사람 - 기타,안전운전불이행,건조,맑음,교차로 - 교차로안,승합,남,62세,상해없음,보행자,남,80세,중상
2022060300100082,2022년 6월 3일 08시,금요일,서울특별시 강동구 상일동,경상사고,0,0,1,0,차대사람 - 기타,보행자보호의무위반,건조,맑음,교차로 - 교차로횡단보도내,승용,남,49세,상해없음,보행자,남,82세,경상
2022060300100295,2022년 6월 3일 14시,금요일,서울특별시 중구 남산동2가,중상사고,0,1,0,0,차대사람 - 횡단중,보행자보호의무위반,건조,맑음,단일로 - 지하차도(도로)내,원동기,남,52세,상해없음,보행자,남,81세,중상
2022060300100299,2022년 6월 3일 14시,금요일,서울특별시 관악구 신림동,경상사고,0,0,1,0,차대사람 - 보도통행중,안전운전불이행,건조,맑음,기타 - 기타,자전거,기타불명,미분류,기타불명,보행자,여,70세,경상
2022060300100509,2022년 6월 3일 19시,금요일,서울특별시 동작구 신대방동,경상사고,0,0,1,0,차대사람 - 차도통행중,안전운전불이행,건조,맑음,교차로 - 교차로부근,승용,남,37세,상해없음,보행자,남,79세,경상
2022060400100002,2022년 6월 4일 00시,토요일,서울특별시 송파구 석촌동,경상사고,0,0,1,0,차대사람 - 기타,보행자보호의무위반,건조,맑음,단일로 - 기타,승용,남,69세,상해없음,보행자,남,65세,경상
2022060400100023,2022년 6월 4일 01시,토요일,서울특별시 영등포구 당산동4가,경상사고,0,0,1,1,차대사람 - 보도통행중,기타,건조,맑음,교차로 - 교차로부근,자전거,남,31세,부상신고,보행자,여,68세,경상
2022060400100195,2022년 6월 4일 11시,토요일,서울특별시 동작구 흑석동,경상사고,0,0,1,0,차대사람 - 기타,안전운전불이행,건조,맑음,단일로 - 기타,승용,남,60세,상해없음,보행자,남,66세,경상
2022060400100275,2022년 6월 4일 13시,토요일,서울특별시 송파구 잠실동,중상사고,0,1,0,0,차대사람 - 보도통행중,안전운전불이행,건조,맑음,단일로 - 기타,자전거,남,13세,상해없음,보행자,여,82세,중상
2022060400100476,2022년 6월 4일 19시,토요일,서울특별시 은평구 불광동,경상사고,0,0,1,0,차대사람 - 기타,기타,건조,맑음,기타 - 기타,승용,남,68세,상해없음,보행자,남,67세,경상
2022060500100057,2022년 6월 5일 06시,일요일,서울특별시 강남구 대치동,중상사고,0,1,0,1,차대사람 - 횡단중,안전운전불이행,건조,맑음,단일로 - 기타,자전거,남,45세,부상신고,보행자,여,69세,중상
2022060500100356,2022년 6월 5일 20시,일요일,서울특별시 강서구 화곡동,중상사고,0,1,0,0,차대사람 - 기타,안전운전불이행,건조,맑음,교차로 - 교차로부근,승용,여,63세,상해없음,보행자,여,69세,중상
2022060600100179,2022년 6월 6일 13시,월요일,서울특별시 노원구 중계동,경상사고,0,0,2,0,차대사람 - 횡단중,안전운전불이행,건조,맑음,교차로 - 교차로안,승용,남,29세,상해없음,보행자,여,64세,경상
2022060600100374,2022년 6월 6일 19시,월요일,서울특별시 성북구 종암동,경상사고,0,0,1,0,차대사람 - 기타,안전운전불이행,건조,맑음,단일로 - 기타,화물,남,50세,상해없음,보행자,여,74세,경상
2022060600100455,2022년 6월 6일 22시,월요일,서울특별시 동작구 노량진동,경상사고,0,0,1,0,차대사람 - 횡단중,보행자보호의무위반,건조,맑음,교차로 - 교차로횡단보도내,자전거,남,35세,상해없음,보행자,남,67세,경상
2022060700100021,2022년 6월 7일 05시,화요일,서울특별시 용산구 청암동,중상사고,0,1,0,0,차대사람 - 기타,안전운전불이행,건조,맑음,교차로 - 교차로부근,승용,남,68세,상해없음,보행자,남,80세,중상
2022060700100073,2022년 6월 7일 08시,화요일,서울특별시 관악구 봉천동,중상사고,0,1,0,0,차대사람 - 기타,보행자보호의무위반,건조,맑음,기타 - 기타,화물,남,62세,상해없음,보행자,여,65세,중상
2022060700100074,2022년 6월 7일 08시,화요일,서울특별시 송파구 석촌동,경상사고,0,0,1,0,차대사람 - 횡단중,안전운전불이행,건조,맑음,교차로 - 교차로안,승용,여,38세,상해없음,보행자,여,68세,경상
2022060700100305,2022년 6월 7일 15시,화요일,서울특별시 구로구 개봉동,중상사고,0,1,0,0,차대사람 - 보도통행중,보행자보호의무위반,건조,맑음,교차로 - 교차로횡단보도내,승용,남,78세,상해없음,보행자,여,76세,중상
2022060700100306,2022년 6월 7일 15시,화요일,서울특별시 노원구 상계동,중상사고,0,1,0,0,차대사람 - 기타,안전운전불이행,건조,맑음,교차로 - 교차로부근,승합,남,67세,상해없음,보행자,여,82세,중상
2022060700100421,2022년 6월 7일 18시,화요일,서울특별시 관악구 봉천동,경상사고,0,0,1,0,차대사람 - 길가장자리구역통행중,안전운전불이행,건조,맑음,단일로 - 기타,승용,남,53세,상해없음,보행자,여,68세,경상
2022060700100482,2022년 6월 7일 20시,화요일,서울특별시 은평구 대조동,중상사고,0,1,0,0,차대사람 - 차도통행중,안전운전불이행,건조,맑음,단일로 - 기타,승용,남,57세,상해없음,보행자,여,75세,중상
2022060800100215,2022년 6월 8일 12시,수요일,서울특별시 영등포구 영등포동,중상사고,0,1,0,0,차대사람 - 보도통행중,기타,건조,맑음,기타 - 기타,원동기,남,50세,상해없음,보행자,여,68세,중상
2022060800100380,2022년 6월 8일 17시,수요일,서울특별시 서초구 방배동,경상사고,0,0,1,0,차대사람 - 보도통행중,기타,건조,맑음,기타 - 기타,승용,여,58세,상해없음,보행자,여,74세,경상
2022060800100489,2022년 6월 8일 20시,수요일,서울특별시 구로구 가리봉동,경상사고,0,0,1,0,차대사람 - 기타,보행자보호의무위반,건조,맑음,단일로 - 기타,승용,남,31세,상해없음,보행자,남,71세,경상
2022060800100490,2022년 6월 8일 20시,수요일,서울특별시 도봉구 쌍문동,경상사고,0,0,1,0,차대사람 - 횡단중,보행자보호의무위반,건조,맑음,교차로 - 교차로안,승용,여,63세,상해없음,보행자,여,68세,경상
2022060900100012,2022년 6월 9일 01시,목요일,서울특별시 영등포구 영등포동6가,경상사고,0,0,1,0,차대사람 - 횡단중,신호위반,건조,맑음,단일로 - 기타,승용,남,54세,상해없음,보행자,남,66세,경상
2022060900100049,2022년 6월 9일 07시,목요일,서울특별시 강서구 외발산동,중상사고,0,1,0,0,차대사람 - 기타,안전운전불이행,건조,맑음,기타 - 기타,승합,남,71세,상해없음,보행자,여,72세,중상
2022060900100182,2022년 6월 9일 11시,목요일,서울특별시 용산구 이촌동,중상사고,0,1,0,0,차대사람 - 횡단중,안전운전불이행,건조,맑음,교차로 - 교차로부근,승용,남,68세,상해없음,보행자,여,65세,중상
2022060900100184,2022년 6월 9일 11시,목요일,서울특별시 송파구 거여동,경상사고,0,0,1,0,차대사람 - 횡단중,기타,건조,흐림,교차로 - 교차로부근,자전거,남,22세,상해없음,보행자,여,66세,경상
2022060900100323,2022년 6월 9일 16시,목요일,서울특별시 도봉구 방학동,사망사고,1,0,0,0,차대사람 - 횡단중,안전운전불이행,기타,맑음,교차로 - 교차로안,화물,남,50세,상해없음,보행자,남,73세,사망
2022061000100049,2022년 6월 10일 06시,금요일,서울특별시 성동구 마장동,경상사고,0,0,1,0,차대사람 - 차도통행중,안전운전불이행,건조,맑음,단일로 - 기타,승용,남,64세,상해없음,보행자,남,76세,경상
2022061000100059,2022년 6월 10일 07시,금요일,서울특별시 구로구 오류동,중상사고,0,1,0,0,차대사람 - 횡단중,안전운전불이행,건조,맑음,교차로 - 교차로안,승용,남,62세,상해없음,보행자,여,78세,중상
2022061000100198,2022년 6월 10일 11시,금요일,서울특별시 강서구 화곡동,중상사고,0,1,0,0,차대사람 - 기타,안전운전불이행,건조,맑음,교차로 - 교차로횡단보도내,승용,여,33세,상해없음,보행자,여,68세,중상
2022061100100079,2022년 6월 11일 07시,토요일,서울특별시 마포구 도화동,중상사고,0,1,0,0,차대사람 - 기타,안전운전불이행,건조,맑음,단일로 - 기타,건설기계,남,62세,상해없음,보행자,여,75세,중상
2022061100100121,2022년 6월 11일 09시,토요일,서울특별시 노원구 중계동,경상사고,0,0,1,0,차대사람 - 기타,기타,건조,맑음,기타 - 기타,자전거,여,47세,상해없음,보행자,남,77세,경상
2022061100100140,2022년 6월 11일 10시,토요일,서울특별시 관악구 신림동,중상사고,0,1,0,0,차대사람 - 횡단중,신호위반,건조,맑음,교차로 - 교차로횡단보도내,승용,남,63세,상해없음,보행자,여,78세,중상
2022061100100142,2022년 6월 11일 10시,토요일,서울특별시 강서구 염창동,경상사고,0,0,1,0,차대사람 - 기타,기타,건조,맑음,단일로 - 기타,기타불명,기타불명,미분류,기타불명,보행자,여,71세,경상
2022061100100176,2022년 6월 11일 11시,토요일,서울특별시 도봉구 창동,중상사고,0,1,1,0,차대사람 - 횡단중,안전운전불이행,건조,맑음,교차로 - 교차로부근,이륜,남,50세,중상,보행자,남,70세,경상
2022061200100095,2022년 6월 12일 10시,일요일,서울특별시 영등포구 신길동,부상신고사고,0,0,0,1,차대사람 - 기타,안전운전불이행,건조,맑음,기타 - 기타,이륜,남,74세,상해없음,보행자,여,89세,부상신고