사고번호,사고일시,요일,시군구,사고내용,사망자수,중상자수,경상자수,부상신고자수,사고유형,법규위반,노면상태,기상상태,도로형태,가해운전자 차종,가해운전자 성별,가해운전자 연령,가해운전자 상해정도,피해운전자 차종,피해운전자 성별,피해운전자 연령,피해운전자 상해정도
2022070500100251,2022년 7월 5일 13시,화요일,서울특별시 관악구 신림동,중상사고,0,1,0,0,차대사람 - 기타,안전운전불이행,젖음/습기,비,단일로 - 기타,이륜,남,43세,상해없음,보행자,여,74세,중상
2022070600100028,2022년 7월 6일 05시,수요일,서울특별시 강북구 수유동,중상사고,0,1,0,0,차대사람 - 횡단중,기타,건조,맑음,교차로 - 교차로부근,승용,남,69세,상해없음,보행자,여,82세,중상
2022070600100120,2022년 7월 6일 09시,수요일,서울특별시 성북구 동소문동3가,중상사고,0,1,0,0,차대사람 - 횡단중,신호위반,건조,흐림,단일로 - 기타,승합,남,51세,상해없음,보행자,여,75세,중상
2022070600100155,2022년 7월 6일 10시,수요일,서울특별시 서초구 방배동,경상사고,0,0,1,0,차대사람 - 보도통행중,기타,건조,맑음,단일로 - 기타,승용,여,40세,상해없음,보행자,여,71세,경상
2022070600100515,2022년 7월 6일 21시,수요일,서울특별시 도봉구 창동,중상사고,0,1,0,0,차대사람 - 횡단중,안전운전불이행,젖음/습기,비,교차로 - 교차로부근,자전거,여,41세,상해없음,보행자,여,66세,중상
2022070700100030,2022년 7월 7일 03시,목요일,서울특별시 은평구 역촌동,경상사고,0,0,1,0,차대사람 - 기타,안전운전불이행,건조,맑음,기타 - 기타,승용,남,62세,상해없음,보행자,남,66세,경상
2022070700100036,2022년 7월 7일 04시,목요일,서울특별시 강서구 등촌동,사망사고,1,0,0,0,차대사람 - 횡단중,기타,건조,맑음,교차로 - 교차로안,승용,남,60세,상해없음,보행자,여,68세,사망
2022070700100067,2022년 7월 7일 07시,목요일,서울특별시 영등포구 당산동4가,중상사고,0,1,0,0,차대사람 - 횡단중,보행자보호의무위반,건조,맑음,교차로 - 교차로안,승용,여,35세,상해없음,보행자,여,84세,중상
2022070700100222,2022년 7월 7일 11시,목요일,서울특별시 동대문구 제기동,중상사고,0,1,0,0,차대사람 - 횡단중,신호위반,건조,맑음,교차로 - 교차로횡단보도내,이륜,남,52세,상해없음,보행자,여,69세,중상
2022070700100348,2022년 7월 7일 15시,목요일,서울특별시 강동구 암사동,중상사고,0,1,0,0,차대사람 - 횡단중,보행자보호의무위반,건조,맑음,교차로 - 교차로횡단보도내,승용,여,35세,기타불명,보행자,남,79세,중상
2022070700100369,2022년 7월 7일 16시,목요일,서울특별시 동대문구 용두동,중상사고,0,1,0,0,차대사람 - 횡단중,보행자보호의무위반,건조,맑음,교차로 - 교차로횡단보도내,승용,여,39세,상해없음,보행자,남,70세,중상
2022070700100454,2022년 7월 7일 18시,목요일,서울특별시 종로구 내자동,중상사고,0,1,0,0,차대사람 - 횡단중,안전운전불이행,건조,맑음,단일로 - 기타,이륜,남,45세,상해없음,보행자,여,72세,중상
2022070700100532,2022년 7월 7일 20시,목요일,서울특별시 관악구 봉천동,경상사고,0,0,1,0,차대사람 - 차도통행중,중앙선침범,젖음/습기,비,교차로 - 교차로부근,승용,남,59세,상해없음,보행자,남,72세,경상
2022070700100533,2022년 7월 7일 20시,목요일,서울특별시 강서구 화곡동,중상사고,0,1,0,1,차대사람 - 기타,신호위반,젖음/습기,비,교차로 - 교차로횡단보도내,이륜,남,32세,부상신고,보행자,남,83세,중상
2022070800100036,2022년 7월 8일 04시,금요일,서울특별시 강서구 등촌동,사망사고,1,0,0,0,차대사람 - 기타,안전운전불이행,젖음/습기,맑음,교차로 - 교차로횡단보도내,승용,남,60세,상해없음,보행자,여,81세,사망
2022070800100050,2022년 7월 8일 07시,금요일,서울특별시 동대문구 답십리동,경상사고,0,0,1,0,차대사람 - 횡단중,보행자보호의무위반,젖음/습기,비,단일로 - 기타,화물,남,77세,상해없음,보행자,여,72세,경상
2022070800100055,2022년 7월 8일 07시,금요일,서울특별시 구로구 구로동,경상사고,0,0,1,0,차대사람 - 보도통행중,보행자보호의무위반,젖음/습기,비,교차로 - 교차로횡단보도내,승용,여,45세,기타불명,보행자,남,68세,경상
2022070800100188,2022년 7월 8일 11시,금요일,서울특별시 강북구 수유동,중상사고,0,1,0,0,차대사람 - 길가장자리구역통행중,안전운전불이행,건조,맑음,교차로 - 교차로부근,승용,여,54세,기타불명,보행자,여,68세,중상
2022070800100289,2022년 7월 8일 14시,금요일,서울특별시 강서구 등촌동,중상사고,0,1,0,0,차대사람 - 기타,안전운전불이행,건조,맑음,단일로 - 기타,화물,남,52세,상해없음,보행자,여,89세,중상
2022070800100356,2022년 7월 8일 16시,금요일,서울특별시 구로구 오류동,경상사고,0,0,1,0,차대사람 - 보도통행중,기타,건조,맑음,기타 - 기타,자전거,남,22세,상해없음,보행자,여,69세,경상
2022070800100449,2022년 7월 8일 18시,금요일,서울특별시 강남구 역삼동,중상사고,0,1,0,0,차대사람 - 기타,안전운전불이행,건조,맑음,단일로 - 기타,승용,남,41세,상해없음,보행자,남,65세,중상
2022070800100528,2022년 7월 8일 20시,금요일,서울특별시 강남구 청담동,경상사고,0,0,1,0,차대사람 - 횡단중,보행자보호의무위반,건조,맑음,교차로 - 교차로횡단보도내,승용,남,61세,상해없음,보행자,여,72세,경상
2022070900100136,2022년 7월 9일 10시,토요일,서울특별시 서대문구 남가좌동,중상사고,0,1,0,0,차대사람 - 횡단중,안전운전불이행,건조,맑음,교차로 - 교차로횡단보도내,이륜,남,52세,상해없음,보행자,여,78세,중상
2022070900100272,2022년 7월 9일 14시,토요일,서울특별시 중랑구 중화동,중상사고,0,1,0,0,차대사람 - 횡단중,보행자보호의무위반,건조,맑음,교차로 - 교차로안,승용,남,75세,상해없음,보행자,여,67세,중상
2022070900100313,2022년 7월 9일 15시,토요일,서울특별시 강남구 신사동,경상사고,0,0,1,0,차대사람 - 횡단중,안전운전불이행,건조,맑음,단일로 - 기타,승용,남,60세,상해없음,보행자,남,77세,경상
2022070900100349,2022년 7월 9일 16시,토요일,서울특별시 성북구 돈암동,중상사고,0,1,0,0,차대사람 - 차도통행중,기타,건조,흐림,단일로 - 기타,이륜,남,44세,기타불명,보행자,여,74세,중상
2022071000100044,2022년 7월 10일 03시,일요일,서울특별시 광진구 화양동,경상사고,0,0,1,0,차대사람 - 기타,안전운전불이행,건조,맑음,기타 - 기타,승용,남,21세,상해없음,보행자,남,65세,경상
2022071000100191,2022년 7월 10일 13시,일요일,서울특별시 동대문구 신설동,경상사고,0,0,1,0,차대사람 - 차도통행중,보행자보호의무위반,건조,맑음,단일로 - 기타,승용,남,25세,상해없음,보행자,남,68세,경상
2022071000100223,2022년 7월 10일 14시,일요일,서울특별시 구로구 구로동,중상사고,0,1,0,0,차대사람 - 횡단중,신호위반,건조,맑음,교차로 - 교차로횡단보도내,개인형이동수단(PM),남,37세,상해없음,보행자,남,72세,중상
2022071000100281,2022년 7월 10일 16시,일요일,서울특별시 은평구 증산동,경상사고,0,0,1,0,차대사람 - 기타,안전운전불이행,건조,맑음,단일로 - 기타,승용,남,31세,상해없음,보행자,남,65세,경상
2022071000100389,2022년 7월 10일 21시,일요일,서울특별시 강북구 수유동,경상사고,0,0,1,0,차대사람 - 기타,안전운전불이행,건조,맑음,단일로 - 기타,승용,남,55세,상해없음,보행자,여,70세,경상
2022071100100043,2022년 7월 11일 07시,월요일,서울특별시 동대문구 전농동,경상사고,0,0,1,0,차대사람 - 보도통행중,기타,건조,맑음,단일로 - 기타,자전거,남,79세,상해없음,보행자,여,65세,경상
2022071100100220,2022년 7월 11일 12시,월요일,서울특별시 관악구 봉천동,중상사고,0,1,0,0,차대사람 - 기타,기타,건조,맑음,단일로 - 기타,승합,남,40세,상해없음,보행자,여,68세,중상
2022071100100222,2022년 7월 11일 12시,월요일,서울특별시 송파구 풍납동,중상사고,0,1,0,0,차대사람 - 횡단중,보행자보호의무위반,건조,맑음,교차로 - 교차로횡단보도내,승용,남,66세,상해없음,보행자,남,65세,중상
2022071100100304,2022년 7월 11일 14시,월요일,서울특별시 서대문구 홍은동,경상사고,0,0,1,0,차대사람 - 기타,기타,젖음/습기,비,단일로 - 기타,승용,여,36세,상해없음,보행자,남,75세,경상
2022071100100517,2022년 7월 11일 19시,월요일,서울특별시 송파구 마천동,중상사고,0,1,0,0,차대사람 - 기타,안전운전불이행,젖음/습기,흐림,주차장 - 주차장,승용,여,54세,상해없음,보행자,여,75세,중상
2022071100100540,2022년 7월 11일 20시,월요일,서울특별시 중랑구 중화동,경상사고,0,0,1,0,차대사람 - 기타,안전운전불이행,건조,맑음,교차로 - 교차로부근,화물,남,58세,상해없음,보행자,여,71세,경상
2022071200100114,2022년 7월 12일 09시,화요일,서울특별시 영등포구 여의도동,중상사고,0,1,0,0,차대사람 - 기타,안전운전불이행,건조,맑음,교차로 - 교차로안,승용,남,54세,상해없음,보행자,여,79세,중상
2022071200100117,2022년 7월 12일 09시,화요일,서울특별시 강서구 방화동,경상사고,0,0,1,0,차대사람 - 기타,안전거리미확보,건조,맑음,단일로 - 기타,승용,여,26세,상해없음,보행자,여,79세,경상
2022071200100175,2022년 7월 12일 11시,화요일,서울특별시 서초구 양재동,경상사고,0,0,1,0,차대사람 - 차도통행중,안전운전불이행,건조,맑음,단일로 - 기타,화물,남,33세,상해없음,보행자,여,65세,경상
2022071200100243,2022년 7월 12일 14시,화요일,서울특별시 종로구 장사동,경상사고,0,0,1,0,차대사람 - 기타,안전운전불이행,건조,맑음,주차장 - 주차장,승용,남,67세,상해없음,보행자,남,65세,경상
2022071200100310,2022년 7월 12일 16시,화요일,서울특별시 은평구 역촌동,중상사고,0,1,2,0,차대사람 - 기타,안전운전불이행,건조,맑음,단일로 - 기타,승용,남,49세,경상,보행자,남,87세,중상
2022071200100383,2022년 7월 12일 18시,화요일,서울특별시 중랑구 상봉동,경상사고,0,0,1,0,차대사람 - 보도통행중,교차로운행방법위반,건조,맑음,교차로 - 교차로부근,승용,남,64세,상해없음,보행자,여,69세,경상
2022071200100426,2022년 7월 12일 19시,화요일,서울특별시 영등포구 영등포동7가,중상사고,0,1,0,0,차대사람 - 횡단중,안전운전불이행,건조,맑음,단일로 - 기타,승용,남,29세,상해없음,보행자,여,87세,중상
2022071200100428,2022년 7월 12일 19시,화요일,서울특별시 양천구 신정동,경상사고,0,0,1,0,차대사람 - 기타,안전운전불이행,건조,맑음,교차로 - 교차로안,승용,남,34세,상해없음,보행자,여,83세,경상
2022071200100509,2022년 7월 12일 23시,화요일,서울특별시 동작구 상도동,중상사고,0,1,0,0,차대사람 - 횡단중,안전운전불이행,건조,맑음,교차로 - 교차로횡단보도내,승용,남,76세,상해없음,보행자,남,65세,중상
2022071300100023,2022년 7월 13일 04시,수요일,서울특별시 강동구 천호동,중상사고,0,1,0,0,차대사람 - 횡단중,기타,젖음/습기,비,교차로 - 교차로안,승용,남,67세,상해없음,보행자,여,80세,중상
2022071300100247,2022년 7월 13일 14시,수요일,서울특별시 중구 신당동,중상사고,0,1,0,0,차대사람 - 기타,보행자보호의무위반,젖음/습기,비,단일로 - 기타,화물,남,77세,상해없음,보행자,여,74세,중상
2022071300100248,2022년 7월 13일 14시,수요일,서울특별시 영등포구 당산동4가,중상사고,0,1,0,0,차대사람 - 기타,안전운전불이행,젖음/습기,비,교차로 - 교차로부근,승용,남,49세,상해없음,보행자,여,74세,중상
2022071300100276,2022년 7월 13일 15시,수요일,서울특별시 강서구 내발산동,중상사고,0,1,0,0,차대사람 - 기타,안전운전불이행,젖음/습기,비,단일로 - 기타,승합,남,70세,상해없음,보행자,여,67세,중상
2022071300100507,2022년 7월 13일 21시,수요일,서울특별시 중랑구 면목동,경상사고,0,0,1,0,차대사람 - 기타,안전운전불이행,젖음/습기,비,기타 - 기타,자전거,남,24세,상해없음,보행자,남,67세,경상
2022071300100558,2022년 7월 13일 23시,수요일,서울특별시 성북구 동선동1가,중상사고,0,1,0,0,차대사람 - 기타,안전거리미확보,건조,맑음,단일로 - 기타,승합,남,62세,상해없음,보행자,남,69세,중상
2022071400100044,2022년 7월 14일 04시,목요일,서울특별시 동작구 상도동,중상사고,0,1,0,0,차대사람 - 기타,기타,젖음/습기,비,단일로 - 기타,승용,남,73세,상해없음,보행자,남,70세,중상
2022071400100045,2022년 7월 14일 04시,목요일,서울특별시 강동구 천호동,중상사고,0,1,0,0,차대사람 - 기타,안전운전불이행,건조,맑음,단일로 - 기타,화물,남,25세,상해없음,보행자,남,65세,중상
2022071400100101,2022년 7월 14일 08시,목요일,서울특별시 동대문구 답십리동,중상사고,0,1,0,0,차대사람 - 기타,신호위반,건조,맑음,교차로 - 교차로안,승용,여,50세,상해없음,보행자,여,75세,중상
2022071400100104,2022년 7월 14일 08시,목요일,서울특별시 노원구 상계동,경상사고,0,0,1,0,차대사람 - 기타,안전운전불이행,젖음/습기,흐림,단일로 - 기타,자전거,여,49세,상해없음,보행자,여,91세,경상
2022071400100213,2022년 7월 14일 11시,목요일,서울특별시 강동구 명일동,경상사고,0,0,1,0,차대사람 - 횡단중,보행자보호의무위반,건조,맑음,교차로 - 교차로횡단보도내,승합,남,58세,상해없음,보행자,남,83세,경상
2022071400100268,2022년 7월 14일 13시,목요일,서울특별시 성동구 사근동,경상사고,0,0,1,0,차대사람 - 횡단중,안전운전불이행,건조,맑음,단일로 - 교량,자전거,남,62세,상해없음,보행자,남,68세,경상
2022071400100291,2022년 7월 14일 14시,목요일,서울특별시 종로구 가회동,중상사고,0,1,0,0,차대사람 - 횡단중,안전운전불이행,건조,맑음,단일로 - 기타,승용,남,49세,상해없음,보행자,남,79세,중상
2022071400100518,2022년 7월 14일 19시,목요일,서울특별시 양천구 신정동,경상사고,0,0,1,0,차대사람 - 기타,안전운전불이행,건조,맑음,기타 - 기타,자전거,남,59세,기타불명,보행자,남,70세,경상
2022071400100519,2022년 7월 14일 19시,목요일,서울특별시 양천구 신월동,경상사고,0,0,1,0,차대사람 - 길가장자리구역통행중,안전운전불이행,건조,맑음,단일로 - 기타,화물,남,47세,상해없음,보행자,여,93세,경상
2022071400100545,2022년 7월 14일 20시,목요일,서울특별시 영등포구 대림동,중상사고,0,1,0,0,차대사람 - 횡단중,안전운전불이행,건조,맑음,단일로 - 기타,이륜,남,36세,상해없음,보행자,여,65세,중상
2022071400100549,2022년 7월 14일 20시,목요일,서울특별시 관악구 봉천동,사망사고,1,0,0,0,차대사람 - 횡단중,안전운전불이행,건조,맑음,단일로 - 기타,이륜,남,57세,기타불명,보행자,남,82세,사망
2022071500100064,2022년 7월 15일 08시,금요일,서울특별시 은평구 증산동,경상사고,0,0,1,0,차대사람 - 기타,안전운전불이행,건조,맑음,교차로 - 교차로부근,승용,남,35세,상해없음,보행자,여,81세,경상
2022071500100145,2022년 7월 15일 10시,금요일,서울특별시 금천구 시흥동,부상신고사고,0,0,0,1,차대사람 - 횡단중,보행자보호의무위반,건조,맑음,교차로 - 교차로횡단보도내,기타불명,기타불명,미분류,기타불명,보행자,여,70세,부상신고
2022071500100504,2022년 7월 15일 19시,금요일,서울특별시 성동구 하왕십리동,중상사고,0,1,0,0,차대사람 - 기타,안전운전불이행,건조,맑음,단일로 - 기타,승용,남,39세,상해없음,보행자,남,66세,중상
2022071600100189,2022년 7월 16일 12시,토요일,서울특별시 강남구 삼성동,경상사고,0,0,1,0,차대사람 - 기타,안전운전불이행,건조,맑음,단일로 - 기타,승합,남,46세,상해없음,보행자,남,67세,경상
2022071600100466,2022년 7월 16일 20시,토요일,서울특별시 강북구 번동,경상사고,0,0,1,0,차대사람 - 기타,안전운전불이행,건조,맑음,단일로 - 기타,승용,남,31세,상해없음,보행자,남,66세,경상
2022071700100068,2022년 7월 17일 08시,일요일,서울특별시 영등포구 여의도동,중상사고,0,1,0,0,차대사람 - 기타,안전운전불이행,건조,맑음,단일로 - 기타,승용,남,50세,상해없음,보행자,여,75세,중상
2022071700100171,2022년 7월 17일 13시,일요일,서울특별시 서초구 반포동,중상사고,0,2,0,0,차대사람 - 길가장자리구역통행중,안전운전불이행,건조,맑음,단일로 - 기타,승용,남,39세,상해없음,보행자,여,75세,중상
2022071700100258,2022년 7월 17일 16시,일요일,서울특별시 서초구 방배동,중상사고,0,1,0,0,차대사람 - 보도통행중,기타,건조,맑음,기타 - 기타,승용,여,46세,상해없음,보행자,여,83세,중상
2022071700100320,2022년 7월 17일 18시,일요일,서울특별시 종로구 숭인동,경상사고,0,0,1,0,차대사람 - 횡단중,안전운전불이행,건조,맑음,단일로 - 기타,화물,여,54세,상해없음,보행자,여,67세,경상
2022071800100055,2022년 7월 18일 07시,월요일,서울특별시 강북구 수유동,중상사고,0,1,0,0,차대사람 - 횡단중,보행자보호의무위반,건조,맑음,교차로 - 교차로안,승용,남,53세,상해없음,보행자,여,77세,중상
2022071800100291,2022년 7월 18일 14시,월요일,서울특별시 서대문구 충정로2가,중상사고,0,1,0,0,차대사람 - 횡단중,신호위반,건조,맑음,교차로 - 교차로부근,승용,여,54세,상해없음,보행자,여,65세,중상
2022071800100361,2022년 7월 18일 16시,월요일,서울특별시 송파구 가락동,부상신고사고,0,0,0,1,차대사람 - 보도통행중,안전운전불이행,건조,맑음,단일로 - 기타,승용,남,63세,상해없음,보행자,남,73세,부상신고
2022071800100395,2022년 7월 18일 17시,월요일,서울특별시 강서구 화곡동,경상사고,0,0,1,0,차대사람 - 기타,안전운전불이행,건조,맑음,단일로 - 기타,승용,여,51세,상해없음,보행자,여,70세,경상
2022071800100560,2022년 7월 18일 22시,월요일,서울특별시 동대문구 휘경동,경상사고,0,0,1,0,차대사람 - 기타,안전운전불이행,건조,맑음,단일로 - 기타,개인형이동수단(PM),남,38세,상해없음,보행자,남,69세,경상
2022071900100148,2022년 7월 19일 10시,화요일,서울특별시 동대문구 답십리동,사망사고,1,0,0,0,차대사람 - 차도통행중,안전운전불이행,건조,맑음,교차로 - 교차로부근,승용,남,57세,상해없음,보행자,여,73세,사망
2022071900100152,2022년 7월 19일 10시,화요일,서울특별시 중랑구 상봉동,경상사고,0,0,1,0,차대사람 - 기타,안전운전불이행,건조,맑음,기타 - 기타,승합,남,33세,기타불명,보행자,남,68세,경상
2022071900100175,2022년 7월 19일 11시,화요일,서울특별시 마포구 망원동,중상사고,0,1,0,0,차대사람 - 기타,안전운전불이행,건조,맑음,교차로 - 교차로안,승용,남,72세,상해없음,보행자,여,81세,중상
2022071900100212,2022년 7월 19일 12시,화요일,서울특별시 노원구 중계동,중상사고,0,1,0,0,차대사람 - 차도통행중,안전운전불이행,건조,맑음,단일로 - 기타,승용,여,45세,상해없음,보행자,남,67세,중상
2022071900100335,2022년 7월 19일 16시,화요일,서울특별시 성북구 종암동,중상사고,0,1,0,0,차대차 - 기타,안전운전불이행,건조,맑음,교차로 - 교차로부근,이륜,남,59세,상해없음,승합,남,45세,상해없음
2022071900100417,2022년 7월 19일 18시,화요일,서울특별시 서초구 양재동,사망사고,1,0,0,0,차대사람 - 기타,안전운전불이행,건조,맑음,교차로 - 교차로부근,승용,남,27세,상해없음,보행자,남,70세,사망
2022071900100452,2022년 7월 19일 19시,화요일,서울특별시 강북구 번동,중상사고,0,1,0,0,차대사람 - 차도통행중,안전운전불이행,건조,맑음,단일로 - 기타,자전거,남,23세,상해없음,보행자,여,78세,중상
2022072000100082,2022년 7월 20일 08시,수요일,서울특별시 서대문구 홍제동,경상사고,0,0,1,0,차대사람 - 보도통행중,보행자보호의무위반,건조,맑음,단일로 - 기타,화물,남,51세,상해없음,보행자,여,78세,경상
2022072000100249,2022년 7월 20일 13시,수요일,서울특별시 강남구 역삼동,경상사고,0,0,1,0,차대사람 - 차도통행중,안전운전불이행,건조,맑음,단일로 - 기타,승용,여,59세,상해없음,보행자,남,75세,경상
2022072000100327,2022년 7월 20일 15시,수요일,서울특별시 서초구 방배동,중상사고,0,1,0,0,차대사람 - 기타,안전운전불이행,건조,맑음,단일로 - 기타,승용,여,52세,상해없음,보행자,여,65세,중상
2022072000100474,2022년 7월 20일 19시,수요일,서울특별시 강동구 성내동,중상사고,0,1,0,0,차대사람 - 차도통행중,안전운전불이행,건조,흐림,교차로 - 교차로부근,원동기,남,36세,상해없음,보행자,여,85세,중상
2022072000100504,2022년 7월 20일 20시,수요일,서울특별시 중랑구 신내동,경상사고,0,0,1,0,차대사람 - 기타,보행자보호의무위반,건조,맑음,교차로 - 교차로횡단보도내,기타불명,기타불명,미분류,기타불명,보행자,남,67세,경상
2022072000100505,2022년 7월 20일 20시,수요일,서울특별시 양천구 신월동,사망사고,1,0,0,0,차대사람 - 기타,기타,건조,맑음,단일로 - 기타,승용,남,59세,상해없음,보행자,남,68세,사망
2022072000100534,2022년 7월 20일 21시,수요일,서울특별시 용산구 한강로2가,중상사고,0,1,0,0,차대사람 - 횡단중,안전운전불이행,건조,맑음,단일로 - 기타,승용,남,47세,상해없음,보행자,여,71세,중상
2022072000100536,2022년 7월 20일 21시,수요일,서울특별시 동작구 신대방동,경상사고,0,0,1,0,차대사람 - 횡단중,신호위반,젖음/습기,비,교차로 - 교차로횡단보도내,이륜,남,22세,상해없음,보행자,남,75세,경상
2022072100100209,2022년 7월 21일 12시,목요일,서울특별시 동작구 흑석동,중상사고,0,1,0,0,차대사람 - 차도통행중,안전운전불이행,젖음/습기,흐림,단일로 - 기타,승용,남,28세,상해없음,보행자,여,75세,중상
2022072100100237,2022년 7월 21일 13시,목요일,서울특별시 중구 황학동,경상사고,0,0,1,0,차대사람 - 기타,안전운전불이행,건조,맑음,교차로 - 교차로안,원동기,남,28세,상해없음,보행자,남,74세,경상
2022072100100302,2022년 7월 21일 15시,목요일,서울특별시 관악구 신림동,경상사고,0,0,1,0,차대사람 - 차도통행중,안전운전불이행,건조,맑음,단일로 - 기타,이륜,남,23세,상해없음,보행자,남,72세,경상
2022072100100304,2022년 7월 21일 15시,목요일,서울특별시 양천구 신월동,경상사고,0,0,1,0,차대사람 - 기타,안전운전불이행,건조,맑음,단일로 - 기타,자전거,남,69세,상해없음,보행자,여,67세,경상
2022072100100335,2022년 7월 21일 16시,목요일,서울특별시 양천구 신정동,부상신고사고,0,0,0,1,차대사람 - 기타,안전운전불이행,건조,맑음,단일로 - 기타,이륜,남,37세,상해없음,보행자,여,69세,부상신고
2022072100100449,2022년 7월 21일 19시,목요일,서울특별시 은평구 증산동,경상사고,0,0,2,0,차대사람 - 기타,안전운전불이행,건조,맑음,단일로 - 기타,자전거,여,51세,상해없음,보행자,여,64세,경상
2022072200100053,2022년 7월 22일 06시,금요일,서울특별시 광진구 자양동,중상사고,0,1,0,0,차대사람 - 횡단중,안전운전불이행,건조,맑음,교차로 - 교차로횡단보도내,화물,남,68세,상해없음,보행자,여,72세,중상
2022072200100066,2022년 7월 22일 07시,금요일,서울특별시 영등포구 문래동3가,중상사고,0,1,0,0,차대사람 - 차도통행중,안전운전불이행,건조,맑음,교차로 - 교차로부근,승용,남,28세,상해없음,보행자,여,71세,중상
2022072200100117,2022년 7월 22일 09시,금요일,서울특별시 관악구 신림동,경상사고,0,0,1,0,차대사람 - 기타,안전운전불이행,건조,맑음,단일로 - 기타,이륜,남,38세,상해없음,보행자,남,86세,경상
2022072200100218,2022년 7월 22일 12시,금요일,서울특별시 마포구 상암동,경상사고,0,0,1,0,차대사람 - 횡단중,안전운전불이행,건조,맑음,단일로 - 기타,화물,남,52세,상해없음,보행자,남,68세,경상
2022072200100220,2022년 7월 22일 12시,금요일,서울특별시 강동구 명일동,경상사고,0,0,1,0,차대사람 - 보도통행중,기타,건조,맑음,단일로 - 기타,화물,남,36세,상해없음,보행자,여,83세,경상
2022072200100299,2022년 7월 22일 14시,금요일,서울특별시 영등포구 양평동3가,경상사고,0,0,1,0,차대사람 - 횡단중,보행자보호의무위반,건조,맑음,단일로 - 기타,화물,남,62세,상해없음,보행자,여,74세,경상
2022072200100300,2022년 7월 22일 14시,금요일,서울특별시 강동구 강일동,중상사고,0,1,0,0,차대사람 - 기타,안전운전불이행,건조,맑음,단일로 - 기타,화물,여,66세,상해없음,보행자,여,77세,중상
2022072200100303,2022년 7월 22일 14시,금요일,서울특별시 은평구 불광동,중상사고,0,1,0,0,차대사람 - 횡단중,안전운전불이행,건조,맑음,교차로 - 교차로부근,이륜,남,49세,상해없음,보행자,여,77세,중상
2022072200100603,2022년 7월 22일 23시,금요일,서울특별시 서초구 반포동,중상사고,0,1,0,0,차대사람 - 기타,안전운전불이행,건조,맑음,기타 - 기타,승용,남,42세,상해없음,보행자,남,72세,중상
2022072300100074,2022년 7월 23일 08시,토요일,서울특별시 중랑구 면목동,중상사고,0,1,0,0,차대사람 - 차도통행중,교차로운행방법위반,건조,맑음,교차로 - 교차로안,승용,남,47세,기타불명,보행자,여,65세,중상
2022072300100177,2022년 7월 23일 12시,토요일,서울특별시 중랑구 상봉동,중상사고,0,1,0,0,차대사람 - 차도통행중,신호위반,건조,맑음,교차로 - 교차로안,승용,남,63세,상해없음,보행자,여,79세,중상
2022072300100230,2022년 7월 23일 13시,토요일,서울특별시 양천구 신정동,중상사고,0,1,0,0,차대사람 - 기타,안전운전불이행,건조,맑음,단일로 - 기타,승용,남,35세,상해없음,보행자,여,76세,중상
2022072300100251,2022년 7월 23일 14시,토요일,서울특별시 서대문구 북가좌동,경상사고,0,0,1,0,차대사람 - 기타,안전운전불이행,건조,맑음,교차로 - 교차로안,승용,남,69세,상해없음,보행자,여,83세,경상
2022072300100284,2022년 7월 23일 15시,토요일,서울특별시 용산구 용산동2가,경상사고,0,0,1,0,차대사람 - 기타,안전운전불이행,건조,맑음,교차로 - 교차로부근,승용,남,48세,상해없음,보행자,여,65세,경상
2022072400100196,2022년 7월 24일 15시,일요일,서울특별시 송파구 풍납동,경상사고,0,0,2,0,차대사람 - 기타,안전운전불이행,건조,맑음,단일로 - 기타,자전거,남,55세,상해없음,보행자,여,74세,경상
2022072400100361,2022년 7월 24일 21시,일요일,서울특별시 양천구 신월동,경상사고,0,0,1,0,차대사람 - 횡단중,보행자보호의무위반,건조,맑음,교차로 - 교차로부근,승용,여,35세,상해없음,보행자,남,69세,경상
2022072500100036,2022년 7월 25일 06시,월요일,서울특별시 노원구 공릉동,경상사고,0,0,1,0,차대사람 - 횡단중,안전운전불이행,건조,맑음,교차로 - 교차로안,화물,남,43세,상해없음,보행자,남,73세,경상
2022072500100044,2022년 7월 25일 07시,월요일,서울특별시 동대문구 청량리동,경상사고,0,0,1,0,차대사람 - 차도통행중,안전운전불이행,건조,맑음,교차로 - 교차로부근,화물,남,62세,상해없음,보행자,여,67세,경상
2022072500100121,2022년 7월 25일 09시,월요일,서울특별시 중랑구 면목동,중상사고,0,1,1,0,차대사람 - 기타,기타,건조,맑음,단일로 - 기타,승용,여,62세,기타불명,보행자,여,55세,경상
2022072500100152,2022년 7월 25일 10시,월요일,서울특별시 은평구 응암동,경상사고,0,0,1,0,차대사람 - 횡단중,안전운전불이행,건조,맑음,교차로 - 교차로안,승용,남,71세,상해없음,보행자,남,72세,경상
2022072500100235,2022년 7월 25일 12시,월요일,서울특별시 강동구 천호동,경상사고,0,0,1,0,차대사람 - 횡단중,안전운전불이행,건조,맑음,교차로 - 교차로안,승용,여,37세,상해없음,보행자,여,80세,경상
2022072500100237,2022년 7월 25일 12시,월요일,서울특별시 송파구 거여동,경상사고,0,0,1,0,차대차 - 기타,기타,건조,맑음,주차장 - 주차장,승용,남,62세,상해없음,이륜,남,42세,기타불명