사고번호,사고일시,요일,시군구,사고내용,사망자수,중상자수,경상자수,부상신고자수,사고유형,법규위반,노면상태,기상상태,도로형태,가해운전자 차종,가해운전자 성별,가해운전자 연령,가해운전자 상해정도,피해운전자 차종,피해운전자 성별,피해운전자 연령,피해운전자 상해정도
2022081900100150,2022년 8월 19일 10시,금요일,서울특별시 서초구 잠원동,중상사고,0,1,0,0,차대사람 - 기타,안전운전불이행,건조,맑음,교차로 - 교차로부근,승용,남,54세,상해없음,보행자,여,66세,중상
2022081900100192,2022년 8월 19일 11시,금요일,서울특별시 노원구 월계동,경상사고,0,0,1,0,차대사람 - 횡단중,안전운전불이행,건조,맑음,교차로 - 교차로부근,승용,여,41세,상해없음,보행자,여,78세,경상
2022081900100264,2022년 8월 19일 13시,금요일,서울특별시 동대문구 용두동,경상사고,0,0,2,0,차대차 - 추돌,안전운전불이행,건조,맑음,교차로 - 교차로부근,승용,남,29세,상해없음,승합,남,59세,경상
2022082000100080,2022년 8월 20일 07시,토요일,서울특별시 중랑구 상봉동,경상사고,0,0,1,0,차대사람 - 횡단중,보행자보호의무위반,건조,맑음,교차로 - 교차로횡단보도내,승용,남,61세,상해없음,보행자,남,67세,경상
2022082000100095,2022년 8월 20일 08시,토요일,서울특별시 노원구 공릉동,경상사고,0,0,1,0,차대사람 - 기타,안전운전불이행,건조,맑음,교차로 - 교차로부근,화물,남,62세,상해없음,보행자,남,67세,경상
2022082000100423,2022년 8월 20일 17시,토요일,서울특별시 영등포구 신길동,중상사고,0,1,0,0,차대사람 - 길가장자리구역통행중,안전운전불이행,건조,맑음,단일로 - 기타,승용,남,29세,상해없음,보행자,여,65세,중상
2022082100100045,2022년 8월 21일 04시,일요일,서울특별시 강서구 등촌동,경상사고,0,0,1,0,차대사람 - 기타,안전운전불이행,건조,맑음,단일로 - 기타,승용,남,37세,상해없음,보행자,남,67세,경상
2022082100100057,2022년 8월 21일 06시,일요일,서울특별시 동대문구 전농동,중상사고,0,1,0,0,차대사람 - 기타,안전운전불이행,건조,맑음,교차로 - 교차로부근,이륜,남,59세,상해없음,보행자,여,72세,중상
2022082100100265,2022년 8월 21일 16시,일요일,서울특별시 동작구 노량진동,중상사고,0,1,0,0,차대사람 - 기타,안전운전불이행,건조,맑음,단일로 - 기타,개인형이동수단(PM),남,13세,상해없음,보행자,남,83세,중상
2022082200100019,2022년 8월 22일 05시,월요일,서울특별시 광진구 자양동,경상사고,0,0,1,0,차대사람 - 기타,안전운전불이행,건조,맑음,단일로 - 기타,기타불명,기타불명,미분류,기타불명,보행자,여,74세,경상
2022082200100438,2022년 8월 22일 19시,월요일,서울특별시 강북구 번동,중상사고,0,1,0,0,차대사람 - 기타,직진우회전진행방해,건조,맑음,교차로 - 교차로부근,승용,남,22세,상해없음,보행자,여,78세,중상
2022082200100515,2022년 8월 22일 22시,월요일,서울특별시 종로구 연건동,경상사고,0,0,2,0,차대사람 - 횡단중,안전운전불이행,젖음/습기,비,교차로 - 교차로횡단보도내,이륜,남,23세,경상,보행자,남,65세,경상
2022082300100148,2022년 8월 23일 10시,화요일,서울특별시 금천구 독산동,중상사고,0,1,0,0,차대사람 - 횡단중,안전운전불이행,건조,맑음,단일로 - 기타,승용,남,26세,상해없음,보행자,여,78세,중상
2022082300100279,2022년 8월 23일 14시,화요일,서울특별시 강북구 번동,부상신고사고,0,0,0,1,차대사람 - 기타,안전운전불이행,건조,맑음,단일로 - 기타,승합,남,57세,상해없음,보행자,여,67세,부상신고
2022082300100404,2022년 8월 23일 17시,화요일,서울특별시 도봉구 창동,중상사고,0,1,0,0,차대사람 - 횡단중,신호위반,건조,맑음,단일로 - 기타,승용,남,66세,상해없음,보행자,여,65세,중상
2022082400100088,2022년 8월 24일 08시,수요일,서울특별시 구로구 개봉동,중상사고,0,1,0,0,차대사람 - 횡단중,안전운전불이행,건조,맑음,교차로 - 교차로안,승용,여,26세,상해없음,보행자,여,67세,중상
2022082400100169,2022년 8월 24일 10시,수요일,서울특별시 강서구 화곡동,경상사고,0,0,1,0,차대사람 - 기타,기타,건조,맑음,교차로 - 교차로부근,화물,남,66세,기타불명,보행자,여,70세,경상
2022082400100301,2022년 8월 24일 14시,수요일,서울특별시 중구 을지로6가,중상사고,0,1,0,0,차대사람 - 기타,안전운전불이행,건조,맑음,교차로 - 교차로안,승합,남,53세,상해없음,보행자,여,74세,중상
2022082400100302,2022년 8월 24일 14시,수요일,서울특별시 은평구 구산동,부상신고사고,0,0,0,1,차대사람 - 차도통행중,안전운전불이행,건조,맑음,단일로 - 기타,건설기계,남,52세,상해없음,보행자,여,83세,부상신고
2022082400100307,2022년 8월 24일 14시,수요일,서울특별시 도봉구 창동,경상사고,0,0,1,0,차대사람 - 기타,안전운전불이행,건조,맑음,단일로 - 기타,이륜,남,54세,상해없음,보행자,남,67세,경상
2022082400100330,2022년 8월 24일 15시,수요일,서울특별시 성동구 성수동1가,경상사고,0,0,1,0,차대사람 - 횡단중,안전운전불이행,건조,맑음,단일로 - 기타,화물,남,43세,상해없음,보행자,남,78세,경상
2022082400100332,2022년 8월 24일 15시,수요일,서울특별시 송파구 문정동,경상사고,0,0,1,0,차대사람 - 보도통행중,기타,건조,맑음,교차로 - 교차로부근,개인형이동수단(PM),여,15세,상해없음,보행자,여,79세,경상
2022082400100530,2022년 8월 24일 20시,수요일,서울특별시 동작구 상도동,경상사고,0,0,1,0,차대사람 - 기타,안전운전불이행,건조,맑음,단일로 - 기타,승용,여,39세,상해없음,보행자,여,77세,경상
2022082500100055,2022년 8월 25일 07시,목요일,서울특별시 노원구 상계동,중상사고,0,1,0,0,차대사람 - 횡단중,안전운전불이행,건조,맑음,교차로 - 교차로부근,승용,여,35세,상해없음,보행자,남,76세,중상
2022082500100107,2022년 8월 25일 09시,목요일,서울특별시 동대문구 답십리동,중상사고,0,1,0,0,차대사람 - 횡단중,안전운전불이행,건조,맑음,단일로 - 기타,승용,여,40세,상해없음,보행자,여,75세,중상
2022082500100201,2022년 8월 25일 12시,목요일,서울특별시 동작구 상도동,경상사고,0,0,1,0,차대사람 - 기타,기타,젖음/습기,흐림,교차로 - 교차로부근,승용,남,74세,상해없음,보행자,여,71세,경상
2022082500100239,2022년 8월 25일 13시,목요일,서울특별시 구로구 오류동,경상사고,0,0,1,0,차대사람 - 횡단중,안전운전불이행,젖음/습기,비,교차로 - 교차로안,승용,남,82세,상해없음,보행자,여,70세,경상
2022082500100276,2022년 8월 25일 14시,목요일,서울특별시 중랑구 면목동,중상사고,0,1,0,0,차대사람 - 기타,안전운전불이행,젖음/습기,비,교차로 - 교차로안,화물,남,56세,상해없음,보행자,여,69세,중상
2022082500100278,2022년 8월 25일 14시,목요일,서울특별시 강남구 논현동,중상사고,0,1,0,0,차대사람 - 보도통행중,안전운전불이행,건조,맑음,교차로 - 교차로횡단보도내,승용,남,30세,기타불명,보행자,여,81세,중상
2022082600100251,2022년 8월 26일 13시,금요일,서울특별시 송파구 삼전동,중상사고,0,1,0,0,차대사람 - 기타,안전운전불이행,건조,맑음,교차로 - 교차로안,승용,남,53세,상해없음,보행자,여,86세,중상
2022082600100283,2022년 8월 26일 14시,금요일,서울특별시 성북구 돈암동,사망사고,1,1,0,0,차대차 - 기타,안전운전불이행,건조,맑음,교차로 - 교차로부근,승용,여,74세,중상,승용,여,66세,기타불명
2022082600100456,2022년 8월 26일 18시,금요일,서울특별시 강북구 번동,경상사고,0,0,1,0,차대사람 - 기타,안전운전불이행,건조,맑음,단일로 - 기타,승합,남,65세,상해없음,보행자,남,65세,경상
2022082600100461,2022년 8월 26일 18시,금요일,서울특별시 중랑구 신내동,중상사고,0,1,0,0,차대사람 - 기타,안전운전불이행,건조,맑음,교차로 - 교차로안,승합,남,61세,상해없음,보행자,여,68세,중상
2022082600100463,2022년 8월 26일 18시,금요일,서울특별시 강남구 신사동,경상사고,0,0,1,0,차대사람 - 기타,안전운전불이행,건조,맑음,단일로 - 기타,승용,남,68세,상해없음,보행자,남,65세,경상
2022082700100320,2022년 8월 27일 14시,토요일,서울특별시 동작구 사당동,경상사고,0,0,1,0,차대사람 - 기타,안전운전불이행,건조,맑음,교차로 - 교차로부근,승합,남,50세,상해없음,보행자,남,72세,경상
2022082700100489,2022년 8월 27일 18시,토요일,서울특별시 성북구 장위동,부상신고사고,0,0,0,1,차대사람 - 기타,안전운전불이행,건조,맑음,단일로 - 기타,승용,남,66세,상해없음,보행자,남,69세,부상신고
2022082800100046,2022년 8월 28일 05시,일요일,서울특별시 마포구 현석동,경상사고,0,0,1,0,차대사람 - 횡단중,안전운전불이행,건조,맑음,단일로 - 기타,승용,여,38세,상해없음,보행자,남,73세,경상
2022082800100084,2022년 8월 28일 09시,일요일,서울특별시 강동구 천호동,경상사고,0,0,1,0,차대사람 - 차도통행중,안전운전불이행,건조,맑음,교차로 - 교차로부근,승용,남,80세,상해없음,보행자,남,88세,경상
2022082800100167,2022년 8월 28일 12시,일요일,서울특별시 노원구 하계동,경상사고,0,0,1,0,차대사람 - 기타,안전운전불이행,건조,맑음,기타 - 기타,승용,남,66세,상해없음,보행자,남,79세,경상
2022082800100235,2022년 8월 28일 14시,일요일,서울특별시 동대문구 용두동,중상사고,0,1,0,0,차대사람 - 횡단중,안전운전불이행,건조,맑음,교차로 - 교차로횡단보도내,승용,남,54세,상해없음,보행자,남,87세,중상
2022082800100335,2022년 8월 28일 17시,일요일,서울특별시 성북구 정릉동,중상사고,0,1,0,0,차대사람 - 기타,안전운전불이행,건조,맑음,단일로 - 기타,승용,남,69세,상해없음,보행자,여,71세,중상
2022082900100025,2022년 8월 29일 05시,월요일,서울특별시 강동구 성내동,사망사고,1,0,0,0,차대사람 - 횡단중,기타,젖음/습기,비,교차로 - 교차로횡단보도내,승용,남,39세,상해없음,보행자,남,84세,사망
2022082900100136,2022년 8월 29일 09시,월요일,서울특별시 양천구 목동,경상사고,0,0,1,0,차대사람 - 기타,안전운전불이행,건조,맑음,교차로 - 교차로부근,승합,남,60세,상해없음,보행자,여,92세,경상
2022082900100190,2022년 8월 29일 11시,월요일,서울특별시 강서구 방화동,부상신고사고,0,0,0,1,차대사람 - 횡단중,보행자보호의무위반,젖음/습기,비,교차로 - 교차로부근,이륜,남,56세,상해없음,보행자,여,65세,부상신고
2022082900100304,2022년 8월 29일 14시,월요일,서울특별시 송파구 잠실동,경상사고,0,0,1,0,차대사람 - 기타,안전운전불이행,젖음/습기,비,기타 - 기타,승용,남,32세,상해없음,보행자,여,78세,경상
2022083000100042,2022년 8월 30일 05시,화요일,서울특별시 양천구 목동,경상사고,0,0,1,0,차대사람 - 기타,안전운전불이행,젖음/습기,비,교차로 - 교차로안,승용,남,75세,상해없음,보행자,여,67세,경상
2022083000100130,2022년 8월 30일 09시,화요일,서울특별시 영등포구 신길동,경상사고,0,0,1,0,차대사람 - 차도통행중,안전운전불이행,젖음/습기,비,교차로 - 교차로안,승용,남,31세,상해없음,보행자,여,79세,경상
2022083000100164,2022년 8월 30일 10시,화요일,서울특별시 성동구 행당동,경상사고,0,0,1,0,차대사람 - 횡단중,안전운전불이행,젖음/습기,비,단일로 - 기타,승용,여,50세,상해없음,보행자,여,75세,경상
2022083000100386,2022년 8월 30일 17시,화요일,서울특별시 성북구 동선동2가,경상사고,0,0,1,0,차대사람 - 기타,안전운전불이행,젖음/습기,비,교차로 - 교차로부근,승용,여,47세,상해없음,보행자,여,80세,경상
2022083000100389,2022년 8월 30일 17시,화요일,서울특별시 영등포구 신길동,경상사고,0,0,1,0,차대사람 - 기타,안전운전불이행,건조,맑음,단일로 - 기타,화물,남,41세,상해없음,보행자,여,72세,경상
2022083100100084,2022년 8월 31일 08시,수요일,서울특별시 성북구 돈암동,경상사고,0,0,1,0,차대사람 - 횡단중,안전운전불이행,건조,맑음,단일로 - 기타,승용,남,63세,상해없음,보행자,여,69세,경상
2022083100100264,2022년 8월 31일 14시,수요일,서울특별시 동대문구 제기동,중상사고,0,1,0,0,차대사람 - 기타,안전운전불이행,건조,맑음,단일로 - 기타,승용,남,60세,상해없음,보행자,남,72세,중상
2022083100100325,2022년 8월 31일 16시,수요일,서울특별시 용산구 한강로3가,중상사고,0,1,0,0,차대사람 - 기타,신호위반,건조,맑음,기타 - 기타,개인형이동수단(PM),여,24세,상해없음,보행자,남,66세,중상
2022083100100443,2022년 8월 31일 19시,수요일,서울특별시 서대문구 영천동,경상사고,0,0,1,0,차대사람 - 차도통행중,안전운전불이행,건조,맑음,단일로 - 기타,이륜,남,43세,상해없음,보행자,여,67세,경상
2022090100100008,2022년 9월 1일 01시,목요일,서울특별시 마포구 성산동,중상사고,0,1,0,0,차대사람 - 기타,안전운전불이행,건조,맑음,교차로 - 교차로부근,자전거,남,17세,상해없음,보행자,남,82세,중상
2022090100100055,2022년 9월 1일 07시,목요일,서울특별시 금천구 독산동,경상사고,0,0,1,0,차대사람 - 기타,안전운전불이행,건조,맑음,단일로 - 기타,승용,여,71세,상해없음,보행자,남,70세,경상
2022090100100056,2022년 9월 1일 07시,목요일,서울특별시 강동구 암사동,중상사고,0,1,0,0,차대사람 - 횡단중,안전운전불이행,건조,맑음,단일로 - 기타,승용,남,41세,상해없음,보행자,여,66세,중상
2022090100100131,2022년 9월 1일 09시,목요일,서울특별시 은평구 녹번동,중상사고,0,1,0,0,차대사람 - 기타,보행자보호의무위반,건조,맑음,교차로 - 교차로횡단보도내,승용,남,75세,상해없음,보행자,여,93세,중상
2022090100100134,2022년 9월 1일 09시,목요일,서울특별시 노원구 공릉동,경상사고,0,0,3,0,차대사람 - 횡단중,보행자보호의무위반,건조,맑음,교차로 - 교차로횡단보도내,승용,남,34세,상해없음,보행자,여,67세,경상
2022090100100156,2022년 9월 1일 10시,목요일,서울특별시 용산구 한남동,중상사고,0,1,0,0,차대사람 - 횡단중,보행자보호의무위반,건조,맑음,교차로 - 교차로안,승용,남,77세,기타불명,보행자,여,74세,중상
2022090100100434,2022년 9월 1일 17시,목요일,서울특별시 서초구 반포동,중상사고,0,1,0,0,차대사람 - 횡단중,안전운전불이행,건조,맑음,교차로 - 교차로안,화물,남,55세,상해없음,보행자,남,85세,중상
2022090100100525,2022년 9월 1일 19시,목요일,서울특별시 노원구 중계동,중상사고,0,1,0,0,차대사람 - 횡단중,안전운전불이행,건조,맑음,교차로 - 교차로횡단보도내,승용,여,56세,상해없음,보행자,남,66세,중상
2022090100100559,2022년 9월 1일 20시,목요일,서울특별시 중랑구 면목동,사망사고,1,0,0,0,차대사람 - 횡단중,안전운전불이행,건조,맑음,교차로 - 교차로안,승합,남,45세,상해없음,보행자,여,84세,사망
2022090200100019,2022년 9월 2일 02시,금요일,서울특별시 관악구 봉천동,중상사고,0,1,0,0,차대사람 - 횡단중,신호위반,건조,맑음,교차로 - 교차로횡단보도내,이륜,남,17세,상해없음,보행자,여,82세,중상
2022090200100025,2022년 9월 2일 03시,금요일,서울특별시 성동구 행당동,중상사고,0,1,0,0,차대사람 - 기타,안전운전불이행,건조,맑음,교차로 - 교차로안,승용,남,39세,상해없음,보행자,남,68세,중상
2022090200100056,2022년 9월 2일 06시,금요일,서울특별시 구로구 오류동,경상사고,0,0,1,0,차대사람 - 횡단중,신호위반,건조,맑음,단일로 - 기타,승용,여,36세,상해없음,보행자,여,73세,경상
2022090200100146,2022년 9월 2일 09시,금요일,서울특별시 종로구 묘동,중상사고,0,1,0,0,차대사람 - 차도통행중,안전운전불이행,건조,맑음,단일로 - 기타,이륜,남,57세,상해없음,보행자,남,69세,중상
2022090200100191,2022년 9월 2일 10시,금요일,서울특별시 영등포구 신길동,경상사고,0,0,1,0,차대사람 - 횡단중,보행자보호의무위반,건조,맑음,단일로 - 기타,승용,남,62세,상해없음,보행자,여,68세,경상
2022090200100195,2022년 9월 2일 10시,금요일,서울특별시 강서구 화곡동,부상신고사고,0,0,0,4,차대사람 - 기타,안전운전불이행,건조,맑음,교차로 - 교차로안,승용,여,53세,상해없음,보행자,여,76세,부상신고
2022090200100329,2022년 9월 2일 14시,금요일,서울특별시 영등포구 양평동6가,중상사고,0,1,0,0,차대사람 - 횡단중,안전운전불이행,건조,맑음,교차로 - 교차로부근,이륜,남,50세,상해없음,보행자,여,68세,중상
2022090200100374,2022년 9월 2일 15시,금요일,서울특별시 강서구 화곡동,중상사고,0,1,0,0,차대사람 - 차도통행중,안전운전불이행,건조,맑음,단일로 - 기타,승용,남,68세,상해없음,보행자,여,66세,중상
2022090200100417,2022년 9월 2일 16시,금요일,서울특별시 중구 남대문로4가,경상사고,0,0,1,0,차대사람 - 기타,안전운전불이행,건조,맑음,단일로 - 기타,자전거,남,39세,상해없음,보행자,여,65세,경상
2022090200100420,2022년 9월 2일 16시,금요일,서울특별시 강북구 수유동,중상사고,0,1,0,0,차대사람 - 횡단중,안전운전불이행,건조,맑음,교차로 - 교차로안,승합,남,38세,상해없음,보행자,여,81세,중상
2022090200100689,2022년 9월 2일 22시,금요일,서울특별시 강북구 미아동,경상사고,0,0,1,0,차대사람 - 차도통행중,안전운전불이행,건조,맑음,교차로 - 교차로안,승용,남,61세,상해없음,보행자,여,70세,경상
2022090300100093,2022년 9월 3일 07시,토요일,서울특별시 구로구 구로동,경상사고,0,0,1,0,차대사람 - 횡단중,안전운전불이행,건조,맑음,단일로 - 기타,이륜,남,24세,상해없음,보행자,여,67세,경상
2022090300100125,2022년 9월 3일 09시,토요일,서울특별시 서대문구 홍제동,중상사고,0,1,0,0,차대사람 - 횡단중,안전운전불이행,건조,맑음,교차로 - 교차로안,이륜,남,41세,상해없음,보행자,남,73세,중상
2022090300100126,2022년 9월 3일 09시,토요일,서울특별시 은평구 응암동,경상사고,0,0,1,0,차대사람 - 보도통행중,기타,건조,맑음,단일로 - 기타,자전거,남,84세,기타불명,보행자,여,73세,경상
2022090300100129,2022년 9월 3일 09시,토요일,서울특별시 동대문구 제기동,중상사고,0,1,0,0,차대사람 - 횡단중,안전운전불이행,건조,맑음,교차로 - 교차로횡단보도내,이륜,남,70세,상해없음,보행자,여,79세,중상
2022090300100328,2022년 9월 3일 14시,토요일,서울특별시 광진구 중곡동,경상사고,0,0,1,0,차대사람 - 횡단중,보행자보호의무위반,건조,맑음,단일로 - 기타,승합,남,69세,상해없음,보행자,여,70세,경상
2022090300100332,2022년 9월 3일 14시,토요일,서울특별시 노원구 상계동,부상신고사고,0,0,0,1,차대사람 - 차도통행중,안전운전불이행,건조,맑음,단일로 - 기타,승합,남,62세,상해없음,보행자,남,80세,부상신고
2022090300100434,2022년 9월 3일 17시,토요일,서울특별시 서초구 양재동,경상사고,0,0,1,0,차대사람 - 길가장자리구역통행중,안전운전불이행,건조,맑음,단일로 - 기타,화물,남,66세,상해없음,보행자,여,81세,경상
2022090400100367,2022년 9월 4일 19시,일요일,서울특별시 강동구 암사동,중상사고,0,1,0,0,차대사람 - 기타,안전운전불이행,젖음/습기,비,단일로 - 기타,이륜,남,48세,상해없음,보행자,여,75세,중상
2022090500100057,2022년 9월 5일 07시,월요일,서울특별시 서대문구 홍제동,경상사고,0,0,1,0,차대사람 - 기타,안전운전불이행,젖음/습기,비,단일로 - 기타,승용,여,63세,상해없음,보행자,여,72세,경상
2022090500100125,2022년 9월 5일 09시,월요일,서울특별시 중구 신당동,중상사고,0,1,0,0,차대사람 - 기타,보행자보호의무위반,젖음/습기,비,기타 - 기타,승용,남,68세,상해없음,보행자,여,75세,중상
2022090500100130,2022년 9월 5일 09시,월요일,서울특별시 강서구 화곡동,부상신고사고,0,0,0,1,차대사람 - 보도통행중,기타,젖음/습기,비,단일로 - 기타,승용,남,64세,상해없음,보행자,남,69세,부상신고
2022090500100164,2022년 9월 5일 10시,월요일,서울특별시 관악구 신림동,경상사고,0,0,1,0,차대사람 - 횡단중,보행자보호의무위반,젖음/습기,비,교차로 - 교차로부근,승용,여,49세,상해없음,보행자,남,67세,경상
2022090500100194,2022년 9월 5일 11시,월요일,서울특별시 관악구 신림동,중상사고,0,1,0,0,차대사람 - 차도통행중,안전운전불이행,젖음/습기,비,교차로 - 교차로안,승용,남,50세,상해없음,보행자,여,72세,중상
2022090500100306,2022년 9월 5일 15시,월요일,서울특별시 송파구 거여동,경상사고,0,0,1,0,차대사람 - 횡단중,안전운전불이행,젖음/습기,비,단일로 - 기타,승용,남,78세,상해없음,보행자,여,71세,경상
2022090500100334,2022년 9월 5일 16시,월요일,서울특별시 송파구 잠실동,중상사고,0,1,0,0,차대사람 - 기타,안전운전불이행,젖음/습기,비,교차로 - 교차로안,승용,남,34세,상해없음,보행자,여,71세,중상
2022090600100024,2022년 9월 6일 01시,화요일,서울특별시 서초구 서초동,부상신고사고,0,0,0,1,차대사람 - 기타,안전운전불이행,건조,맑음,교차로 - 교차로부근,화물,남,39세,상해없음,보행자,남,66세,부상신고
2022090600100123,2022년 9월 6일 10시,화요일,서울특별시 금천구 가산동,중상사고,0,1,0,0,차대사람 - 기타,안전운전불이행,건조,맑음,교차로 - 교차로안,화물,남,54세,상해없음,보행자,여,69세,중상
2022090600100207,2022년 9월 6일 13시,화요일,서울특별시 관악구 봉천동,경상사고,0,0,1,0,차대사람 - 횡단중,안전운전불이행,건조,맑음,기타 - 기타,승용,남,65세,기타불명,보행자,여,65세,경상
2022090600100288,2022년 9월 6일 15시,화요일,서울특별시 강서구 방화동,경상사고,0,0,1,0,차대사람 - 차도통행중,안전운전불이행,건조,맑음,교차로 - 교차로부근,승용,여,35세,상해없음,보행자,여,84세,경상
2022090600100320,2022년 9월 6일 16시,화요일,서울특별시 영등포구 대림동,중상사고,0,1,0,0,차대사람 - 차도통행중,안전운전불이행,건조,맑음,교차로 - 교차로부근,승용,남,59세,상해없음,보행자,여,65세,중상
2022090600100362,2022년 9월 6일 17시,화요일,서울특별시 동대문구 전농동,경상사고,0,0,1,0,차대사람 - 기타,안전운전불이행,건조,맑음,단일로 - 기타,승용,여,66세,상해없음,보행자,남,81세,경상
2022090700100262,2022년 9월 7일 11시,수요일,서울특별시 성북구 장위동,사망사고,1,0,1,0,차대차 - 기타,안전운전불이행,건조,맑음,교차로 - 교차로부근,화물,남,70세,상해없음,승용,남,69세,경상
2022090700100393,2022년 9월 7일 15시,수요일,서울특별시 서초구 잠원동,중상사고,0,1,0,0,차대사람 - 횡단중,안전운전불이행,건조,맑음,단일로 - 기타,승용,남,56세,상해없음,보행자,여,66세,중상
2022090700100666,2022년 9월 7일 21시,수요일,서울특별시 노원구 공릉동,중상사고,0,1,0,0,차대사람 - 횡단중,안전운전불이행,건조,맑음,교차로 - 교차로횡단보도내,승용,여,27세,상해없음,보행자,남,68세,중상
2022090800100039,2022년 9월 8일 05시,목요일,서울특별시 강서구 방화동,중상사고,0,1,0,0,차대사람 - 기타,안전운전불이행,건조,맑음,단일로 - 기타,승용,남,70세,기타불명,보행자,남,72세,중상
2022090800100132,2022년 9월 8일 09시,목요일,서울특별시 은평구 신사동,중상사고,0,1,0,0,차대사람 - 횡단중,보행자보호의무위반,건조,맑음,교차로 - 교차로횡단보도내,승용,남,73세,상해없음,보행자,여,83세,중상
2022090800100167,2022년 9월 8일 10시,목요일,서울특별시 은평구 신사동,경상사고,0,0,1,0,차대사람 - 횡단중,신호위반,건조,맑음,교차로 - 교차로안,승용,남,57세,상해없음,보행자,여,72세,경상
2022090800100170,2022년 9월 8일 10시,목요일,서울특별시 강북구 수유동,중상사고,0,1,0,0,차대사람 - 기타,기타,건조,맑음,단일로 - 기타,승용,남,60세,상해없음,보행자,남,71세,중상
2022090800100171,2022년 9월 8일 10시,목요일,서울특별시 강북구 미아동,중상사고,0,1,0,0,차대사람 - 기타,안전운전불이행,건조,맑음,단일로 - 기타,승용,남,25세,기타불명,보행자,여,68세,중상
2022090800100255,2022년 9월 8일 12시,목요일,서울특별시 종로구 봉익동,경상사고,0,0,1,0,차대사람 - 길가장자리구역통행중,안전운전불이행,건조,맑음,단일로 - 기타,원동기,남,38세,상해없음,보행자,여,69세,경상
2022090800100260,2022년 9월 8일 12시,목요일,서울특별시 영등포구 양평동4가,경상사고,0,0,1,0,차대사람 - 횡단중,안전운전불이행,건조,맑음,단일로 - 기타,승용,남,60세,상해없음,보행자,여,79세,경상
2022090800100339,2022년 9월 8일 14시,목요일,서울특별시 동대문구 제기동,경상사고,0,0,1,0,차대사람 - 기타,안전운전불이행,건조,맑음,교차로 - 교차로안,승용,여,61세,상해없음,보행자,여,74세,경상
2022090800100344,2022년 9월 8일 14시,목요일,서울특별시 양천구 신정동,중상사고,0,1,0,0,차대사람 - 기타,안전운전불이행,건조,맑음,단일로 - 기타,승용,남,66세,상해없음,보행자,여,82세,중상
2022090800100397,2022년 9월 8일 15시,목요일,서울특별시 구로구 오류동,경상사고,0,0,1,0,차대사람 - 기타,안전운전불이행,건조,맑음,단일로 - 기타,승용,여,55세,상해없음,보행자,여,78세,경상
2022090800100399,2022년 9월 8일 15시,목요일,서울특별시 노원구 상계동,경상사고,0,0,1,0,차대사람 - 기타,안전운전불이행,건조,맑음,단일로 - 기타,개인형이동수단(PM),남,14세,상해없음,보행자,여,65세,경상
2022090800100532,2022년 9월 8일 17시,목요일,서울특별시 동대문구 제기동,경상사고,0,0,1,0,차대사람 - 차도통행중,안전운전불이행,건조,맑음,단일로 - 기타,화물,남,55세,상해없음,보행자,남,71세,경상
2022090800100738,2022년 9월 8일 21시,목요일,서울특별시 종로구 종로2가,중상사고,0,1,1,0,차대사람 - 횡단중,안전운전불이행,건조,맑음,기타 - 기타,이륜,남,40세,상해없음,보행자,남,78세,중상
2022090900100071,2022년 9월 9일 06시,금요일,서울특별시 강북구 미아동,중상사고,0,1,0,0,차대사람 - 기타,안전운전불이행,건조,맑음,교차로 - 교차로안,승용,남,24세,상해없음,보행자,남,77세,중상
2022090900100109,2022년 9월 9일 09시,금요일,서울특별시 동작구 사당동,경상사고,0,0,1,0,차대사람 - 차도통행중,안전운전불이행,건조,맑음,단일로 - 기타,화물,남,58세,상해없음,보행자,여,68세,경상
2022090900100193,2022년 9월 9일 12시,금요일,서울특별시 성북구 보문동7가,경상사고,0,0,1,0,차대사람 - 횡단중,보행자보호의무위반,건조,맑음,교차로 - 교차로부근,승합,남,56세,상해없음,보행자,여,83세,경상
2022091200100018,2022년 9월 12일 01시,월요일,서울특별시 양천구 신월동,부상신고사고,0,0,0,1,차대사람 - 기타,기타,건조,맑음,기타 - 기타,화물,남,51세,상해없음,보행자,남,67세,부상신고
2022091200100049,2022년 9월 12일 04시,월요일,서울특별시 동대문구 전농동,중상사고,0,1,0,0,차대사람 - 횡단중,안전운전불이행,건조,맑음,단일로 - 기타,승용,남,67세,상해없음,보행자,남,87세,중상
2022091200100050,2022년 9월 12일 04시,월요일,서울특별시 금천구 시흥동,중상사고,0,1,1,0,차대차 - 기타,신호위반,건조,맑음,단일로 - 기타,승용,남,63세,상해없음,승용,남,62세,중상
2022091200100346,2022년 9월 12일 20시,월요일,서울특별시 동작구 흑석동,중상사고,0,1,0,0,차대사람 - 기타,안전운전불이행,건조,맑음,단일로 - 기타,승용,남,43세,상해없음,보행자,여,69세,중상
2022091300100065,2022년 9월 13일 08시,화요일,서울특별시 노원구 중계동,중상사고,0,1,0,0,차대사람 - 보도통행중,안전운전불이행,건조,맑음,기타 - 기타,자전거,여,14세,상해없음,보행자,여,67세,중상