사고번호,사고일시,요일,시군구,사고내용,사망자수,중상자수,경상자수,부상신고자수,사고유형,법규위반,노면상태,기상상태,도로형태,가해운전자 차종,가해운전자 성별,가해운전자 연령,가해운전자 상해정도,피해운전자 차종,피해운전자 성별,피해운전자 연령,피해운전자 상해정도
2022100600100229,2022년 10월 6일 12시,목요일,서울특별시 노원구 하계동,경상사고,0,0,1,0,차대사람 - 차도통행중,안전운전불이행,건조,맑음,교차로 - 교차로부근,개인형이동수단(PM),남,66세,상해없음,보행자,여,73세,경상
2022100600100274,2022년 10월 6일 14시,목요일,서울특별시 도봉구 쌍문동,중상사고,0,1,0,0,차대사람 - 기타,안전운전불이행,건조,흐림,교차로 - 교차로부근,승용,남,62세,상해없음,보행자,여,81세,중상
2022100600100302,2022년 10월 6일 15시,목요일,서울특별시 중구 신당동,중상사고,0,1,0,0,차대사람 - 기타,안전운전불이행,건조,맑음,단일로 - 기타,승합,남,73세,상해없음,보행자,여,86세,중상
2022100600100303,2022년 10월 6일 15시,목요일,서울특별시 강북구 번동,중상사고,0,1,0,0,차대사람 - 차도통행중,안전운전불이행,건조,맑음,교차로 - 교차로부근,승용,남,57세,상해없음,보행자,남,93세,중상
2022100600100344,2022년 10월 6일 16시,목요일,서울특별시 강북구 수유동,중상사고,0,1,0,0,차대사람 - 기타,안전운전불이행,건조,맑음,단일로 - 기타,화물,남,23세,상해없음,보행자,남,74세,중상
2022100600100386,2022년 10월 6일 17시,목요일,서울특별시 영등포구 당산동1가,중상사고,0,1,0,0,차대사람 - 횡단중,보행자보호의무위반,건조,맑음,교차로 - 교차로횡단보도내,승합,여,62세,기타불명,보행자,남,72세,중상
2022100600100593,2022년 10월 6일 23시,목요일,서울특별시 동대문구 장안동,경상사고,0,0,1,0,차대사람 - 횡단중,보행자보호의무위반,건조,맑음,교차로 - 교차로부근,승용,남,62세,상해없음,보행자,남,73세,경상
2022100700100097,2022년 10월 7일 08시,금요일,서울특별시 동대문구 제기동,중상사고,0,1,0,0,차대사람 - 기타,안전운전불이행,건조,맑음,단일로 - 기타,건설기계,남,29세,상해없음,보행자,남,75세,중상
2022100700100158,2022년 10월 7일 09시,금요일,서울특별시 강동구 성내동,중상사고,0,1,0,0,차대사람 - 보도통행중,안전운전불이행,건조,맑음,기타 - 기타,자전거,기타불명,미분류,기타불명,보행자,남,75세,중상
2022100700100252,2022년 10월 7일 12시,금요일,서울특별시 성동구 성수동1가,경상사고,0,0,1,0,차대사람 - 횡단중,안전운전불이행,건조,맑음,교차로 - 교차로안,승용,남,54세,상해없음,보행자,남,78세,경상
2022100700100255,2022년 10월 7일 12시,금요일,서울특별시 관악구 봉천동,중상사고,0,1,0,0,차대사람 - 차도통행중,안전운전불이행,건조,맑음,단일로 - 기타,승용,여,70세,상해없음,보행자,남,80세,중상
2022100700100259,2022년 10월 7일 12시,금요일,서울특별시 도봉구 창동,중상사고,0,1,0,0,차대사람 - 길가장자리구역통행중,안전운전불이행,건조,맑음,단일로 - 기타,승용,남,81세,상해없음,보행자,여,66세,중상
2022100700100260,2022년 10월 7일 12시,금요일,서울특별시 은평구 갈현동,중상사고,0,1,0,0,차대사람 - 보도통행중,기타,건조,맑음,단일로 - 기타,화물,남,50세,상해없음,보행자,여,69세,중상
2022100700100410,2022년 10월 7일 16시,금요일,서울특별시 종로구 창신동,중상사고,0,1,0,0,차대사람 - 횡단중,안전운전불이행,건조,맑음,단일로 - 기타,이륜,남,36세,상해없음,보행자,여,87세,중상
2022100700100411,2022년 10월 7일 16시,금요일,서울특별시 용산구 한강로2가,중상사고,0,1,0,0,차대사람 - 기타,안전운전불이행,건조,맑음,단일로 - 기타,승용,남,38세,상해없음,보행자,남,71세,중상
2022100800100159,2022년 10월 8일 10시,토요일,서울특별시 은평구 대조동,중상사고,0,1,0,0,차대사람 - 횡단중,안전운전불이행,건조,맑음,교차로 - 교차로횡단보도내,화물,남,52세,상해없음,보행자,여,75세,중상
2022100800100193,2022년 10월 8일 11시,토요일,서울특별시 구로구 오류동,중상사고,0,1,0,0,차대사람 - 보도통행중,안전운전불이행,건조,맑음,교차로 - 교차로부근,화물,남,57세,상해없음,보행자,남,80세,중상
2022100800100233,2022년 10월 8일 12시,토요일,서울특별시 중구 수표동,중상사고,0,1,0,0,차대사람 - 기타,안전운전불이행,건조,맑음,기타 - 기타,승용,남,52세,상해없음,보행자,남,75세,중상
2022100800100330,2022년 10월 8일 14시,토요일,서울특별시 송파구 거여동,경상사고,0,0,1,0,차대사람 - 기타,안전운전불이행,건조,맑음,단일로 - 기타,승용,여,62세,상해없음,보행자,여,75세,경상
2022100800100398,2022년 10월 8일 16시,토요일,서울특별시 동대문구 신설동,경상사고,0,0,1,0,차대사람 - 차도통행중,안전운전불이행,건조,맑음,단일로 - 기타,승용,남,39세,상해없음,보행자,남,71세,경상
2022100800100442,2022년 10월 8일 17시,토요일,서울특별시 강북구 미아동,경상사고,0,0,1,0,차대사람 - 길가장자리구역통행중,안전운전불이행,건조,맑음,교차로 - 교차로부근,승용,남,31세,상해없음,보행자,남,81세,경상
2022100800100603,2022년 10월 8일 21시,토요일,서울특별시 은평구 신사동,경상사고,0,0,1,0,차대사람 - 기타,안전운전불이행,건조,맑음,교차로 - 교차로안,승용,남,29세,상해없음,보행자,남,66세,경상
2022100900100076,2022년 10월 9일 08시,일요일,서울특별시 송파구 풍납동,중상사고,0,1,0,0,차대사람 - 횡단중,보행자보호의무위반,건조,맑음,단일로 - 기타,화물,남,59세,상해없음,보행자,여,73세,중상
2022100900100121,2022년 10월 9일 11시,일요일,서울특별시 강북구 수유동,중상사고,0,1,0,0,차대사람 - 횡단중,보행자보호의무위반,젖음/습기,비,교차로 - 교차로부근,승용,남,64세,상해없음,보행자,여,81세,중상
2022100900100212,2022년 10월 9일 14시,일요일,서울특별시 중랑구 면목동,경상사고,0,0,1,0,차대사람 - 횡단중,신호위반,젖음/습기,비,교차로 - 교차로안,이륜,남,53세,상해없음,보행자,남,82세,경상
2022100900100331,2022년 10월 9일 18시,일요일,서울특별시 서초구 서초동,중상사고,0,1,0,0,차대사람 - 기타,안전운전불이행,젖음/습기,비,교차로 - 교차로안,이륜,남,43세,상해없음,보행자,남,65세,중상
2022100900100379,2022년 10월 9일 19시,일요일,서울특별시 동대문구 용두동,중상사고,0,1,0,0,차대사람 - 보도통행중,보행자보호의무위반,젖음/습기,비,교차로 - 교차로부근,승용,남,65세,상해없음,보행자,남,74세,중상
2022100900100382,2022년 10월 9일 19시,일요일,서울특별시 영등포구 여의도동,중상사고,0,1,0,0,차대사람 - 횡단중,신호위반,젖음/습기,비,단일로 - 기타,승합,남,74세,상해없음,보행자,여,69세,중상
2022101000100039,2022년 10월 10일 05시,월요일,서울특별시 관악구 신림동,경상사고,0,0,1,0,차대사람 - 횡단중,신호위반,건조,맑음,기타 - 기타,승용,남,74세,상해없음,보행자,여,76세,경상
2022101000100094,2022년 10월 10일 10시,월요일,서울특별시 구로구 고척동,경상사고,0,0,1,0,차대사람 - 보도통행중,보행자보호의무위반,건조,맑음,단일로 - 기타,승용,남,32세,상해없음,보행자,여,72세,경상
2022101000100111,2022년 10월 10일 11시,월요일,서울특별시 강북구 미아동,사망사고,1,0,0,0,차대사람 - 횡단중,안전운전불이행,젖음/습기,비,교차로 - 교차로안,승용,남,39세,상해없음,보행자,여,80세,사망
2022101000100316,2022년 10월 10일 17시,월요일,서울특별시 구로구 구로동,경상사고,0,0,1,0,차대사람 - 길가장자리구역통행중,안전운전불이행,건조,맑음,교차로 - 교차로안,기타불명,기타불명,미분류,기타불명,보행자,여,89세,경상
2022101000100349,2022년 10월 10일 18시,월요일,서울특별시 동작구 대방동,중상사고,0,1,0,0,차대사람 - 횡단중,안전운전불이행,건조,맑음,단일로 - 기타,승합,남,45세,상해없음,보행자,여,76세,중상
2022101000100463,2022년 10월 10일 22시,월요일,서울특별시 성북구 종암동,경상사고,0,0,1,0,차대사람 - 차도통행중,안전운전불이행,건조,맑음,교차로 - 교차로안,승용,여,36세,상해없음,보행자,여,69세,경상
2022101100100139,2022년 10월 11일 09시,화요일,서울특별시 강서구 화곡동,경상사고,0,0,1,0,차대사람 - 기타,안전운전불이행,건조,맑음,교차로 - 교차로부근,승합,남,65세,상해없음,보행자,남,74세,경상
2022101100100176,2022년 10월 11일 10시,화요일,서울특별시 중구 충무로4가,경상사고,0,0,1,0,차대사람 - 기타,안전운전불이행,건조,맑음,단일로 - 기타,승용,여,40세,상해없음,보행자,남,74세,경상
2022101100100219,2022년 10월 11일 11시,화요일,서울특별시 영등포구 당산동1가,경상사고,0,0,1,0,차대사람 - 횡단중,보행자보호의무위반,건조,맑음,단일로 - 기타,승합,남,65세,상해없음,보행자,남,89세,경상
2022101100100360,2022년 10월 11일 15시,화요일,서울특별시 강북구 미아동,중상사고,0,1,0,0,차대사람 - 횡단중,안전운전불이행,건조,맑음,교차로 - 교차로안,승용,남,31세,상해없음,보행자,남,90세,중상
2022101100100611,2022년 10월 11일 20시,화요일,서울특별시 관악구 신림동,경상사고,0,0,1,0,차대사람 - 보도통행중,신호위반,건조,맑음,단일로 - 기타,자전거,남,64세,상해없음,보행자,남,70세,경상
2022101200100144,2022년 10월 12일 09시,수요일,서울특별시 종로구 봉익동,경상사고,0,0,1,0,차대사람 - 기타,안전운전불이행,건조,맑음,교차로 - 교차로부근,승용,남,65세,상해없음,보행자,남,70세,경상
2022101200100179,2022년 10월 12일 10시,수요일,서울특별시 종로구 부암동,경상사고,0,0,1,0,차대사람 - 보도통행중,기타,건조,맑음,기타 - 기타,승용,여,53세,상해없음,보행자,남,69세,경상
2022101200100274,2022년 10월 12일 13시,수요일,서울특별시 성북구 석관동,부상신고사고,0,0,0,1,차대사람 - 횡단중,안전운전불이행,건조,맑음,교차로 - 교차로부근,화물,남,50세,상해없음,보행자,남,79세,부상신고
2022101200100309,2022년 10월 12일 14시,수요일,서울특별시 동대문구 전농동,경상사고,0,0,1,0,차대사람 - 기타,안전운전불이행,건조,맑음,단일로 - 기타,승용,여,66세,상해없음,보행자,여,79세,경상
2022101200100315,2022년 10월 12일 14시,수요일,서울특별시 서초구 방배동,사망사고,1,0,0,0,차대사람 - 횡단중,안전운전불이행,건조,맑음,교차로 - 교차로부근,화물,남,56세,상해없음,보행자,여,79세,사망
2022101200100522,2022년 10월 12일 19시,수요일,서울특별시 마포구 합정동,중상사고,0,1,0,0,차대사람 - 기타,기타,건조,맑음,단일로 - 기타,승용,여,68세,상해없음,보행자,여,70세,중상
2022101200100531,2022년 10월 12일 19시,수요일,서울특별시 노원구 중계동,중상사고,0,1,0,0,차대사람 - 횡단중,안전운전불이행,건조,맑음,단일로 - 기타,승용,남,42세,상해없음,보행자,여,67세,중상
2022101300100050,2022년 10월 13일 06시,목요일,서울특별시 금천구 시흥동,부상신고사고,0,0,0,1,차대사람 - 기타,안전운전불이행,건조,맑음,단일로 - 기타,승합,여,60세,상해없음,보행자,남,81세,부상신고
2022101300100069,2022년 10월 13일 07시,목요일,서울특별시 송파구 문정동,경상사고,0,0,1,0,차대사람 - 길가장자리구역통행중,기타,건조,맑음,단일로 - 기타,승용,남,53세,상해없음,보행자,남,70세,경상
2022101300100221,2022년 10월 13일 11시,목요일,서울특별시 서초구 양재동,중상사고,0,1,0,0,차대사람 - 횡단중,안전운전불이행,건조,맑음,교차로 - 교차로횡단보도내,승용,남,61세,상해없음,보행자,여,70세,중상
2022101300100222,2022년 10월 13일 11시,목요일,서울특별시 양천구 신월동,중상사고,0,1,0,0,차대사람 - 횡단중,보행자보호의무위반,건조,맑음,교차로 - 교차로안,화물,남,70세,상해없음,보행자,남,87세,중상
2022101300100382,2022년 10월 13일 16시,목요일,서울특별시 동대문구 제기동,중상사고,0,1,0,0,차대사람 - 기타,안전운전불이행,건조,맑음,단일로 - 기타,승합,남,43세,상해없음,보행자,남,80세,중상
2022101300100383,2022년 10월 13일 16시,목요일,서울특별시 중랑구 면목동,중상사고,0,1,0,0,차대사람 - 길가장자리구역통행중,안전운전불이행,건조,맑음,단일로 - 기타,화물,남,47세,상해없음,보행자,여,90세,중상
2022101300100645,2022년 10월 13일 23시,목요일,서울특별시 동대문구 용두동,경상사고,0,0,1,0,차대사람 - 기타,기타,건조,흐림,단일로 - 기타,승합,남,59세,상해없음,보행자,여,68세,경상
2022101400100013,2022년 10월 14일 01시,금요일,서울특별시 관악구 신림동,중상사고,0,1,1,0,차대사람 - 횡단중,안전운전불이행,건조,맑음,교차로 - 교차로횡단보도내,이륜,남,29세,경상,보행자,남,65세,중상
2022101400100059,2022년 10월 14일 07시,금요일,서울특별시 마포구 성산동,사망사고,1,0,0,0,차대사람 - 횡단중,보행자보호의무위반,건조,맑음,교차로 - 교차로횡단보도내,승용,남,31세,상해없음,보행자,남,80세,사망
2022101400100082,2022년 10월 14일 08시,금요일,서울특별시 은평구 응암동,경상사고,0,0,1,0,차대사람 - 횡단중,신호위반,건조,맑음,교차로 - 교차로횡단보도내,승용,남,54세,상해없음,보행자,여,77세,경상
2022101400100177,2022년 10월 14일 11시,금요일,서울특별시 강북구 번동,중상사고,0,1,0,0,차대사람 - 기타,보행자보호의무위반,건조,맑음,교차로 - 교차로안,화물,남,62세,상해없음,보행자,남,70세,중상
2022101400100251,2022년 10월 14일 13시,금요일,서울특별시 서대문구 연희동,중상사고,0,1,0,0,차대사람 - 기타,보행자보호의무위반,건조,맑음,교차로 - 교차로안,개인형이동수단(PM),여,20세,상해없음,보행자,여,78세,중상
2022101400100253,2022년 10월 14일 13시,금요일,서울특별시 영등포구 영등포동6가,사망사고,1,0,0,0,차대사람 - 기타,안전운전불이행,건조,맑음,단일로 - 기타,승용,남,62세,상해없음,보행자,남,80세,사망
2022101400100303,2022년 10월 14일 14시,금요일,서울특별시 중랑구 중화동,중상사고,0,1,0,0,차대사람 - 횡단중,교차로운행방법위반,건조,맑음,교차로 - 교차로횡단보도내,화물,남,48세,상해없음,보행자,여,79세,중상
2022101400100381,2022년 10월 14일 16시,금요일,서울특별시 중랑구 면목동,부상신고사고,0,0,0,1,차대사람 - 보도통행중,안전운전불이행,건조,맑음,단일로 - 기타,자전거,남,78세,기타불명,보행자,여,67세,부상신고
2022101400100484,2022년 10월 14일 18시,금요일,서울특별시 강북구 미아동,경상사고,0,0,1,0,차대사람 - 횡단중,보행자보호의무위반,건조,맑음,교차로 - 교차로부근,승용,남,41세,상해없음,보행자,남,65세,경상
2022101400100489,2022년 10월 14일 18시,금요일,서울특별시 동작구 흑석동,중상사고,0,1,0,0,차대사람 - 횡단중,보행자보호의무위반,건조,맑음,교차로 - 교차로안,승용,여,69세,상해없음,보행자,여,67세,중상
2022101500100038,2022년 10월 15일 03시,토요일,서울특별시 금천구 시흥동,중상사고,0,1,0,0,차대사람 - 횡단중,안전운전불이행,건조,맑음,교차로 - 교차로횡단보도내,승용,남,59세,상해없음,보행자,여,71세,중상
2022101600100200,2022년 10월 16일 13시,일요일,서울특별시 성북구 정릉동,경상사고,0,0,1,0,차대사람 - 횡단중,안전운전불이행,건조,맑음,교차로 - 교차로부근,승용,여,63세,상해없음,보행자,여,83세,경상
2022101600100222,2022년 10월 16일 14시,일요일,서울특별시 강북구 미아동,경상사고,0,0,1,0,차대사람 - 기타,안전운전불이행,건조,맑음,교차로 - 교차로안,승용,여,60세,상해없음,보행자,남,73세,경상
2022101600100343,2022년 10월 16일 18시,일요일,서울특별시 양천구 신정동,부상신고사고,0,0,0,1,차대사람 - 횡단중,보행자보호의무위반,건조,맑음,교차로 - 교차로부근,자전거,남,15세,상해없음,보행자,여,76세,부상신고
2022101700100051,2022년 10월 17일 07시,월요일,서울특별시 서대문구 홍은동,중상사고,0,1,0,0,차대사람 - 차도통행중,안전운전불이행,건조,맑음,단일로 - 기타,승용,남,61세,상해없음,보행자,남,79세,중상
2022101700100171,2022년 10월 17일 10시,월요일,서울특별시 중구 인현동2가,중상사고,0,1,0,0,차대사람 - 기타,안전운전불이행,건조,맑음,기타 - 기타,건설기계,남,66세,상해없음,보행자,남,85세,중상
2022101700100219,2022년 10월 17일 11시,월요일,서울특별시 강남구 도곡동,경상사고,0,0,1,0,차대사람 - 기타,안전운전불이행,건조,맑음,단일로 - 기타,승합,남,40세,상해없음,보행자,남,81세,경상
2022101700100257,2022년 10월 17일 12시,월요일,서울특별시 강동구 성내동,중상사고,0,1,1,0,차대사람 - 기타,안전운전불이행,건조,맑음,교차로 - 교차로부근,승합,남,46세,상해없음,보행자,여,67세,경상
2022101800100078,2022년 10월 18일 08시,화요일,서울특별시 종로구 종로6가,중상사고,0,1,0,0,차대사람 - 기타,기타,건조,맑음,단일로 - 기타,자전거,여,62세,상해없음,보행자,여,67세,중상
2022101800100226,2022년 10월 18일 12시,화요일,서울특별시 동작구 노량진동,경상사고,0,0,1,0,차대사람 - 기타,기타,건조,맑음,단일로 - 기타,화물,남,71세,상해없음,보행자,남,86세,경상
2022101800100312,2022년 10월 18일 14시,화요일,서울특별시 영등포구 대림동,중상사고,0,1,0,0,차대사람 - 기타,안전운전불이행,건조,맑음,단일로 - 기타,화물,남,48세,상해없음,보행자,남,85세,중상
2022101800100493,2022년 10월 18일 18시,화요일,서울특별시 동대문구 답십리동,경상사고,0,0,2,0,차대사람 - 횡단중,보행자보호의무위반,건조,맑음,교차로 - 교차로횡단보도내,승용,여,31세,상해없음,보행자,여,63세,경상
2022101900100001,2022년 10월 19일 00시,수요일,서울특별시 중구 신당동,중상사고,0,1,0,0,차대사람 - 횡단중,안전운전불이행,건조,맑음,단일로 - 기타,승용,남,65세,상해없음,보행자,남,78세,중상
2022101900100048,2022년 10월 19일 07시,수요일,서울특별시 강동구 암사동,부상신고사고,0,0,0,1,차대사람 - 기타,안전운전불이행,건조,맑음,교차로 - 교차로부근,승용,남,44세,상해없음,보행자,여,72세,부상신고
2022101900100083,2022년 10월 19일 08시,수요일,서울특별시 광진구 중곡동,경상사고,0,0,1,0,차대사람 - 기타,기타,건조,맑음,기타 - 기타,화물,남,51세,상해없음,보행자,여,81세,경상
2022101900100174,2022년 10월 19일 10시,수요일,서울특별시 성북구 장위동,경상사고,0,0,1,0,차대사람 - 길가장자리구역통행중,안전운전불이행,건조,맑음,단일로 - 기타,승용,남,65세,상해없음,보행자,여,81세,경상
2022101900100429,2022년 10월 19일 17시,수요일,서울특별시 강서구 공항동,경상사고,0,0,1,0,차대사람 - 기타,기타,건조,맑음,단일로 - 기타,승합,남,51세,상해없음,보행자,여,79세,경상
2022101900100547,2022년 10월 19일 19시,수요일,서울특별시 도봉구 창동,중상사고,0,1,0,0,차대사람 - 횡단중,신호위반,건조,맑음,교차로 - 교차로안,승용,남,62세,상해없음,보행자,남,76세,중상
2022102000100209,2022년 10월 20일 11시,목요일,서울특별시 서대문구 홍은동,중상사고,0,1,0,0,차대사람 - 기타,보행자보호의무위반,건조,맑음,교차로 - 교차로횡단보도내,원동기,남,55세,상해없음,보행자,여,65세,중상
2022102000100289,2022년 10월 20일 13시,목요일,서울특별시 양천구 신월동,경상사고,0,0,1,0,차대사람 - 횡단중,보행자보호의무위반,건조,맑음,교차로 - 교차로안,승용,남,68세,상해없음,보행자,남,67세,경상
2022102000100321,2022년 10월 20일 14시,목요일,서울특별시 중랑구 면목동,중상사고,0,1,0,0,차대사람 - 횡단중,보행자보호의무위반,건조,맑음,교차로 - 교차로횡단보도내,승합,남,53세,상해없음,보행자,남,74세,중상
2022102000100561,2022년 10월 20일 19시,목요일,서울특별시 양천구 신월동,중상사고,0,1,0,0,차대사람 - 횡단중,보행자보호의무위반,건조,맑음,교차로 - 교차로부근,이륜,남,69세,상해없음,보행자,여,67세,중상
2022102100100035,2022년 10월 21일 05시,금요일,서울특별시 서대문구 홍은동,경상사고,0,0,1,0,차대사람 - 길가장자리구역통행중,안전운전불이행,건조,맑음,단일로 - 기타,승용,남,68세,상해없음,보행자,남,83세,경상
2022102100100047,2022년 10월 21일 06시,금요일,서울특별시 강남구 개포동,경상사고,0,0,1,0,차대사람 - 기타,보행자보호의무위반,건조,맑음,교차로 - 교차로안,화물,남,44세,상해없음,보행자,여,70세,경상
2022102100100067,2022년 10월 21일 07시,금요일,서울특별시 양천구 목동,중상사고,0,1,0,0,차대사람 - 기타,안전운전불이행,건조,맑음,교차로 - 교차로안,승용,남,32세,상해없음,보행자,여,72세,중상
2022102100100181,2022년 10월 21일 10시,금요일,서울특별시 은평구 갈현동,경상사고,0,0,1,0,차대사람 - 길가장자리구역통행중,안전운전불이행,건조,맑음,단일로 - 기타,승용,여,63세,기타불명,보행자,남,77세,경상
2022102100100234,2022년 10월 21일 12시,금요일,서울특별시 영등포구 당산동3가,경상사고,0,0,1,0,차대사람 - 횡단중,보행자보호의무위반,건조,맑음,교차로 - 교차로안,화물,남,59세,상해없음,보행자,남,68세,경상
2022102100100295,2022년 10월 21일 14시,금요일,서울특별시 구로구 구로동,중상사고,0,1,0,0,차대사람 - 기타,불법유턴,건조,맑음,단일로 - 기타,화물,남,44세,상해없음,보행자,여,75세,중상
2022102100100450,2022년 10월 21일 18시,금요일,서울특별시 성북구 정릉동,경상사고,0,0,1,0,차대사람 - 차도통행중,안전운전불이행,건조,맑음,단일로 - 기타,승용,여,59세,상해없음,보행자,여,79세,경상
2022102200100101,2022년 10월 22일 08시,토요일,서울특별시 금천구 독산동,중상사고,0,1,1,0,차대차 - 기타,신호위반,건조,맑음,교차로 - 교차로안,승용,남,54세,상해없음,이륜,남,52세,경상
2022102200100268,2022년 10월 22일 13시,토요일,서울특별시 양천구 신정동,중상사고,0,1,0,0,차대사람 - 횡단중,안전운전불이행,건조,맑음,교차로 - 교차로안,화물,남,46세,상해없음,보행자,남,79세,중상
2022102200100309,2022년 10월 22일 14시,토요일,서울특별시 동작구 상도동,경상사고,0,0,1,0,차대사람 - 기타,안전운전불이행,건조,맑음,단일로 - 기타,승용,남,56세,상해없음,보행자,여,75세,경상
2022102200100352,2022년 10월 22일 15시,토요일,서울특별시 서대문구 홍제동,경상사고,0,0,1,0,차대사람 - 보도통행중,보행자보호의무위반,건조,맑음,교차로 - 교차로횡단보도내,승용,남,56세,상해없음,보행자,여,68세,경상
2022102200100395,2022년 10월 22일 16시,토요일,서울특별시 서초구 양재동,경상사고,0,0,1,0,차대사람 - 기타,안전운전불이행,건조,맑음,단일로 - 기타,승용,여,44세,상해없음,보행자,여,77세,경상
2022102300100079,2022년 10월 23일 09시,일요일,서울특별시 동대문구 제기동,중상사고,0,1,0,0,차대사람 - 기타,안전운전불이행,건조,맑음,기타 - 기타,승용,남,53세,상해없음,보행자,남,81세,중상
2022102300100296,2022년 10월 23일 17시,일요일,서울특별시 중랑구 중화동,중상사고,0,1,0,0,차대사람 - 횡단중,신호위반,건조,맑음,교차로 - 교차로횡단보도내,승용,여,61세,상해없음,보행자,여,71세,중상
2022102400100235,2022년 10월 24일 11시,월요일,서울특별시 성동구 행당동,경상사고,0,0,1,0,차대사람 - 횡단중,보행자보호의무위반,건조,맑음,단일로 - 기타,승용,여,67세,상해없음,보행자,여,65세,경상
2022102400100236,2022년 10월 24일 11시,월요일,서울특별시 강서구 화곡동,중상사고,0,1,0,0,차대사람 - 횡단중,교차로운행방법위반,건조,맑음,교차로 - 교차로안,승용,남,57세,상해없음,보행자,여,67세,중상
2022102400100270,2022년 10월 24일 12시,월요일,서울특별시 중구 황학동,중상사고,0,1,0,0,차대사람 - 횡단중,보행자보호의무위반,건조,맑음,기타 - 기타,승용,여,56세,상해없음,보행자,여,71세,중상
2022102400100274,2022년 10월 24일 12시,월요일,서울특별시 성북구 하월곡동,경상사고,0,0,1,0,차대사람 - 횡단중,보행자보호의무위반,건조,맑음,교차로 - 교차로횡단보도내,화물,남,27세,상해없음,보행자,남,66세,경상
2022102500100030,2022년 10월 25일 05시,화요일,서울특별시 성북구 보문동2가,중상사고,0,1,0,0,차대사람 - 기타,안전운전불이행,건조,맑음,기타 - 기타,승용,남,74세,상해없음,보행자,여,76세,중상
2022102500100082,2022년 10월 25일 08시,화요일,서울특별시 성북구 석관동,경상사고,0,0,1,0,차대사람 - 보도통행중,기타,건조,맑음,단일로 - 기타,자전거,남,65세,상해없음,보행자,여,67세,경상
2022102500100161,2022년 10월 25일 10시,화요일,서울특별시 강동구 둔촌동,경상사고,0,0,1,1,차대사람 - 기타,안전운전불이행,건조,맑음,교차로 - 교차로안,화물,남,44세,상해없음,보행자,여,94세,경상
2022102500100191,2022년 10월 25일 11시,화요일,서울특별시 광진구 화양동,경상사고,0,0,1,0,차대사람 - 기타,안전운전불이행,건조,맑음,주차장 - 주차장,화물,남,59세,상해없음,보행자,여,70세,경상
2022102500100229,2022년 10월 25일 12시,화요일,서울특별시 강남구 대치동,경상사고,0,0,1,0,차대사람 - 길가장자리구역통행중,안전운전불이행,건조,맑음,교차로 - 교차로부근,승용,여,66세,상해없음,보행자,여,65세,경상
2022102500100257,2022년 10월 25일 13시,화요일,서울특별시 중랑구 상봉동,경상사고,0,0,1,0,차대사람 - 기타,안전운전불이행,건조,맑음,교차로 - 교차로안,화물,남,59세,상해없음,보행자,여,65세,경상
2022102500100324,2022년 10월 25일 15시,화요일,서울특별시 영등포구 대림동,경상사고,0,0,1,0,차대사람 - 횡단중,중앙선침범,건조,맑음,교차로 - 교차로횡단보도내,자전거,남,46세,상해없음,보행자,여,65세,경상
2022102600100350,2022년 10월 26일 16시,수요일,서울특별시 동작구 상도동,부상신고사고,0,0,0,1,차대사람 - 기타,안전운전불이행,건조,맑음,단일로 - 기타,승용,남,63세,상해없음,보행자,남,86세,부상신고
2022102600100541,2022년 10월 26일 20시,수요일,서울특별시 금천구 독산동,중상사고,0,1,1,0,차대사람 - 기타,안전운전불이행,건조,맑음,단일로 - 기타,승용,남,59세,경상,보행자,여,72세,중상
2022102700100026,2022년 10월 27일 04시,목요일,서울특별시 강북구 미아동,사망사고,1,0,0,0,차대사람 - 횡단중,기타,건조,맑음,단일로 - 기타,승용,남,65세,상해없음,보행자,남,82세,사망
2022102700100224,2022년 10월 27일 11시,목요일,서울특별시 서대문구 홍은동,중상사고,0,1,0,0,차대사람 - 횡단중,신호위반,건조,맑음,교차로 - 교차로부근,승용,여,56세,상해없음,보행자,여,78세,중상
2022102700100327,2022년 10월 27일 14시,목요일,서울특별시 동대문구 청량리동,중상사고,0,1,0,0,차대사람 - 횡단중,보행자보호의무위반,건조,맑음,교차로 - 교차로횡단보도내,승용,남,45세,상해없음,보행자,여,75세,중상
2022102700100404,2022년 10월 27일 16시,목요일,서울특별시 종로구 연건동,중상사고,0,1,0,0,차대사람 - 기타,안전운전불이행,건조,맑음,단일로 - 기타,승용,남,75세,상해없음,보행자,여,68세,중상
2022102700100495,2022년 10월 27일 18시,목요일,서울특별시 성동구 마장동,경상사고,0,0,1,0,차대사람 - 보도통행중,기타,건조,맑음,단일로 - 기타,기타불명,기타불명,미분류,기타불명,보행자,남,66세,경상
2022102800100027,2022년 10월 28일 04시,금요일,서울특별시 동작구 사당동,중상사고,0,1,0,0,차대사람 - 기타,안전운전불이행,건조,맑음,단일로 - 기타,승용,남,62세,상해없음,보행자,여,73세,중상