사고번호,사고일시,요일,시군구,사고내용,사망자수,중상자수,경상자수,부상신고자수,사고유형,법규위반,노면상태,기상상태,도로형태,가해운전자 차종,가해운전자 성별,가해운전자 연령,가해운전자 상해정도,피해운전자 차종,피해운전자 성별,피해운전자 연령,피해운전자 상해정도
2022102800100031,2022년 10월 28일 05시,금요일,서울특별시 구로구 구로동,부상신고사고,0,0,0,1,차대사람 - 기타,안전운전불이행,건조,맑음,단일로 - 기타,화물,남,54세,상해없음,보행자,여,75세,부상신고
2022102800100093,2022년 10월 28일 08시,금요일,서울특별시 양천구 목동,중상사고,0,1,0,0,차대사람 - 기타,보행자보호의무위반,건조,맑음,교차로 - 교차로횡단보도내,자전거,남,13세,상해없음,보행자,여,80세,중상
2022102800100095,2022년 10월 28일 08시,금요일,서울특별시 도봉구 창동,경상사고,0,0,1,0,차대사람 - 보도통행중,기타,건조,맑음,단일로 - 기타,자전거,남,55세,상해없음,보행자,여,66세,경상
2022102800100137,2022년 10월 28일 09시,금요일,서울특별시 동대문구 회기동,경상사고,0,0,1,0,차대사람 - 기타,안전운전불이행,건조,맑음,교차로 - 교차로부근,승용,남,36세,상해없음,보행자,여,81세,경상
2022102800100160,2022년 10월 28일 09시,금요일,서울특별시 송파구 풍납동,경상사고,0,0,1,0,차대사람 - 횡단중,안전운전불이행,건조,맑음,단일로 - 기타,화물,남,55세,상해없음,보행자,남,69세,경상
2022102800100181,2022년 10월 28일 10시,금요일,서울특별시 도봉구 창동,경상사고,0,0,1,0,차대사람 - 보도통행중,기타,건조,맑음,단일로 - 기타,승용,남,45세,상해없음,보행자,남,85세,경상
2022102800100256,2022년 10월 28일 12시,금요일,서울특별시 노원구 상계동,중상사고,0,1,0,0,차대사람 - 기타,안전운전불이행,건조,맑음,단일로 - 기타,승합,남,41세,상해없음,보행자,여,71세,중상
2022102800100522,2022년 10월 28일 18시,금요일,서울특별시 관악구 봉천동,중상사고,0,1,0,0,차대사람 - 기타,안전운전불이행,건조,맑음,기타 - 기타,승용,여,53세,상해없음,보행자,여,82세,중상
2022102900100173,2022년 10월 29일 11시,토요일,서울특별시 송파구 마천동,경상사고,0,0,1,0,차대사람 - 기타,안전운전불이행,건조,맑음,기타 - 기타,승용,남,62세,상해없음,보행자,남,66세,경상
2022102900100333,2022년 10월 29일 15시,토요일,서울특별시 강동구 길동,경상사고,0,0,1,0,차대사람 - 기타,안전운전불이행,건조,맑음,단일로 - 기타,승용,여,49세,상해없음,보행자,남,73세,경상
2022103000100019,2022년 10월 30일 01시,일요일,서울특별시 동대문구 답십리동,중상사고,0,1,0,0,차대사람 - 횡단중,안전운전불이행,건조,맑음,교차로 - 교차로횡단보도내,승용,남,40세,기타불명,보행자,여,68세,중상
2022103000100042,2022년 10월 30일 03시,일요일,서울특별시 노원구 공릉동,중상사고,0,1,0,0,차대사람 - 횡단중,신호위반,건조,맑음,교차로 - 교차로횡단보도내,개인형이동수단(PM),남,20세,상해없음,보행자,남,65세,중상
2022103000100049,2022년 10월 30일 04시,일요일,서울특별시 도봉구 방학동,경상사고,0,0,2,0,차대사람 - 기타,신호위반,건조,맑음,단일로 - 기타,승용,남,22세,상해없음,보행자,남,65세,경상
2022103000100120,2022년 10월 30일 10시,일요일,서울특별시 영등포구 영등포동,중상사고,0,1,0,0,차대사람 - 횡단중,안전운전불이행,건조,맑음,단일로 - 기타,승용,여,47세,상해없음,보행자,여,82세,중상
2022103000100208,2022년 10월 30일 13시,일요일,서울특별시 동작구 사당동,경상사고,0,0,1,0,차대사람 - 기타,안전운전불이행,건조,맑음,교차로 - 교차로부근,승용,남,32세,상해없음,보행자,여,68세,경상
2022103000100325,2022년 10월 30일 17시,일요일,서울특별시 동작구 상도동,경상사고,0,0,1,0,차대사람 - 기타,기타,건조,흐림,단일로 - 기타,승합,남,57세,상해없음,보행자,여,81세,경상
2022103000100352,2022년 10월 30일 18시,일요일,서울특별시 강북구 미아동,중상사고,0,1,0,0,차대사람 - 차도통행중,안전운전불이행,건조,맑음,단일로 - 기타,이륜,남,28세,상해없음,보행자,남,70세,중상
2022103000100354,2022년 10월 30일 18시,일요일,서울특별시 동대문구 제기동,중상사고,0,1,0,0,차대사람 - 기타,안전운전불이행,건조,맑음,단일로 - 기타,자전거,여,51세,상해없음,보행자,여,66세,중상
2022103100100013,2022년 10월 31일 03시,월요일,서울특별시 강동구 암사동,중상사고,0,1,0,0,차대사람 - 기타,안전운전불이행,건조,맑음,교차로 - 교차로안,승용,여,57세,상해없음,보행자,여,71세,중상
2022103100100182,2022년 10월 31일 11시,월요일,서울특별시 영등포구 당산동3가,중상사고,0,1,0,0,차대사람 - 기타,안전운전불이행,건조,맑음,단일로 - 기타,이륜,남,49세,상해없음,보행자,여,78세,중상
2022103100100184,2022년 10월 31일 11시,월요일,서울특별시 송파구 오금동,경상사고,0,0,1,0,차대사람 - 기타,안전운전불이행,건조,맑음,교차로 - 교차로부근,승용,남,57세,상해없음,보행자,여,79세,경상
2022103100100440,2022년 10월 31일 18시,월요일,서울특별시 서대문구 남가좌동,경상사고,0,0,1,0,차대사람 - 기타,안전운전불이행,건조,흐림,단일로 - 기타,화물,남,57세,상해없음,보행자,남,90세,경상
2022103100100448,2022년 10월 31일 18시,월요일,서울특별시 서초구 서초동,중상사고,0,1,0,0,차대사람 - 기타,안전운전불이행,건조,흐림,단일로 - 기타,승용,남,67세,상해없음,보행자,여,68세,중상
2022110100100043,2022년 11월 1일 06시,화요일,서울특별시 강남구 논현동,경상사고,0,0,1,0,차대사람 - 기타,안전운전불이행,건조,맑음,교차로 - 교차로안,승용,남,25세,상해없음,보행자,남,86세,경상
2022110100100118,2022년 11월 1일 09시,화요일,서울특별시 영등포구 신길동,중상사고,0,1,0,0,차대사람 - 기타,안전운전불이행,건조,맑음,교차로 - 교차로부근,승용,남,25세,상해없음,보행자,남,72세,중상
2022110100100238,2022년 11월 1일 13시,화요일,서울특별시 영등포구 대림동,부상신고사고,0,0,0,1,차대사람 - 횡단중,안전운전불이행,건조,맑음,단일로 - 기타,승용,여,69세,상해없음,보행자,남,79세,부상신고
2022110100100276,2022년 11월 1일 14시,화요일,서울특별시 강남구 논현동,경상사고,0,0,1,0,차대사람 - 기타,안전운전불이행,건조,맑음,기타 - 기타,승용,여,39세,상해없음,보행자,남,75세,경상
2022110100100396,2022년 11월 1일 17시,화요일,서울특별시 중랑구 묵동,중상사고,0,1,0,0,차대사람 - 기타,안전운전불이행,건조,맑음,단일로 - 기타,승합,남,64세,상해없음,보행자,여,69세,중상
2022110100100398,2022년 11월 1일 17시,화요일,서울특별시 노원구 상계동,경상사고,0,0,1,0,차대사람 - 차도통행중,안전운전불이행,건조,맑음,단일로 - 기타,승용,남,43세,상해없음,보행자,남,87세,경상
2022110200100031,2022년 11월 2일 05시,수요일,서울특별시 용산구 서계동,중상사고,0,1,0,0,차대사람 - 기타,신호위반,건조,맑음,교차로 - 교차로횡단보도내,승용,여,50세,상해없음,보행자,여,73세,중상
2022110200100252,2022년 11월 2일 13시,수요일,서울특별시 종로구 팔판동,중상사고,0,1,0,0,차대사람 - 기타,기타,건조,맑음,단일로 - 기타,승용,남,67세,상해없음,보행자,여,79세,중상
2022110200100324,2022년 11월 2일 15시,수요일,서울특별시 강서구 화곡동,중상사고,0,1,0,0,차대사람 - 기타,안전운전불이행,건조,맑음,단일로 - 기타,승합,남,63세,상해없음,보행자,여,74세,중상
2022110200100362,2022년 11월 2일 16시,수요일,서울특별시 강서구 내발산동,중상사고,0,1,0,0,차대사람 - 기타,안전운전불이행,건조,맑음,단일로 - 기타,승합,남,67세,상해없음,보행자,여,74세,중상
2022110200100363,2022년 11월 2일 16시,수요일,서울특별시 강남구 수서동,중상사고,0,1,0,0,차대사람 - 횡단중,보행자보호의무위반,건조,맑음,단일로 - 기타,승용,남,43세,상해없음,보행자,여,71세,중상
2022110200100511,2022년 11월 2일 19시,수요일,서울특별시 강동구 길동,경상사고,0,0,1,0,차대사람 - 횡단중,안전운전불이행,건조,맑음,교차로 - 교차로안,승용,남,63세,상해없음,보행자,남,76세,경상
2022110300100148,2022년 11월 3일 10시,목요일,서울특별시 은평구 불광동,중상사고,0,1,0,0,차대사람 - 기타,안전운전불이행,건조,맑음,교차로 - 교차로부근,화물,남,51세,상해없음,보행자,여,76세,중상
2022110300100173,2022년 11월 3일 11시,목요일,서울특별시 동대문구 제기동,경상사고,0,0,1,0,차대사람 - 차도통행중,안전운전불이행,건조,맑음,단일로 - 기타,승용,남,56세,상해없음,보행자,남,65세,경상
2022110300100216,2022년 11월 3일 12시,목요일,서울특별시 금천구 독산동,중상사고,0,1,0,0,차대사람 - 기타,안전운전불이행,건조,맑음,교차로 - 교차로안,화물,남,39세,상해없음,보행자,남,73세,중상
2022110300100271,2022년 11월 3일 14시,목요일,서울특별시 양천구 신월동,중상사고,0,1,0,0,차대사람 - 기타,보행자보호의무위반,건조,맑음,단일로 - 기타,화물,남,38세,상해없음,보행자,여,74세,중상
2022110300100408,2022년 11월 3일 18시,목요일,서울특별시 은평구 신사동,경상사고,0,0,2,0,차대사람 - 기타,안전운전불이행,건조,맑음,교차로 - 교차로부근,승용,남,38세,상해없음,보행자,남,73세,경상
2022110300100549,2022년 11월 3일 22시,목요일,서울특별시 중랑구 면목동,경상사고,0,0,1,0,차대사람 - 기타,안전운전불이행,건조,맑음,교차로 - 교차로부근,승용,남,25세,상해없음,보행자,남,76세,경상
2022110400100139,2022년 11월 4일 09시,금요일,서울특별시 동대문구 답십리동,중상사고,0,1,0,0,차대사람 - 기타,안전운전불이행,건조,맑음,교차로 - 교차로안,화물,남,59세,상해없음,보행자,남,70세,중상
2022110400100140,2022년 11월 4일 09시,금요일,서울특별시 동작구 대방동,경상사고,0,0,1,0,차대사람 - 보도통행중,기타,건조,맑음,단일로 - 기타,자전거,여,54세,상해없음,보행자,남,81세,경상
2022110400100143,2022년 11월 4일 09시,금요일,서울특별시 강서구 가양동,중상사고,0,1,0,0,차대사람 - 횡단중,보행자보호의무위반,건조,맑음,교차로 - 교차로횡단보도내,승용,여,55세,상해없음,보행자,여,67세,중상
2022110400100297,2022년 11월 4일 13시,금요일,서울특별시 영등포구 대림동,중상사고,0,1,0,0,차대사람 - 차도통행중,신호위반,건조,맑음,단일로 - 기타,화물,남,48세,상해없음,보행자,남,82세,중상
2022110400100298,2022년 11월 4일 13시,금요일,서울특별시 중랑구 신내동,중상사고,0,2,0,0,차대사람 - 횡단중,안전운전불이행,건조,맑음,단일로 - 기타,이륜,남,39세,상해없음,보행자,여,76세,중상
2022110400100299,2022년 11월 4일 13시,금요일,서울특별시 중랑구 면목동,경상사고,0,0,1,0,차대사람 - 기타,불법유턴,건조,맑음,단일로 - 기타,승용,남,31세,상해없음,보행자,여,85세,경상
2022110400100728,2022년 11월 4일 22시,금요일,서울특별시 동대문구 용두동,중상사고,0,1,0,0,차대사람 - 기타,안전운전불이행,건조,맑음,교차로 - 교차로횡단보도내,승용,여,28세,상해없음,보행자,여,75세,중상
2022110400100731,2022년 11월 4일 22시,금요일,서울특별시 송파구 방이동,중상사고,0,1,0,0,차대사람 - 차도통행중,안전운전불이행,건조,맑음,교차로 - 교차로안,승용,남,45세,상해없음,보행자,남,70세,중상
2022110400100748,2022년 11월 4일 23시,금요일,서울특별시 용산구 이촌동,중상사고,0,1,0,0,차대사람 - 차도통행중,안전운전불이행,기타,기타,교차로 - 교차로안,승용,남,27세,상해없음,보행자,여,75세,중상
2022110500100069,2022년 11월 5일 08시,토요일,서울특별시 종로구 명륜1가,중상사고,0,1,0,0,차대사람 - 기타,안전운전불이행,건조,맑음,단일로 - 기타,승용,여,37세,상해없음,보행자,여,76세,중상
2022110500100130,2022년 11월 5일 10시,토요일,서울특별시 구로구 고척동,경상사고,0,0,1,0,차대사람 - 횡단중,안전운전불이행,건조,맑음,교차로 - 교차로부근,승용,남,70세,상해없음,보행자,여,79세,경상
2022110500100300,2022년 11월 5일 14시,토요일,서울특별시 중랑구 중화동,경상사고,0,0,1,0,차대사람 - 차도통행중,안전운전불이행,건조,맑음,기타 - 기타,이륜,남,24세,상해없음,보행자,여,67세,경상
2022110500100613,2022년 11월 5일 22시,토요일,서울특별시 관악구 신림동,경상사고,0,0,2,0,차대차 - 기타,안전운전불이행,건조,맑음,단일로 - 기타,이륜,남,36세,경상,승용,여,46세,상해없음
2022110600100287,2022년 11월 6일 15시,일요일,서울특별시 서대문구 냉천동,경상사고,0,0,1,0,차대사람 - 차도통행중,안전운전불이행,건조,맑음,교차로 - 교차로부근,승용,남,56세,상해없음,보행자,남,69세,경상
2022110600100289,2022년 11월 6일 15시,일요일,서울특별시 노원구 상계동,중상사고,0,1,0,0,차대사람 - 횡단중,안전운전불이행,건조,맑음,교차로 - 교차로부근,승용,여,52세,상해없음,보행자,남,88세,중상
2022110600100381,2022년 11월 6일 18시,일요일,서울특별시 서초구 신원동,경상사고,0,0,1,0,차대사람 - 횡단중,신호위반,건조,맑음,교차로 - 교차로안,승용,여,54세,상해없음,보행자,남,71세,경상
2022110700100028,2022년 11월 7일 06시,월요일,서울특별시 성북구 정릉동,중상사고,0,1,0,0,차대사람 - 횡단중,안전운전불이행,건조,맑음,단일로 - 기타,승용,여,46세,상해없음,보행자,여,78세,중상
2022110700100172,2022년 11월 7일 10시,월요일,서울특별시 구로구 오류동,경상사고,0,0,1,0,차대사람 - 횡단중,안전운전불이행,건조,맑음,단일로 - 기타,승용,남,74세,상해없음,보행자,남,68세,경상
2022110700100210,2022년 11월 7일 11시,월요일,서울특별시 중랑구 면목동,사망사고,1,0,0,0,차대사람 - 기타,안전운전불이행,건조,맑음,단일로 - 기타,화물,남,43세,상해없음,보행자,여,77세,사망
2022110700100303,2022년 11월 7일 14시,월요일,서울특별시 강서구 방화동,경상사고,0,0,1,0,차대사람 - 기타,안전운전불이행,건조,맑음,교차로 - 교차로부근,승합,남,47세,상해없음,보행자,여,72세,경상
2022110700100382,2022년 11월 7일 16시,월요일,서울특별시 송파구 마천동,경상사고,0,0,1,0,차대사람 - 차도통행중,안전운전불이행,건조,맑음,단일로 - 기타,승용,여,61세,상해없음,보행자,남,66세,경상
2022110700100417,2022년 11월 7일 17시,월요일,서울특별시 송파구 오금동,중상사고,0,1,0,0,차대사람 - 차도통행중,안전운전불이행,건조,맑음,교차로 - 교차로안,승용,여,88세,상해없음,보행자,여,84세,중상
2022110700100476,2022년 11월 7일 18시,월요일,서울특별시 동작구 상도동,중상사고,0,1,0,0,차대사람 - 횡단중,기타,건조,맑음,교차로 - 교차로부근,승용,남,32세,상해없음,보행자,여,70세,중상
2022110700100534,2022년 11월 7일 19시,월요일,서울특별시 양천구 신정동,경상사고,0,0,1,0,차대사람 - 보도통행중,안전운전불이행,건조,맑음,단일로 - 기타,승용,남,29세,상해없음,보행자,남,71세,경상
2022110800100041,2022년 11월 8일 06시,화요일,서울특별시 노원구 월계동,중상사고,0,1,0,0,차대사람 - 차도통행중,안전운전불이행,건조,맑음,교차로 - 교차로안,승용,남,43세,상해없음,보행자,여,84세,중상
2022110800100167,2022년 11월 8일 10시,화요일,서울특별시 강서구 등촌동,중상사고,0,1,0,0,차대사람 - 횡단중,안전운전불이행,건조,맑음,교차로 - 교차로횡단보도내,승용,여,63세,상해없음,보행자,여,67세,중상
2022110800100236,2022년 11월 8일 12시,화요일,서울특별시 관악구 봉천동,중상사고,0,1,0,0,차대사람 - 기타,안전운전불이행,건조,맑음,교차로 - 교차로횡단보도내,승용,남,66세,상해없음,보행자,남,65세,중상
2022110800100274,2022년 11월 8일 13시,화요일,서울특별시 중구 인현동2가,경상사고,0,0,1,0,차대사람 - 기타,안전운전불이행,건조,맑음,단일로 - 기타,이륜,남,32세,상해없음,보행자,남,65세,경상
2022110800100385,2022년 11월 8일 16시,화요일,서울특별시 노원구 중계동,경상사고,0,0,1,0,차대사람 - 기타,안전운전불이행,건조,맑음,단일로 - 기타,자전거,여,14세,상해없음,보행자,남,76세,경상
2022110800100470,2022년 11월 8일 18시,화요일,서울특별시 송파구 방이동,중상사고,0,1,0,0,차대사람 - 횡단중,보행자보호의무위반,건조,맑음,교차로 - 교차로횡단보도내,승용,여,69세,상해없음,보행자,남,68세,중상
2022110800100544,2022년 11월 8일 19시,화요일,서울특별시 영등포구 신길동,중상사고,0,1,0,0,차대사람 - 횡단중,보행자보호의무위반,건조,맑음,단일로 - 기타,승용,남,33세,상해없음,보행자,여,71세,중상
2022110800100639,2022년 11월 8일 22시,화요일,서울특별시 은평구 갈현동,경상사고,0,0,1,0,차대사람 - 기타,안전운전불이행,건조,맑음,단일로 - 기타,승용,남,32세,상해없음,보행자,남,75세,경상
2022110900100228,2022년 11월 9일 13시,수요일,서울특별시 서초구 서초동,부상신고사고,0,0,0,1,차대사람 - 차도통행중,안전운전불이행,건조,맑음,단일로 - 기타,승용,여,23세,상해없음,보행자,남,86세,부상신고
2022110900100296,2022년 11월 9일 15시,수요일,서울특별시 동작구 노량진동,경상사고,0,0,1,0,차대사람 - 기타,안전운전불이행,건조,맑음,단일로 - 기타,승합,남,49세,상해없음,보행자,여,72세,경상
2022110900100299,2022년 11월 9일 15시,수요일,서울특별시 구로구 오류동,경상사고,0,0,1,0,차대사람 - 기타,안전운전불이행,건조,맑음,단일로 - 기타,승용,남,55세,상해없음,보행자,남,78세,경상
2022110900100383,2022년 11월 9일 17시,수요일,서울특별시 서초구 방배동,경상사고,0,0,1,0,차대사람 - 기타,안전운전불이행,건조,맑음,단일로 - 기타,승합,남,79세,상해없음,보행자,여,78세,경상
2022110900100557,2022년 11월 9일 20시,수요일,서울특별시 성북구 하월곡동,경상사고,0,0,1,0,차대사람 - 기타,안전운전불이행,건조,맑음,교차로 - 교차로안,승용,여,43세,상해없음,보행자,여,65세,경상
2022111000100199,2022년 11월 10일 11시,목요일,서울특별시 서초구 양재동,경상사고,0,0,1,0,차대사람 - 기타,안전운전불이행,건조,맑음,단일로 - 기타,건설기계,남,47세,상해없음,보행자,남,69세,경상
2022111000100225,2022년 11월 10일 12시,목요일,서울특별시 금천구 독산동,경상사고,0,0,1,0,차대사람 - 기타,안전운전불이행,건조,맑음,단일로 - 기타,승용,남,48세,상해없음,보행자,남,68세,경상
2022111000100227,2022년 11월 10일 12시,목요일,서울특별시 노원구 상계동,중상사고,0,1,0,0,차대사람 - 기타,보행자보호의무위반,건조,맑음,교차로 - 교차로횡단보도내,승용,남,83세,상해없음,보행자,여,67세,중상
2022111000100287,2022년 11월 10일 14시,목요일,서울특별시 강서구 화곡동,경상사고,0,0,1,0,차대사람 - 횡단중,안전운전불이행,건조,맑음,교차로 - 교차로안,승합,남,52세,상해없음,보행자,남,87세,경상
2022111100100329,2022년 11월 11일 15시,금요일,서울특별시 중구 신당동,중상사고,0,1,0,0,차대사람 - 횡단중,안전운전불이행,건조,맑음,단일로 - 기타,승용,남,75세,상해없음,보행자,여,65세,중상
2022111100100533,2022년 11월 11일 19시,금요일,서울특별시 성동구 성수동2가,경상사고,0,0,1,0,차대사람 - 기타,안전운전불이행,건조,맑음,단일로 - 기타,자전거,남,34세,상해없음,보행자,남,68세,경상
2022111100100572,2022년 11월 11일 20시,금요일,서울특별시 중랑구 중화동,경상사고,0,0,1,0,차대사람 - 기타,안전운전불이행,건조,맑음,단일로 - 기타,승용,여,48세,상해없음,보행자,여,67세,경상
2022111200100121,2022년 11월 12일 10시,토요일,서울특별시 강북구 수유동,경상사고,0,0,1,0,차대사람 - 기타,안전운전불이행,건조,맑음,단일로 - 기타,승용,여,34세,상해없음,보행자,남,65세,경상
2022111200100347,2022년 11월 12일 16시,토요일,서울특별시 중구 남대문로5가,중상사고,0,1,0,0,차대사람 - 보도통행중,기타,건조,맑음,기타 - 기타,개인형이동수단(PM),남,30세,상해없음,보행자,여,73세,중상
2022111200100348,2022년 11월 12일 16시,토요일,서울특별시 종로구 사간동,경상사고,0,0,1,0,차대사람 - 차도통행중,안전운전불이행,건조,맑음,단일로 - 기타,승합,남,60세,상해없음,보행자,남,65세,경상
2022111200100444,2022년 11월 12일 18시,토요일,서울특별시 용산구 갈월동,중상사고,0,1,0,0,차대사람 - 횡단중,보행자보호의무위반,젖음/습기,비,교차로 - 교차로부근,승용,여,31세,상해없음,보행자,여,79세,중상
2022111200100515,2022년 11월 12일 19시,토요일,서울특별시 서초구 방배동,경상사고,0,0,1,0,차대사람 - 기타,안전운전불이행,건조,맑음,단일로 - 기타,승합,남,44세,상해없음,보행자,남,66세,경상
2022111200100601,2022년 11월 12일 21시,토요일,서울특별시 강북구 우이동,중상사고,0,1,0,0,차대사람 - 횡단중,안전운전불이행,젖음/습기,비,단일로 - 기타,승용,남,81세,상해없음,보행자,여,86세,중상
2022111300100095,2022년 11월 13일 09시,일요일,서울특별시 성동구 옥수동,중상사고,0,1,0,0,차대사람 - 횡단중,보행자보호의무위반,건조,맑음,교차로 - 교차로횡단보도내,승합,남,61세,상해없음,보행자,여,70세,중상
2022111300100175,2022년 11월 13일 13시,일요일,서울특별시 영등포구 신길동,경상사고,0,0,1,0,차대사람 - 기타,기타,건조,맑음,단일로 - 기타,승합,남,68세,상해없음,보행자,여,80세,경상
2022111300100201,2022년 11월 13일 14시,일요일,서울특별시 관악구 신림동,경상사고,0,0,1,0,차대사람 - 기타,안전운전불이행,건조,맑음,단일로 - 기타,승합,남,59세,상해없음,보행자,여,76세,경상
2022111300100289,2022년 11월 13일 17시,일요일,서울특별시 송파구 방이동,중상사고,0,1,0,0,차대사람 - 길가장자리구역통행중,안전운전불이행,건조,맑음,교차로 - 교차로안,승용,여,45세,상해없음,보행자,여,69세,중상
2022111400100054,2022년 11월 14일 07시,월요일,서울특별시 강북구 번동,중상사고,0,1,0,0,차대사람 - 횡단중,보행자보호의무위반,건조,맑음,교차로 - 교차로안,승합,남,70세,상해없음,보행자,남,81세,중상
2022111400100058,2022년 11월 14일 07시,월요일,서울특별시 서초구 방배동,중상사고,0,1,0,0,차대사람 - 횡단중,보행자보호의무위반,건조,맑음,단일로 - 기타,화물,남,29세,상해없음,보행자,여,67세,중상
2022111400100268,2022년 11월 14일 14시,월요일,서울특별시 성북구 정릉동,경상사고,0,0,2,0,차대사람 - 기타,안전운전불이행,건조,맑음,단일로 - 기타,승용,남,66세,상해없음,보행자,여,69세,경상
2022111400100335,2022년 11월 14일 16시,월요일,서울특별시 금천구 독산동,중상사고,0,1,0,0,차대사람 - 기타,기타,건조,맑음,기타 - 기타,화물,남,52세,상해없음,보행자,남,68세,중상
2022111400100421,2022년 11월 14일 18시,월요일,서울특별시 성동구 상왕십리동,중상사고,0,1,0,0,차대사람 - 횡단중,안전운전불이행,건조,맑음,교차로 - 교차로횡단보도내,승용,남,68세,상해없음,보행자,여,70세,중상
2022111400100572,2022년 11월 14일 22시,월요일,서울특별시 강동구 성내동,중상사고,0,1,0,0,차대사람 - 기타,안전운전불이행,건조,맑음,단일로 - 기타,승용,남,36세,상해없음,보행자,여,65세,중상
2022111500100072,2022년 11월 15일 07시,화요일,서울특별시 강남구 수서동,중상사고,0,1,0,0,차대사람 - 횡단중,보행자보호의무위반,건조,맑음,단일로 - 기타,승용,남,66세,상해없음,보행자,여,68세,중상
2022111500100312,2022년 11월 15일 14시,화요일,서울특별시 강동구 천호동,부상신고사고,0,0,0,1,차대사람 - 횡단중,안전운전불이행,건조,맑음,단일로 - 기타,이륜,남,57세,상해없음,보행자,남,89세,부상신고
2022111500100314,2022년 11월 15일 14시,화요일,서울특별시 강남구 율현동,중상사고,0,1,0,0,차대사람 - 기타,안전운전불이행,건조,맑음,단일로 - 기타,승용,남,68세,상해없음,보행자,남,71세,중상
2022111500100347,2022년 11월 15일 15시,화요일,서울특별시 강남구 대치동,경상사고,0,0,2,0,차대차 - 기타,안전운전불이행,건조,맑음,단일로 - 기타,승용,남,63세,상해없음,자전거,여,6세,경상
2022111500100412,2022년 11월 15일 17시,화요일,서울특별시 강동구 성내동,경상사고,0,0,1,0,차대사람 - 기타,안전운전불이행,건조,맑음,단일로 - 기타,화물,남,60세,상해없음,보행자,여,73세,경상
2022111500100471,2022년 11월 15일 18시,화요일,서울특별시 금천구 시흥동,중상사고,0,1,0,0,차대사람 - 기타,보행자보호의무위반,건조,맑음,교차로 - 교차로횡단보도내,승용,여,38세,상해없음,보행자,여,78세,중상
2022111500100555,2022년 11월 15일 20시,화요일,서울특별시 동대문구 장안동,경상사고,0,0,1,0,차대사람 - 횡단중,안전운전불이행,건조,맑음,단일로 - 기타,승용,여,61세,기타불명,보행자,여,72세,경상
2022111500100558,2022년 11월 15일 20시,화요일,서울특별시 구로구 구로동,경상사고,0,0,1,0,차대사람 - 횡단중,안전운전불이행,건조,맑음,교차로 - 교차로횡단보도내,승용,여,65세,상해없음,보행자,남,73세,경상
2022111600100003,2022년 11월 16일 00시,수요일,서울특별시 강동구 둔촌동,중상사고,0,1,0,0,차대사람 - 차도통행중,안전운전불이행,건조,맑음,단일로 - 기타,승용,남,74세,상해없음,보행자,남,66세,중상
2022111600100033,2022년 11월 16일 05시,수요일,서울특별시 은평구 신사동,중상사고,0,1,0,0,차대사람 - 횡단중,신호위반,건조,맑음,교차로 - 교차로안,승용,남,32세,상해없음,보행자,남,76세,중상
2022111600100034,2022년 11월 16일 05시,수요일,서울특별시 노원구 상계동,경상사고,0,0,1,0,차대사람 - 길가장자리구역통행중,안전운전불이행,건조,맑음,교차로 - 교차로안,승합,남,39세,상해없음,보행자,여,76세,경상
2022111600100044,2022년 11월 16일 06시,수요일,서울특별시 동작구 사당동,중상사고,0,1,0,0,차대사람 - 기타,안전운전불이행,건조,맑음,단일로 - 기타,화물,남,48세,상해없음,보행자,여,68세,중상
2022111600100136,2022년 11월 16일 09시,수요일,서울특별시 중구 신당동,중상사고,0,1,0,0,차대사람 - 기타,안전운전불이행,건조,맑음,기타 - 기타,승용,남,71세,상해없음,보행자,여,79세,중상
2022111600100178,2022년 11월 16일 10시,수요일,서울특별시 강남구 대치동,경상사고,0,0,1,0,차대사람 - 기타,신호위반,건조,맑음,단일로 - 기타,이륜,남,22세,상해없음,보행자,여,72세,경상
2022111600100254,2022년 11월 16일 12시,수요일,서울특별시 양천구 목동,중상사고,0,1,0,0,차대사람 - 횡단중,보행자보호의무위반,건조,맑음,교차로 - 교차로횡단보도내,승용,여,50세,상해없음,보행자,여,84세,중상
2022111600100289,2022년 11월 16일 13시,수요일,서울특별시 성북구 동소문동5가,부상신고사고,0,0,0,1,차대사람 - 차도통행중,안전운전불이행,건조,맑음,단일로 - 기타,승용,남,58세,상해없음,보행자,여,69세,부상신고
2022111600100293,2022년 11월 16일 13시,수요일,서울특별시 강동구 천호동,경상사고,0,0,1,0,차대사람 - 기타,불법유턴,건조,맑음,기타 - 기타,승용,남,23세,상해없음,보행자,여,84세,경상
2022111600100324,2022년 11월 16일 14시,수요일,서울특별시 용산구 서계동,부상신고사고,0,0,0,1,차대사람 - 횡단중,신호위반,건조,맑음,단일로 - 기타,이륜,남,55세,상해없음,보행자,남,75세,부상신고
2022111600100363,2022년 11월 16일 15시,수요일,서울특별시 마포구 성산동,경상사고,0,0,1,0,차대사람 - 기타,안전운전불이행,건조,맑음,단일로 - 기타,승용,남,52세,상해없음,보행자,여,75세,경상