사고번호,사고일시,요일,시군구,사고내용,사망자수,중상자수,경상자수,부상신고자수,사고유형,법규위반,노면상태,기상상태,도로형태,가해운전자 차종,가해운전자 성별,가해운전자 연령,가해운전자 상해정도,피해운전자 차종,피해운전자 성별,피해운전자 연령,피해운전자 상해정도
2022120800100542,2022년 12월 8일 19시,목요일,서울특별시 서초구 반포동,중상사고,0,1,0,0,차대사람 - 차도통행중,보행자보호의무위반,건조,맑음,교차로 - 교차로횡단보도내,승용,여,50세,상해없음,보행자,남,81세,중상
2022120800100577,2022년 12월 8일 20시,목요일,서울특별시 용산구 한강로2가,경상사고,0,0,1,0,차대사람 - 횡단중,안전운전불이행,건조,맑음,기타 - 기타,이륜,남,56세,상해없음,보행자,여,67세,경상
2022120900100044,2022년 12월 9일 06시,금요일,서울특별시 동대문구 답십리동,경상사고,0,0,1,0,차대사람 - 기타,안전운전불이행,젖음/습기,흐림,단일로 - 기타,승용,여,67세,상해없음,보행자,남,75세,경상
2022120900100251,2022년 12월 9일 14시,금요일,서울특별시 중랑구 중화동,중상사고,0,1,0,0,차대사람 - 기타,기타,건조,맑음,기타 - 기타,승용,남,60세,상해없음,보행자,여,83세,중상
2022120900100478,2022년 12월 9일 19시,금요일,서울특별시 강남구 역삼동,중상사고,0,1,0,0,차대사람 - 기타,신호위반,건조,맑음,교차로 - 교차로안,승용,남,37세,상해없음,보행자,남,75세,중상
2022120900100518,2022년 12월 9일 20시,금요일,서울특별시 도봉구 방학동,중상사고,0,1,0,0,차대사람 - 횡단중,안전운전불이행,건조,맑음,교차로 - 교차로부근,승용,남,65세,상해없음,보행자,여,70세,중상
2022120900100519,2022년 12월 9일 20시,금요일,서울특별시 은평구 갈현동,중상사고,0,1,0,0,차대사람 - 횡단중,보행자보호의무위반,건조,맑음,교차로 - 교차로횡단보도내,승용,남,67세,상해없음,보행자,여,66세,중상
2022121000100346,2022년 12월 10일 17시,토요일,서울특별시 종로구 관철동,중상사고,0,1,0,0,차대사람 - 횡단중,안전운전불이행,건조,맑음,단일로 - 기타,승용,남,19세,상해없음,보행자,남,87세,중상
2022121200100048,2022년 12월 12일 07시,월요일,서울특별시 서초구 우면동,부상신고사고,0,0,0,1,차대사람 - 기타,안전운전불이행,건조,기타,미분류 - 미분류,기타불명,기타불명,미분류,기타불명,보행자,여,74세,부상신고
2022121200100066,2022년 12월 12일 08시,월요일,서울특별시 성북구 동선동3가,중상사고,0,1,0,0,차대사람 - 기타,안전운전불이행,건조,맑음,교차로 - 교차로안,승용,남,74세,상해없음,보행자,여,79세,중상
2022121200100093,2022년 12월 12일 09시,월요일,서울특별시 동대문구 휘경동,중상사고,0,1,0,0,차대사람 - 횡단중,안전운전불이행,건조,맑음,단일로 - 기타,승용,여,38세,상해없음,보행자,여,69세,중상
2022121200100328,2022년 12월 12일 17시,월요일,서울특별시 서대문구 현저동,경상사고,0,0,1,0,차대사람 - 횡단중,보행자보호의무위반,건조,맑음,단일로 - 기타,승용,남,65세,상해없음,보행자,남,69세,경상
2022121200100332,2022년 12월 12일 17시,월요일,서울특별시 성동구 송정동,중상사고,0,1,0,0,차대사람 - 기타,안전운전불이행,건조,맑음,단일로 - 기타,승용,여,59세,상해없음,보행자,남,86세,중상
2022121200100397,2022년 12월 12일 18시,월요일,서울특별시 성북구 장위동,사망사고,1,0,0,0,차대사람 - 횡단중,신호위반,젖음/습기,비,교차로 - 교차로횡단보도내,이륜,남,29세,상해없음,보행자,여,74세,사망
2022121300100037,2022년 12월 13일 06시,화요일,서울특별시 강남구 역삼동,경상사고,0,0,1,0,차대사람 - 횡단중,보행자보호의무위반,건조,맑음,교차로 - 교차로횡단보도내,화물,남,54세,상해없음,보행자,여,83세,경상
2022121300100244,2022년 12월 13일 14시,화요일,서울특별시 동대문구 제기동,중상사고,0,1,0,0,차대사람 - 기타,안전운전불이행,건조,맑음,기타 - 기타,승용,남,76세,상해없음,보행자,여,83세,중상
2022121300100248,2022년 12월 13일 14시,화요일,서울특별시 강서구 등촌동,경상사고,0,0,4,1,차대차 - 측면충돌,안전운전불이행,건조,흐림,단일로 - 기타,승용,여,85세,부상신고,승용,남,58세,경상
2022121300100252,2022년 12월 13일 14시,화요일,서울특별시 노원구 상계동,중상사고,0,1,0,0,차대사람 - 기타,안전운전불이행,건조,맑음,기타 - 기타,승용,여,52세,상해없음,보행자,여,70세,중상
2022121300100302,2022년 12월 13일 16시,화요일,서울특별시 동대문구 회기동,부상신고사고,0,0,0,1,차대사람 - 차도통행중,안전운전불이행,해빙,눈,단일로 - 기타,승용,남,59세,기타불명,보행자,여,67세,부상신고
2022121300100390,2022년 12월 13일 18시,화요일,서울특별시 구로구 구로동,중상사고,0,1,0,0,차대사람 - 횡단중,교차로운행방법위반,젖음/습기,눈,교차로 - 교차로안,화물,남,36세,상해없음,보행자,여,66세,중상
2022121400100036,2022년 12월 14일 05시,수요일,서울특별시 관악구 신림동,사망사고,1,0,0,0,차대사람 - 횡단중,안전운전불이행,건조,맑음,교차로 - 교차로횡단보도내,승용,남,24세,상해없음,보행자,여,74세,사망
2022121400100180,2022년 12월 14일 10시,수요일,서울특별시 동대문구 전농동,중상사고,0,1,0,0,차대사람 - 횡단중,신호위반,기타,맑음,교차로 - 교차로부근,이륜,남,16세,기타불명,보행자,여,77세,중상
2022121400100184,2022년 12월 14일 10시,수요일,서울특별시 중랑구 상봉동,중상사고,0,1,0,0,차대사람 - 기타,안전운전불이행,건조,맑음,단일로 - 기타,승용,남,32세,상해없음,보행자,남,85세,중상
2022121400100186,2022년 12월 14일 10시,수요일,서울특별시 강남구 개포동,경상사고,0,0,1,0,차대사람 - 횡단중,보행자보호의무위반,건조,맑음,단일로 - 기타,승용,남,41세,상해없음,보행자,여,67세,경상
2022121400100245,2022년 12월 14일 12시,수요일,서울특별시 노원구 중계동,중상사고,0,1,0,0,차대사람 - 횡단중,안전운전불이행,건조,맑음,교차로 - 교차로안,승합,남,74세,상해없음,보행자,여,83세,중상
2022121400100322,2022년 12월 14일 14시,수요일,서울특별시 중랑구 상봉동,중상사고,0,1,0,0,차대사람 - 보도통행중,기타,건조,맑음,단일로 - 기타,자전거,남,46세,상해없음,보행자,여,76세,중상
2022121400100393,2022년 12월 14일 16시,수요일,서울특별시 금천구 독산동,사망사고,1,0,0,0,차대사람 - 기타,안전운전불이행,건조,흐림,단일로 - 기타,승합,남,52세,상해없음,보행자,여,77세,사망
2022121400100398,2022년 12월 14일 16시,수요일,서울특별시 구로구 오류동,중상사고,0,1,0,0,차대사람 - 횡단중,신호위반,건조,맑음,교차로 - 교차로횡단보도내,승용,남,58세,상해없음,보행자,여,65세,중상
2022121400100437,2022년 12월 14일 17시,수요일,서울특별시 동작구 노량진동,경상사고,0,0,1,0,차대사람 - 기타,안전운전불이행,건조,흐림,단일로 - 기타,승용,남,62세,상해없음,보행자,여,67세,경상
2022121400100556,2022년 12월 14일 19시,수요일,서울특별시 영등포구 영등포동4가,중상사고,0,1,0,0,차대사람 - 기타,안전운전불이행,건조,맑음,단일로 - 기타,승용,남,62세,상해없음,보행자,남,74세,중상
2022121500100032,2022년 12월 15일 03시,목요일,서울특별시 성동구 금호동3가,경상사고,0,0,1,0,차대사람 - 길가장자리구역통행중,안전운전불이행,건조,맑음,단일로 - 기타,화물,남,53세,상해없음,보행자,남,65세,경상
2022121500100480,2022년 12월 15일 19시,목요일,서울특별시 성동구 성수동1가,중상사고,0,1,0,0,차대사람 - 횡단중,안전운전불이행,서리/결빙,맑음,단일로 - 기타,승용,남,65세,상해없음,보행자,남,65세,중상
2022121500100518,2022년 12월 15일 21시,목요일,서울특별시 금천구 시흥동,중상사고,0,1,1,0,차대사람 - 기타,보행자보호의무위반,건조,맑음,교차로 - 교차로횡단보도내,승용,여,61세,상해없음,보행자,여,67세,중상
2022121600100037,2022년 12월 16일 04시,금요일,서울특별시 중랑구 중화동,중상사고,0,1,0,0,차대사람 - 기타,안전운전불이행,건조,기타,단일로 - 기타,기타불명,기타불명,미분류,기타불명,보행자,남,66세,중상
2022121600100059,2022년 12월 16일 07시,금요일,서울특별시 은평구 응암동,중상사고,0,1,0,0,차대사람 - 횡단중,보행자보호의무위반,건조,맑음,교차로 - 교차로횡단보도내,승용,남,30세,상해없음,보행자,남,73세,중상
2022121600100271,2022년 12월 16일 14시,금요일,서울특별시 동대문구 청량리동,중상사고,0,1,0,0,차대사람 - 차도통행중,안전운전불이행,건조,맑음,단일로 - 기타,화물,남,26세,상해없음,보행자,여,72세,중상
2022121600100300,2022년 12월 16일 15시,금요일,서울특별시 강남구 신사동,중상사고,0,1,0,0,차대사람 - 기타,안전운전불이행,건조,맑음,기타 - 기타,화물,남,35세,상해없음,보행자,남,86세,중상
2022121600100302,2022년 12월 16일 15시,금요일,서울특별시 서초구 양재동,중상사고,0,1,0,0,차대사람 - 횡단중,신호위반,건조,맑음,단일로 - 기타,승용,남,63세,상해없음,보행자,여,78세,중상
2022121700100020,2022년 12월 17일 01시,토요일,서울특별시 중랑구 망우동,경상사고,0,0,1,0,차대사람 - 차도통행중,안전운전불이행,건조,맑음,교차로 - 교차로횡단보도내,화물,남,66세,상해없음,보행자,남,67세,경상
2022121700100158,2022년 12월 17일 11시,토요일,서울특별시 성북구 동선동1가,중상사고,0,1,0,0,차대사람 - 기타,안전운전불이행,건조,맑음,단일로 - 기타,승용,여,24세,상해없음,보행자,여,84세,중상
2022121700100201,2022년 12월 17일 12시,토요일,서울특별시 동대문구 신설동,경상사고,0,0,1,0,차대사람 - 기타,안전운전불이행,건조,맑음,단일로 - 기타,승용,남,60세,상해없음,보행자,남,67세,경상
2022121700100211,2022년 12월 17일 12시,토요일,서울특별시 도봉구 창동,중상사고,0,1,0,0,차대사람 - 기타,안전운전불이행,건조,맑음,단일로 - 기타,승용,남,64세,상해없음,보행자,여,84세,중상
2022121700100233,2022년 12월 17일 13시,토요일,서울특별시 관악구 신림동,중상사고,0,1,0,0,차대사람 - 보도통행중,보행자보호의무위반,건조,맑음,교차로 - 교차로횡단보도내,승용,남,24세,상해없음,보행자,여,71세,중상
2022121800100069,2022년 12월 18일 08시,일요일,서울특별시 중구 황학동,중상사고,0,1,0,0,차대사람 - 기타,안전운전불이행,건조,맑음,교차로 - 교차로부근,이륜,남,32세,상해없음,보행자,여,67세,중상
2022121800100223,2022년 12월 18일 15시,일요일,서울특별시 양천구 목동,중상사고,0,1,0,0,차대사람 - 길가장자리구역통행중,안전운전불이행,건조,맑음,단일로 - 기타,승용,남,39세,상해없음,보행자,남,70세,중상
2022121800100360,2022년 12월 18일 20시,일요일,서울특별시 관악구 봉천동,경상사고,0,0,1,0,차대사람 - 차도통행중,안전운전불이행,서리/결빙,맑음,단일로 - 기타,이륜,남,32세,상해없음,보행자,남,70세,경상
2022121900100021,2022년 12월 19일 05시,월요일,서울특별시 양천구 목동,사망사고,1,0,0,0,차대사람 - 차도통행중,안전운전불이행,건조,맑음,단일로 - 기타,승용,남,50세,상해없음,보행자,여,65세,사망
2022121900100034,2022년 12월 19일 06시,월요일,서울특별시 동대문구 답십리동,중상사고,0,1,0,0,차대사람 - 기타,안전운전불이행,건조,맑음,교차로 - 교차로부근,화물,남,63세,상해없음,보행자,여,75세,중상
2022121900100038,2022년 12월 19일 06시,월요일,서울특별시 구로구 신도림동,중상사고,0,1,0,0,차대사람 - 횡단중,안전운전불이행,건조,맑음,교차로 - 교차로횡단보도내,승합,여,61세,상해없음,보행자,남,70세,중상
2022121900100082,2022년 12월 19일 08시,월요일,서울특별시 영등포구 영등포동6가,경상사고,0,0,1,0,차대사람 - 기타,안전운전불이행,건조,맑음,단일로 - 기타,화물,남,55세,상해없음,보행자,여,68세,경상
2022121900100127,2022년 12월 19일 09시,월요일,서울특별시 동작구 대방동,경상사고,0,0,1,0,차대사람 - 횡단중,안전운전불이행,건조,맑음,단일로 - 기타,승용,여,66세,상해없음,보행자,남,75세,경상
2022121900100162,2022년 12월 19일 10시,월요일,서울특별시 강동구 암사동,경상사고,0,0,1,0,차대사람 - 기타,안전운전불이행,건조,맑음,단일로 - 기타,승용,남,29세,상해없음,보행자,여,69세,경상
2022121900100163,2022년 12월 19일 10시,월요일,서울특별시 노원구 상계동,중상사고,0,1,0,0,차대사람 - 기타,신호위반,건조,맑음,교차로 - 교차로안,승합,남,68세,상해없음,보행자,여,79세,중상
2022121900100216,2022년 12월 19일 12시,월요일,서울특별시 서대문구 북가좌동,중상사고,0,1,0,0,차대사람 - 횡단중,안전운전불이행,건조,맑음,단일로 - 기타,화물,남,32세,상해없음,보행자,여,65세,중상
2022121900100293,2022년 12월 19일 14시,월요일,서울특별시 서초구 양재동,경상사고,0,0,1,0,차대사람 - 횡단중,보행자보호의무위반,건조,맑음,단일로 - 기타,승용,여,54세,상해없음,보행자,남,80세,경상
2022121900100353,2022년 12월 19일 16시,월요일,서울특별시 광진구 군자동,중상사고,0,1,0,0,차대사람 - 기타,안전운전불이행,서리/결빙,맑음,단일로 - 기타,승합,남,43세,상해없음,보행자,여,70세,중상
2022122000100167,2022년 12월 20일 10시,화요일,서울특별시 광진구 군자동,경상사고,0,0,1,0,차대사람 - 횡단중,안전운전불이행,건조,맑음,단일로 - 기타,이륜,남,69세,상해없음,보행자,여,83세,경상
2022122000100279,2022년 12월 20일 13시,화요일,서울특별시 서초구 서초동,경상사고,0,0,1,0,차대사람 - 차도통행중,안전운전불이행,건조,맑음,단일로 - 기타,승용,여,50세,상해없음,보행자,여,84세,경상
2022122000100483,2022년 12월 20일 18시,화요일,서울특별시 서초구 우면동,경상사고,0,0,1,0,차대사람 - 횡단중,안전운전불이행,건조,맑음,교차로 - 교차로안,승용,여,37세,상해없음,보행자,여,65세,경상
2022122000100654,2022년 12월 20일 23시,화요일,서울특별시 동작구 사당동,경상사고,0,0,1,0,차대사람 - 차도통행중,안전운전불이행,건조,맑음,단일로 - 기타,승용,남,55세,상해없음,보행자,남,74세,경상
2022122100100310,2022년 12월 21일 16시,수요일,서울특별시 성북구 정릉동,경상사고,0,0,1,0,차대사람 - 기타,안전운전불이행,건조,맑음,단일로 - 기타,승용,여,73세,상해없음,보행자,남,74세,경상
2022122100100312,2022년 12월 21일 16시,수요일,서울특별시 동대문구 답십리동,경상사고,0,0,1,0,차대사람 - 기타,안전운전불이행,건조,맑음,단일로 - 기타,승합,남,67세,상해없음,보행자,남,75세,경상
2022122100100336,2022년 12월 21일 17시,수요일,서울특별시 관악구 봉천동,사망사고,1,0,8,0,차대사람 - 기타,안전운전불이행,건조,맑음,교차로 - 교차로부근,화물,남,66세,사망,보행자,남,51세,경상
2022122100100339,2022년 12월 21일 17시,수요일,서울특별시 은평구 갈현동,경상사고,0,0,1,0,차대사람 - 횡단중,안전운전불이행,건조,맑음,교차로 - 교차로안,이륜,남,17세,상해없음,보행자,여,79세,경상
2022122200100227,2022년 12월 22일 13시,목요일,서울특별시 서초구 우면동,경상사고,0,0,1,0,차대사람 - 횡단중,신호위반,건조,맑음,교차로 - 교차로횡단보도내,승용,남,56세,상해없음,보행자,여,69세,경상
2022122200100374,2022년 12월 22일 18시,목요일,서울특별시 영등포구 영등포동8가,경상사고,0,0,1,0,차대사람 - 기타,안전운전불이행,건조,맑음,단일로 - 기타,승용,여,38세,상해없음,보행자,여,72세,경상
2022122200100466,2022년 12월 22일 20시,목요일,서울특별시 은평구 응암동,경상사고,0,0,1,0,차대사람 - 차도통행중,안전운전불이행,건조,맑음,단일로 - 기타,승용,남,56세,상해없음,보행자,남,67세,경상
2022122300100128,2022년 12월 23일 10시,금요일,서울특별시 영등포구 대림동,중상사고,0,1,0,0,차대사람 - 횡단중,보행자보호의무위반,건조,맑음,교차로 - 교차로안,자전거,여,54세,상해없음,보행자,여,79세,중상
2022122300100129,2022년 12월 23일 10시,금요일,서울특별시 금천구 시흥동,경상사고,0,0,1,0,차대사람 - 횡단중,안전운전불이행,건조,맑음,단일로 - 기타,이륜,남,55세,상해없음,보행자,여,69세,경상
2022122300100152,2022년 12월 23일 11시,금요일,서울특별시 동대문구 장안동,경상사고,0,0,1,0,차대사람 - 기타,안전운전불이행,건조,맑음,교차로 - 교차로안,승용,남,77세,상해없음,보행자,여,74세,경상
2022122300100158,2022년 12월 23일 11시,금요일,서울특별시 은평구 불광동,경상사고,0,0,1,0,차대사람 - 길가장자리구역통행중,안전운전불이행,젖음/습기,맑음,교차로 - 교차로부근,승용,남,35세,상해없음,보행자,여,71세,경상
2022122300100337,2022년 12월 23일 17시,금요일,서울특별시 서초구 우면동,경상사고,0,0,1,0,차대사람 - 횡단중,보행자보호의무위반,서리/결빙,맑음,교차로 - 교차로횡단보도내,승용,여,36세,상해없음,보행자,여,75세,경상
2022122300100375,2022년 12월 23일 18시,금요일,서울특별시 중랑구 중화동,중상사고,0,1,0,0,차대사람 - 길가장자리구역통행중,안전운전불이행,건조,맑음,단일로 - 기타,승용,남,40세,상해없음,보행자,남,68세,중상
2022122300100469,2022년 12월 23일 20시,금요일,서울특별시 동대문구 용두동,경상사고,0,0,1,0,차대사람 - 차도통행중,안전운전불이행,건조,맑음,단일로 - 기타,이륜,남,32세,기타불명,보행자,남,73세,경상
2022122400100056,2022년 12월 24일 06시,토요일,서울특별시 강북구 수유동,중상사고,0,1,0,0,차대사람 - 횡단중,보행자보호의무위반,건조,맑음,교차로 - 교차로횡단보도내,화물,남,22세,상해없음,보행자,남,69세,중상
2022122400100202,2022년 12월 24일 13시,토요일,서울특별시 마포구 신수동,중상사고,0,1,0,0,차대사람 - 차도통행중,안전운전불이행,젖음/습기,맑음,교차로 - 교차로부근,화물,남,59세,상해없음,보행자,여,79세,중상
2022122400100283,2022년 12월 24일 15시,토요일,서울특별시 강동구 길동,중상사고,0,1,0,0,차대사람 - 횡단중,안전운전불이행,건조,맑음,교차로 - 교차로안,승용,남,27세,상해없음,보행자,여,70세,중상
2022122400100450,2022년 12월 24일 19시,토요일,서울특별시 동작구 상도동,경상사고,0,0,1,0,차대사람 - 횡단중,보행자보호의무위반,건조,맑음,교차로 - 교차로부근,승용,남,25세,상해없음,보행자,남,66세,경상
2022122500100075,2022년 12월 25일 10시,일요일,서울특별시 마포구 신공덕동,경상사고,0,0,1,0,차대사람 - 길가장자리구역통행중,안전운전불이행,건조,맑음,단일로 - 기타,승용,여,51세,상해없음,보행자,남,74세,경상
2022122500100158,2022년 12월 25일 14시,일요일,서울특별시 송파구 문정동,중상사고,0,1,0,0,차대사람 - 길가장자리구역통행중,안전운전불이행,건조,맑음,단일로 - 기타,화물,남,58세,상해없음,보행자,남,77세,중상
2022122500100269,2022년 12월 25일 18시,일요일,서울특별시 광진구 자양동,중상사고,0,1,0,0,차대사람 - 기타,안전운전불이행,건조,맑음,단일로 - 기타,승합,남,68세,상해없음,보행자,남,67세,중상
2022122600100030,2022년 12월 26일 06시,월요일,서울특별시 동대문구 신설동,중상사고,0,1,0,0,차대사람 - 횡단중,안전운전불이행,건조,맑음,단일로 - 기타,승용,남,81세,상해없음,보행자,남,82세,중상
2022122600100031,2022년 12월 26일 06시,월요일,서울특별시 동작구 흑석동,중상사고,0,1,0,0,차대사람 - 횡단중,보행자보호의무위반,건조,맑음,교차로 - 교차로횡단보도내,승용,여,61세,상해없음,보행자,여,80세,중상
2022122600100149,2022년 12월 26일 10시,월요일,서울특별시 동작구 상도동,중상사고,0,1,0,0,차대사람 - 기타,안전운전불이행,건조,맑음,단일로 - 기타,승합,남,51세,상해없음,보행자,여,82세,중상
2022122600100151,2022년 12월 26일 10시,월요일,서울특별시 송파구 문정동,경상사고,0,0,1,0,차대사람 - 기타,안전운전불이행,건조,기타,단일로 - 기타,화물,남,39세,상해없음,보행자,여,71세,경상
2022122600100173,2022년 12월 26일 11시,월요일,서울특별시 중랑구 상봉동,사망사고,1,0,0,0,차대사람 - 횡단중,보행자보호의무위반,건조,맑음,교차로 - 교차로안,이륜,남,60세,상해없음,보행자,남,66세,사망
2022122600100213,2022년 12월 26일 12시,월요일,서울특별시 강남구 논현동,중상사고,0,1,0,0,차대사람 - 기타,안전운전불이행,건조,맑음,기타 - 기타,화물,남,58세,상해없음,보행자,남,66세,중상
2022122600100260,2022년 12월 26일 14시,월요일,서울특별시 중랑구 묵동,경상사고,0,0,1,0,차대사람 - 횡단중,신호위반,건조,맑음,교차로 - 교차로횡단보도내,승용,남,74세,상해없음,보행자,남,67세,경상
2022122600100345,2022년 12월 26일 17시,월요일,서울특별시 강동구 명일동,중상사고,0,1,0,0,차대사람 - 차도통행중,보행자보호의무위반,건조,맑음,단일로 - 기타,승용,남,39세,상해없음,보행자,여,75세,중상
2022122700100028,2022년 12월 27일 03시,화요일,서울특별시 강서구 외발산동,경상사고,0,0,1,0,차대사람 - 기타,안전운전불이행,건조,맑음,단일로 - 기타,승용,남,48세,상해없음,보행자,남,65세,경상
2022122700100229,2022년 12월 27일 12시,화요일,서울특별시 강동구 명일동,중상사고,0,1,0,0,차대사람 - 차도통행중,안전운전불이행,건조,맑음,단일로 - 기타,화물,남,63세,상해없음,보행자,여,83세,중상
2022122700100309,2022년 12월 27일 15시,화요일,서울특별시 송파구 방이동,부상신고사고,0,0,0,1,차대사람 - 차도통행중,신호위반,건조,맑음,교차로 - 교차로안,화물,남,64세,상해없음,보행자,남,68세,부상신고
2022122700100342,2022년 12월 27일 16시,화요일,서울특별시 동대문구 제기동,경상사고,0,0,1,0,차대사람 - 차도통행중,안전운전불이행,건조,맑음,단일로 - 기타,승용,남,61세,상해없음,보행자,남,73세,경상
2022122700100345,2022년 12월 27일 16시,화요일,서울특별시 강서구 화곡동,부상신고사고,0,0,0,1,차대사람 - 기타,안전운전불이행,건조,맑음,교차로 - 교차로안,승용,남,44세,상해없음,보행자,여,80세,부상신고
2022122800100056,2022년 12월 28일 07시,수요일,서울특별시 강동구 성내동,중상사고,0,1,0,0,차대사람 - 기타,안전운전불이행,건조,맑음,단일로 - 기타,화물,남,45세,상해없음,보행자,남,82세,중상
2022122800100116,2022년 12월 28일 09시,수요일,서울특별시 서초구 양재동,사망사고,1,0,0,0,차대사람 - 차도통행중,안전운전불이행,건조,맑음,교차로 - 교차로안,승용,남,51세,상해없음,보행자,여,84세,사망
2022122800100187,2022년 12월 28일 12시,수요일,서울특별시 동대문구 휘경동,경상사고,0,0,1,0,차대사람 - 횡단중,안전운전불이행,건조,맑음,기타 - 기타,승용,남,21세,상해없음,보행자,여,71세,경상
2022122800100225,2022년 12월 28일 13시,수요일,서울특별시 동대문구 제기동,중상사고,0,1,0,0,차대사람 - 차도통행중,안전운전불이행,건조,맑음,단일로 - 기타,승용,여,69세,상해없음,보행자,여,81세,중상
2022122800100228,2022년 12월 28일 13시,수요일,서울특별시 동작구 노량진동,중상사고,0,1,0,0,차대사람 - 횡단중,신호위반,건조,맑음,단일로 - 기타,승용,여,71세,상해없음,보행자,여,68세,중상
2022122900100060,2022년 12월 29일 07시,목요일,서울특별시 구로구 신도림동,경상사고,0,0,1,0,차대사람 - 기타,안전운전불이행,건조,맑음,주차장 - 주차장,승용,남,53세,상해없음,보행자,여,71세,경상
2022122900100080,2022년 12월 29일 08시,목요일,서울특별시 강북구 미아동,중상사고,0,1,0,0,차대사람 - 횡단중,신호위반,건조,맑음,단일로 - 기타,원동기,남,29세,상해없음,보행자,여,68세,중상
2022122900100188,2022년 12월 29일 12시,목요일,서울특별시 금천구 시흥동,중상사고,0,1,0,0,차대사람 - 횡단중,신호위반,건조,맑음,교차로 - 교차로횡단보도내,승용,남,82세,상해없음,보행자,여,66세,중상
2022122900100191,2022년 12월 29일 12시,목요일,서울특별시 송파구 석촌동,중상사고,0,1,0,0,차대사람 - 횡단중,안전운전불이행,건조,맑음,교차로 - 교차로안,승용,남,72세,상해없음,보행자,여,87세,중상
2022122900100193,2022년 12월 29일 12시,목요일,서울특별시 양천구 목동,경상사고,0,0,1,0,차대사람 - 횡단중,보행자보호의무위반,건조,맑음,교차로 - 교차로안,화물,남,56세,상해없음,보행자,여,71세,경상
2022122900100259,2022년 12월 29일 14시,목요일,서울특별시 강북구 수유동,경상사고,0,0,1,0,차대사람 - 횡단중,안전운전불이행,건조,맑음,기타 - 기타,화물,남,45세,상해없음,보행자,여,84세,경상
2022122900100331,2022년 12월 29일 16시,목요일,서울특별시 동대문구 회기동,경상사고,0,0,1,0,차대사람 - 기타,보행자보호의무위반,건조,맑음,교차로 - 교차로횡단보도내,승용,남,70세,상해없음,보행자,여,73세,경상
2022122900100485,2022년 12월 29일 19시,목요일,서울특별시 서대문구 홍제동,중상사고,0,1,0,0,차대사람 - 횡단중,보행자보호의무위반,건조,맑음,교차로 - 교차로횡단보도내,승용,여,35세,상해없음,보행자,여,72세,중상
2022123000100235,2022년 12월 30일 13시,금요일,서울특별시 은평구 역촌동,중상사고,0,1,0,0,차대사람 - 기타,안전운전불이행,건조,맑음,단일로 - 기타,승용,남,78세,상해없음,보행자,여,74세,중상
2022123000100236,2022년 12월 30일 13시,금요일,서울특별시 동대문구 답십리동,중상사고,0,1,0,0,차대사람 - 기타,안전운전불이행,건조,맑음,단일로 - 기타,화물,남,47세,상해없음,보행자,여,83세,중상
2022123000100322,2022년 12월 30일 15시,금요일,서울특별시 성북구 정릉동,경상사고,0,0,1,0,차대사람 - 횡단중,안전운전불이행,건조,맑음,교차로 - 교차로부근,승용,남,63세,상해없음,보행자,남,65세,경상
2022123000100323,2022년 12월 30일 15시,금요일,서울특별시 동작구 상도동,중상사고,0,1,0,0,차대사람 - 길가장자리구역통행중,안전운전불이행,건조,맑음,교차로 - 교차로안,승용,남,62세,상해없음,보행자,남,69세,중상
2022123000100421,2022년 12월 30일 17시,금요일,서울특별시 성동구 응봉동,중상사고,0,1,0,0,차대사람 - 횡단중,보행자보호의무위반,건조,맑음,교차로 - 교차로횡단보도내,화물,남,44세,상해없음,보행자,여,68세,중상
2022123000100627,2022년 12월 30일 21시,금요일,서울특별시 송파구 삼전동,경상사고,0,0,1,0,차대사람 - 차도통행중,안전운전불이행,건조,맑음,단일로 - 기타,개인형이동수단(PM),남,32세,상해없음,보행자,여,71세,경상
2022123100100067,2022년 12월 31일 04시,토요일,서울특별시 마포구 성산동,중상사고,0,1,0,0,차대사람 - 횡단중,안전운전불이행,건조,맑음,단일로 - 기타,승용,남,58세,상해없음,보행자,여,65세,중상
2022123100100071,2022년 12월 31일 04시,토요일,서울특별시 강서구 가양동,중상사고,0,1,0,0,차대사람 - 횡단중,신호위반,건조,맑음,교차로 - 교차로안,승용,남,70세,상해없음,보행자,남,77세,중상
2022123100100155,2022년 12월 31일 11시,토요일,서울특별시 동대문구 장안동,중상사고,0,1,0,0,차대사람 - 차도통행중,안전운전불이행,건조,맑음,단일로 - 기타,승합,남,55세,상해없음,보행자,남,71세,중상
2022123100100262,2022년 12월 31일 14시,토요일,서울특별시 강서구 가양동,중상사고,0,1,0,0,차대사람 - 차도통행중,신호위반,건조,맑음,단일로 - 기타,이륜,남,41세,상해없음,보행자,남,74세,중상
2022123100100290,2022년 12월 31일 15시,토요일,서울특별시 영등포구 당산동5가,경상사고,0,0,1,0,차대사람 - 차도통행중,안전운전불이행,건조,맑음,단일로 - 기타,승용,남,58세,상해없음,보행자,여,74세,경상